{"0": {"MSE": {"fan power meter": 4304.849863800314, "coil outlet air temperature sensor": 0.4100779692945359, "coil outlet water temperature sensor": 0.968639534145091}, "RMSE": {"fan power meter": 65.61135468651987, "coil outlet air temperature sensor": 0.6403733046392048, "coil outlet water temperature sensor": 0.9841948659412377}, "n_obj_eval": 59, "coil": [1.3828873639312627, 10.011767960502526, 45.31549455721288, 30.161546586199638, 59.75, 10138.17296645354], "valve": [0.7477220712345667, 2.9352769160744168], "fan": [0.09439975384470116, -0.17836564325125118, 1.436225227385827, -0.749358912310634]}, "1": {"MSE": {"fan power meter": 4253.693751141838, "coil outlet air temperature sensor": 0.31970310297292975, "coil outlet water temperature sensor": 0.6672371937568041}, "RMSE": {"fan power meter": 65.2203476772536, "coil outlet air temperature sensor": 0.5654229416754593, "coil outlet water temperature sensor": 0.8168458812755343}, "n_obj_eval": 72, "coil": [1.4252654003126877, 9.995637993845198, 47.0105038118462, 30.106194226860037, 59.75, 6043.438662572938], "valve": [0.7574470183778736, 3.2400794885155837], "fan": [0.0936012969796918, -0.12192438989964867, 1.2021802493195046, -0.49718701238429214]}}