{"0": {"MSE": {"fan power meter": 10222.498606980045, "coil outlet air temperature sensor": 0.30765525852775466, "coil outlet water temperature sensor": 0.17695939904273905}, "RMSE": {"fan power meter": 101.10637273179196, "coil outlet air temperature sensor": 0.5546667995542501, "coil outlet water temperature sensor": 0.420665424111299}, "n_obj_eval": 105, "coil": [1.3902545564314055, 9.585117193711275, 45.567801204842986, 29.163241220159424, 55.21689093068205, 6421.872149831064], "valve": [0.5173700235125149, 4.912856754061418], "fan": [0.039364465248526596, 0.3608678005362559, -0.24648758553661, 0.7405206755138682]}, "1": {"MSE": {"fan power meter": 7045.4915017022295, "coil outlet air temperature sensor": 0.46564176722013223, "coil outlet water temperature sensor": 0.7562678480279401}, "RMSE": {"fan power meter": 83.93742610839476, "coil outlet air temperature sensor": 0.6823794891555082, "coil outlet water temperature sensor": 0.8696366183803095}, "n_obj_eval": 76, "coil": [1.344294302141399, 10.18403230026171, 43.77176456760781, 31.150707817532542, 59.75, 2406.0477649298223], "valve": [0.5343283427064247, 1.7156293183569375], "fan": [0.07833491626785144, 0.05265208965089082, 0.5241936485346207, 0.14832868371156185]}, "2": {"MSE": {"fan power meter": 6321.8370366702575, "coil outlet air temperature sensor": 0.42470257208609785, "coil outlet water temperature sensor": 0.3643877794880138}, "RMSE": {"fan power meter": 79.50998073619598, "coil outlet air temperature sensor": 0.6516920837988581, "coil outlet water temperature sensor": 0.603645408735968}, "n_obj_eval": 103, "coil": [1.3153290926819117, 9.658339551337509, 42.61264340776089, 29.372490217082287, 59.75000000000001, 16207.159070239288], "valve": [0.6168231722306214, 3.897938482638435], "fan": [0.07965596401980449, 0.04860221760371954, 0.5397492431049873, 0.13282859280796128]}, "3": {"MSE": {"fan power meter": 5974.853055255816, "coil outlet air temperature sensor": 0.2681064870875582, "coil outlet water temperature sensor": 0.38744103402418606}, "RMSE": {"fan power meter": 77.2971736563234, "coil outlet air temperature sensor": 0.517790002884913, "coil outlet water temperature sensor": 0.6224476154859829}, "n_obj_eval": 181, "coil": [1.3497914744422939, 9.466449075871104, 43.96549292215139, 28.996106226713078, 10.249999999999993, 5804.797427884724], "valve": [0.5949239563847276, 3.915261747771352], "fan": [0.08012296338544429, 0.035885141450869386, 0.5943953761628686, 0.07919609449177378]}, "4": {"MSE": {"fan power meter": 6376.851266173438, "coil outlet air temperature sensor": 1.0980436299257326, "coil outlet water temperature sensor": 2.542091750253124}, "RMSE": {"fan power meter": 79.85518935030733, "coil outlet air temperature sensor": 1.0478757702732384, "coil outlet water temperature sensor": 1.594393850418749}, "n_obj_eval": 66, "coil": [1.359312410859031, 10.116369842713887, 44.37249643436383, 30.698148638947384, 10.25, 9446.883650152553], "valve": [0.9980106839076498, 0.9636452546590216], "fan": [0.07573983980446264, 0.07312683302360777, 0.49811697692597695, 0.14963554571653107]}}