{"0": {"MSE": {"fan power meter": 6099.090356343149, "coil outlet air temperature sensor": 0.45969947840036496, "coil outlet water temperature sensor": 0.09505439767287802}, "RMSE": {"fan power meter": 78.09667314516764, "coil outlet air temperature sensor": 0.6780114146534444, "coil outlet water temperature sensor": 0.30830893219768707}, "n_obj_eval": 396, "coil": [0.6543380881752733, 9.592879166566568, 196.08488365167395, 1.020243682310005, 109.08786897384071, 3849.300416059349], "valve": [0.5049767874601391, 3.544569811071155], "fan": [0.1065726149170655, -0.19653674120102227, 1.350534652104392, -0.5573962594049795, 0.005045699916431291, 0.999996672885013]}}