{"0": {"MSE": {"fan power meter": 6353.994611257881, "coil outlet air temperature sensor": 0.4289581186671562, "coil outlet water temperature sensor": 0.316024880412366}, "RMSE": {"fan power meter": 79.71194773218053, "coil outlet air temperature sensor": 0.6549489435575542, "coil outlet water temperature sensor": 0.562160902600284}, "n_obj_eval": 235, "coil": [1.9899704662418503, 50561.94890743676, 0.9167114185690249, 3.7805494097667918, 324.39561490513705, 283.9703936086541], "valve": [0.5000096361278896, 3.364968678853569], "fan": [0.10289774003212876, -0.14549471478388504, 1.166104288903245, -0.36451275306402825]}, "1": {"MSE": {"fan power meter": 5452.951066491068, "coil outlet air temperature sensor": 0.4006062500271987, "coil outlet water temperature sensor": 0.3745594418756883}, "RMSE": {"fan power meter": 73.84409974054168, "coil outlet air temperature sensor": 0.6329346332973087, "coil outlet water temperature sensor": 0.612012615781479}, "n_obj_eval": 229, "coil": [0.807144489531226, 91308.72755392671, 1.845403799502442, 7.610594387010491, 318.72232633264736, 285.03882151355833], "valve": [0.5000019148400816, 6.531213124733838], "fan": [0.09907446192893059, -0.14642131656041357, 1.2216606884149943, -0.4462586124186956]}, "2": {"MSE": {"fan power meter": 4263.797221817609, "coil outlet air temperature sensor": 0.4033555967228538, "coil outlet water temperature sensor": 0.36702414247866194}, "RMSE": {"fan power meter": 65.2977581683905, "coil outlet air temperature sensor": 0.6351028237402616, "coil outlet water temperature sensor": 0.6058251748472178}, "n_obj_eval": 374, "coil": [0.5883631887753689, 0.9763202341098213, 4.2714229065110825, 0.39374465152266164], "valve": [0.5000000000000001, 6.464050533795787], "fan": [0.1131161925797424, -0.2952697133112617, 1.706158998442347, -0.9999999850986591]}, "3": {"MSE": {"fan power meter": 4255.409208644136, "coil outlet air temperature sensor": 0.370447040660815, "coil outlet water temperature sensor": 0.34232183284768514}, "RMSE": {"fan power meter": 65.23349759628205, "coil outlet air temperature sensor": 0.6086436072619305, "coil outlet water temperature sensor": 0.5850827572640345}, "n_obj_eval": 196, "coil": [1.1042767758585197, 0.7221467249523129, 3.2642424186039496, 0.3867524465153324], "valve": [0.5000000000147463, 5.790769155830685], "fan": [0.11380320183653438, -0.3000959030374407, 1.7138200021085084, -0.9999998375069584]}}