{"0": {"MSE": {"fan power meter": 4316.569693715781, "coil outlet air temperature sensor": 2.012665856086767, "coil outlet water temperature sensor": 5.0514774697916955}, "RMSE": {"fan power meter": 65.7006064942766, "coil outlet air temperature sensor": 1.418684551296294, "coil outlet water temperature sensor": 2.2475492140978126}, "n_obj_eval": 97, "coil": [1.3472730037290601, 10.215679230902612, 43.8898571697881, 31.308533159628908, 15.823635413425137, 4974.5956088092125], "valve": [0.9952503062849755, 0.5014760229565861], "fan": [0.09174040130087835, -0.1515552751848035, 1.3530370901846704, -0.6693295356649999]}, "1": {"MSE": {"fan power meter": 4250.116014453299, "coil outlet air temperature sensor": 0.5417282478456953, "coil outlet water temperature sensor": 0.32787364241679284}, "RMSE": {"fan power meter": 65.19291383619311, "coil outlet air temperature sensor": 0.7360219071778334, "coil outlet water temperature sensor": 0.5726025169494043}, "n_obj_eval": 92, "coil": [1.3482790125468005, 10.082730957730107, 43.93113561676096, 30.768526300530553, 10.249999999999993, 17422.912476180332], "valve": [0.5210803826232518, 4.165600012651906], "fan": [0.09587083617581055, -0.14458201451549707, 1.2707243432449213, -0.5612414136198104]}}