{"0": {"MSE": {"fan power meter": 10246.00649728499, "coil outlet air temperature sensor": 0.5071399279811557, "coil outlet water temperature sensor": 0.3888452216117149}, "RMSE": {"fan power meter": 101.22255923105773, "coil outlet air temperature sensor": 0.7121375765827526, "coil outlet water temperature sensor": 0.6235745517672405}, "n_obj_eval": 105, "coil": [0.6666666666666666, 94999.06394213992, 5.072226833336906, 4.513479396460745, 318.3904551262937, 283.6178399600875], "valve": [0.5009500113983054, 2.6936113716842445], "fan": [0.03877311773366617, 0.3657290368825402, -0.2581510185118214, 0.7490561356069328]}, "1": {"MSE": {"fan power meter": 7150.818474831111, "coil outlet air temperature sensor": 0.36818957004330943, "coil outlet water temperature sensor": 0.3251071017772524}, "RMSE": {"fan power meter": 84.56251223107738, "coil outlet air temperature sensor": 0.6067862638881252, "coil outlet water temperature sensor": 0.5701816392845813}, "n_obj_eval": 106, "coil": [0.6666666666666666, 94849.56580609357, 3.155015403974226, 4.8536474659446975, 333.075, 292.94312237357883], "valve": [0.6726972513157798, 4.4590307527481405], "fan": [0.07447933623135394, 0.08408335742045543, 0.44589383886340217, 0.20869671197584433]}, "2": {"MSE": {"fan power meter": 6320.989659936593, "coil outlet air temperature sensor": 0.36235990062904866, "coil outlet water temperature sensor": 0.3239794858701086}, "RMSE": {"fan power meter": 79.50465181319011, "coil outlet air temperature sensor": 0.6019633715011642, "coil outlet water temperature sensor": 0.5691919587187688}, "n_obj_eval": 149, "coil": [0.6666666666666666, 95025.44342045643, 2.666192646141046, 4.386596446723673, 333.025, 288.4885663187946], "valve": [0.5004793549711029, 3.787975770641899], "fan": [0.07972550901392035, 0.047957669427078915, 0.541451574697396, 0.13148109907628533]}, "3": {"MSE": {"fan power meter": 5866.831279798836, "coil outlet air temperature sensor": 0.665385248806967, "coil outlet water temperature sensor": 0.40362209383010306}, "RMSE": {"fan power meter": 76.59524319302626, "coil outlet air temperature sensor": 0.8157114985133942, "coil outlet water temperature sensor": 0.6353125953655437}, "n_obj_eval": 107, "coil": [0.6666666666666666, 94832.99148800776, 5.605281730187642, 5.62720427493642, 332.253764190397, 289.6623331998036], "valve": [0.5000147095637502, 3.9218732972811887], "fan": [0.0864864102237096, -0.02297734034364192, 0.7520446770205943, -0.04764394451084262]}, "4": {"MSE": {"fan power meter": 6928.903714743194, "coil outlet air temperature sensor": 0.4075339864732285, "coil outlet water temperature sensor": 0.5314883759187352}, "RMSE": {"fan power meter": 83.24003672958821, "coil outlet air temperature sensor": 0.6383838864454745, "coil outlet water temperature sensor": 0.7290324930472819}, "n_obj_eval": 111, "coil": [0.6666666666666666, 94763.69912122801, 3.258907111505625, 5.1830435713834015, 326.2181603335928, 293.09999999999997], "valve": [0.7876021065180484, 3.189917779420918], "fan": [0.05299819976070382, 0.28106115862488507, -0.05356296307725693, 0.5912336186623772]}}