{"0": {"MSE": {"fan power meter": 4323.817761869925, "coil outlet air temperature sensor": 0.3671754093456911, "coil outlet water temperature sensor": 1.1503640566656588}, "RMSE": {"fan power meter": 65.75574318544294, "coil outlet air temperature sensor": 0.605950005648726, "coil outlet water temperature sensor": 1.0725502583402136}, "n_obj_eval": 61, "coil": [1.449404824876612, 9.979559568004593, 47.756940578746054, 30.071396236213065, 10.249999999999993, 4789.31251407351], "valve": [0.7313180183281472, 2.2967030891160447], "fan": [0.09050014446664166, -0.13932221779366477, 1.315932764564332, -0.6343101540859082]}}