{"0": {"MSE": {"fan power meter": 4284.024779330214, "coil outlet air temperature sensor": 0.16996175809056438, "coil outlet water temperature sensor": 0.37670439257514904}, "RMSE": {"fan power meter": 65.4524619806636, "coil outlet air temperature sensor": 0.41226418482638577, "coil outlet water temperature sensor": 0.61376248873253}, "n_obj_eval": 68, "coil": [1.3179996052376983, 10.347762612746962, 41.76832341112404, 32.16510823870321, 59.75000000000001, 2371.7318227106566], "valve": [0.5001775977758925, 4.9989162003613865], "fan": [0.09919992927839076, -0.22461951706399538, 1.5729493050043521, -0.8754707271407609]}, "1": {"MSE": {"fan power meter": 4252.05693724956, "coil outlet air temperature sensor": 0.2711815440355253, "coil outlet water temperature sensor": 0.5677827997610811}, "RMSE": {"fan power meter": 65.20779813219858, "coil outlet air temperature sensor": 0.5207509424240395, "coil outlet water temperature sensor": 0.753513636081711}, "n_obj_eval": 67, "coil": [1.4739488782688785, 9.882457430343262, 48.93914724871865, 29.774036430975617, 59.74999999999999, 3763.6860969697323], "valve": [0.6292326875109582, 2.692840883979162], "fan": [0.09449884200135365, -0.1308189121288364, 1.2288645545879333, -0.521941997605471]}, "2": {"MSE": {"fan power meter": 4360.247893087787, "coil outlet air temperature sensor": 0.5156171564349059, "coil outlet water temperature sensor": 1.7485802759752669}, "RMSE": {"fan power meter": 66.03217316647837, "coil outlet air temperature sensor": 0.7180648692387798, "coil outlet water temperature sensor": 1.3223389414122488}, "n_obj_eval": 67, "coil": [1.399569344471352, 10.119531180238333, 45.982770898759284, 30.71692453452998, 59.75, 7793.996750508527], "valve": [0.9087610489099113, 2.0328587687065185], "fan": [0.09145326575879054, -0.09800662402122559, 1.141803481804887, -0.45245564635952296]}, "3": {"MSE": {"fan power meter": 4074.41789862095, "coil outlet air temperature sensor": 0.6725227530556984, "coil outlet water temperature sensor": 0.23727078600294058}, "RMSE": {"fan power meter": 63.83116714130292, "coil outlet air temperature sensor": 0.8200748460083984, "coil outlet water temperature sensor": 0.48710449187308935}, "n_obj_eval": 72, "coil": [1.4214958112154383, 9.92909290732788, 46.859831536841824, 29.93819267594974, 32.704840314860775, 16862.049161512798], "valve": [0.5653330997515075, 4.6106712759905335], "fan": [0.1009816496724227, -0.18516939679915667, 1.3821414132597458, -0.6894227846094282]}, "4": {"MSE": {"fan power meter": 4112.751749010995, "coil outlet air temperature sensor": 0.4652031458439944, "coil outlet water temperature sensor": 1.5779989306067113}, "RMSE": {"fan power meter": 64.13073950151359, "coil outlet air temperature sensor": 0.6820580223441364, "coil outlet water temperature sensor": 1.2561842741440092}, "n_obj_eval": 113, "coil": [1.3504094643096876, 10.132197176686175, 44.0163413119502, 30.79228010056216, 59.75, 8342.129144610024], "valve": [0.8864311266599401, 2.1858314593529284], "fan": [0.11027112561668724, -0.2835401231613977, 1.6915294797136728, -0.987087939980937]}}