{"0": {"MSE": {"fan power meter": 10246.005285015464, "coil outlet air temperature sensor": 0.5479934629768676, "coil outlet water temperature sensor": 0.3496441341891178}, "RMSE": {"fan power meter": 101.22255324291847, "coil outlet air temperature sensor": 0.7402658056244849, "coil outlet water temperature sensor": 0.5913071403163653}, "n_obj_eval": 90, "coil": [1.9999994834249215, 11915.171199961695], "valve": [0.5000000881718476, 2.6979032399798757], "fan": [0.038773118132518346, 0.3657290370448132, -0.2581510226757446, 0.7490561548672529]}, "1": {"MSE": {"fan power meter": 7037.542062818479, "coil outlet air temperature sensor": 0.3716405571185782, "coil outlet water temperature sensor": 0.31879574715631986}, "RMSE": {"fan power meter": 83.89005938022979, "coil outlet air temperature sensor": 0.6096232911549379, "coil outlet water temperature sensor": 0.5646200024408627}, "n_obj_eval": 108, "coil": [1.9999799737797015, 20348.859632447737], "valve": [0.5000000023057821, 3.708869599612976], "fan": [0.0797253898297612, 0.040127825255682155, 0.5562608707991671, 0.12365652421057918]}, "2": {"MSE": {"fan power meter": 6320.988917615066, "coil outlet air temperature sensor": 0.36316748757678236, "coil outlet water temperature sensor": 0.3172837972225324}, "RMSE": {"fan power meter": 79.50464714477428, "coil outlet air temperature sensor": 0.6026337922625833, "coil outlet water temperature sensor": 0.5632795018661094}, "n_obj_eval": 81, "coil": [1.988302923589888, 21043.36835063707], "valve": [0.5000000000024474, 3.7931456777995987], "fan": [0.07972551014015686, 0.04795766022175726, 0.5414515973051136, 0.1314810966930886]}, "3": {"MSE": {"fan power meter": 5865.35931849027, "coil outlet air temperature sensor": 0.35197764410852683, "coil outlet water temperature sensor": 0.3159036367110911}, "RMSE": {"fan power meter": 76.585633891026, "coil outlet air temperature sensor": 0.5932770382448042, "coil outlet water temperature sensor": 0.5620530550678389}, "n_obj_eval": 90, "coil": [1.9988318024887726, 22250.71609409487], "valve": [0.5000001659363219, 3.9498030776274833], "fan": [0.08658042370723755, -0.023848027901507453, 0.7543796221396251, -0.04952462373321546]}, "4": {"MSE": {"fan power meter": 6282.551767026385, "coil outlet air temperature sensor": 0.36937002547043274, "coil outlet water temperature sensor": 0.3204270034324371}, "RMSE": {"fan power meter": 79.2625495869669, "coil outlet air temperature sensor": 0.6077581965473051, "coil outlet water temperature sensor": 0.566062720405113}, "n_obj_eval": 81, "coil": [1.9999077460477364, 21624.93404985208], "valve": [0.5000000003964455, 3.6786939528308245], "fan": [0.08290285113777401, 0.008516096627680252, 0.6667676098897757, 0.0166129214462282]}}