{"0": {"MSE": {"fan power meter": 10349.59329719871, "coil outlet air temperature sensor": 0.319651651860522, "coil outlet water temperature sensor": 0.6482763296110341}, "RMSE": {"fan power meter": 101.73295089202273, "coil outlet air temperature sensor": 0.5653774419452212, "coil outlet water temperature sensor": 0.8051560902154526}, "n_obj_eval": 11, "coil": [0.6666666666666666, 299971.3751958732], "valve": [0.5025247388267567, 2.953206660987202], "fan": [0.03603993480269676, 0.3878702466841889, -0.31040390739533796, 0.7867539153019013]}, "1": {"MSE": {"fan power meter": 7037.282774823128, "coil outlet air temperature sensor": 0.3252724760690496, "coil outlet water temperature sensor": 0.4134388425395543}, "RMSE": {"fan power meter": 83.88851396241996, "coil outlet air temperature sensor": 0.5703266398030602, "coil outlet water temperature sensor": 0.6429921014596947}, "n_obj_eval": 25, "coil": [0.6666666666666666, 295841.3808383417], "valve": [0.8854982379833664, 5.413118300497148], "fan": [0.0797726327121683, 0.03970196089795611, 0.5573520602085182, 0.12281647280202582]}, "2": {"MSE": {"fan power meter": 6323.990782485777, "coil outlet air temperature sensor": 0.32423376148620675, "coil outlet water temperature sensor": 0.38096712202340577}, "RMSE": {"fan power meter": 79.52352345366607, "coil outlet air temperature sensor": 0.5694152803413399, "coil outlet water temperature sensor": 0.6172253413652147}, "n_obj_eval": 31, "coil": [0.6666666666666666, 178747.16014200146], "valve": [0.8348117559136781, 5.048605525505457], "fan": [0.07948015907163729, 0.05023276665184411, 0.5354412877871221, 0.13623911278543796]}, "3": {"MSE": {"fan power meter": 5862.797899042257, "coil outlet air temperature sensor": 0.32479461107398233, "coil outlet water temperature sensor": 0.37848310076987685}, "RMSE": {"fan power meter": 76.56890948056044, "coil outlet air temperature sensor": 0.5699075460756616, "coil outlet water temperature sensor": 0.6152098022381283}, "n_obj_eval": 20, "coil": [0.6666666666666666, 180403.2219315589], "valve": [0.871197005069047, 5.209800496126267], "fan": [0.08674786557615326, -0.025396856856327744, 0.7585278238313262, -0.052862219486381784]}, "4": {"MSE": {"fan power meter": 6280.507480859568, "coil outlet air temperature sensor": 0.4093387184613085, "coil outlet water temperature sensor": 0.37359501294874176}, "RMSE": {"fan power meter": 79.24965287532538, "coil outlet air temperature sensor": 0.6397958412347712, "coil outlet water temperature sensor": 0.6112241920512814}, "n_obj_eval": 15, "coil": [0.6666666666666666, 48574.44344130499], "valve": [0.8893856308157008, 4.185706581290762], "fan": [0.08300076905811675, 0.007608472923342421, 0.6692136729541743, 0.014631749061168589]}}