{"0": {"MSE": {"fan power meter": 10223.194798749937, "coil outlet air temperature sensor": 0.36057906814954366, "coil outlet water temperature sensor": 0.5203231050258327}, "RMSE": {"fan power meter": 101.10981554107364, "coil outlet air temperature sensor": 0.6004823628963166, "coil outlet water temperature sensor": 0.7213342533290878}, "n_obj_eval": 26, "coil": [0.6666666666666666, 159428.54078746162], "valve": [0.7692157777416705, 3.6371251520075063], "fan": [0.039346986204022084, 0.36101169103315167, -0.24683335515449867, 0.7407740524117551]}, "1": {"MSE": {"fan power meter": 7037.863191499005, "coil outlet air temperature sensor": 0.3222791597631025, "coil outlet water temperature sensor": 0.4020477769199926}, "RMSE": {"fan power meter": 83.89197334369364, "coil outlet air temperature sensor": 0.5676963622951116, "coil outlet water temperature sensor": 0.6340723751434}, "n_obj_eval": 19, "coil": [0.6666666666666666, 299919.05484587024], "valve": [0.508748345661943, 4.247414048183694], "fan": [0.0797864831285233, 0.03959188992576866, 0.5575876941523641, 0.12266655703399891]}, "2": {"MSE": {"fan power meter": 6321.86562205103, "coil outlet air temperature sensor": 0.32595332858613607, "coil outlet water temperature sensor": 0.3919117719745456}, "RMSE": {"fan power meter": 79.51016049569407, "coil outlet air temperature sensor": 0.5709232247738185, "coil outlet water temperature sensor": 0.6260285712126449}, "n_obj_eval": 28, "coil": [0.6666666666666666, 177386.853403026], "valve": [0.9959022684301083, 5.315426447115305], "fan": [0.07971199986165427, 0.04809935537603911, 0.5410228905828509, 0.13185801818934564]}, "3": {"MSE": {"fan power meter": 5865.334407886574, "coil outlet air temperature sensor": 0.3242712437724438, "coil outlet water temperature sensor": 0.39423705286838073}, "RMSE": {"fan power meter": 76.58547125850029, "coil outlet air temperature sensor": 0.5694481923515464, "coil outlet water temperature sensor": 0.6278829929759053}, "n_obj_eval": 25, "coil": [0.6666666666666666, 299999.9550193258], "valve": [0.500618264825095, 4.292825130696331], "fan": [0.08658197169845581, -0.02386269220944747, 0.7544193661038607, -0.04955676235773967]}, "4": {"MSE": {"fan power meter": 6282.748126844513, "coil outlet air temperature sensor": 0.32632057090643884, "coil outlet water temperature sensor": 0.42101355286890946}, "RMSE": {"fan power meter": 79.26378824434593, "coil outlet air temperature sensor": 0.571244755692723, "coil outlet water temperature sensor": 0.6488555716559036}, "n_obj_eval": 30, "coil": [0.6666666666666666, 190070.35091351255], "valve": [0.7766422170110613, 4.434273688623854], "fan": [0.08289062102389261, 0.008628084706778356, 0.6664696862497537, 0.01685204543447063]}}