,TagName,DateTime,Value,vValue
0,co2_sensor,2023-11-27 00:00:00+01:00,1816.9490352180865,1816.9490352180865
1,co2_sensor,2023-11-27 00:10:00+01:00,675.3159060671862,675.3159060671862
2,co2_sensor,2023-11-27 00:20:00+01:00,546.4946709402298,546.4946709402298
3,co2_sensor,2023-11-27 00:30:00+01:00,478.2489074429197,478.2489074429197
4,co2_sensor,2023-11-27 00:40:00+01:00,442.1631876172015,442.1631876172015
5,co2_sensor,2023-11-27 00:50:00+01:00,422.9281579016362,422.9281579016362
6,co2_sensor,2023-11-27 01:00:00+01:00,412.7989635106081,412.7989635106081
7,co2_sensor,2023-11-27 01:10:00+01:00,407.53445609685457,407.53445609685457
8,co2_sensor,2023-11-27 01:20:00+01:00,404.7687054046237,404.7687054046237
9,co2_sensor,2023-11-27 01:30:00+01:00,403.2584332600884,403.2584332600884
10,co2_sensor,2023-11-27 01:40:00+01:00,402.44226939485657,402.44226939485657
11,co2_sensor,2023-11-27 01:50:00+01:00,402.0197439845509,402.0197439845509
12,co2_sensor,2023-11-27 02:00:00+01:00,401.7784960343292,401.7784960343292
13,co2_sensor,2023-11-27 02:10:00+01:00,401.650214415829,401.650214415829
14,co2_sensor,2023-11-27 02:20:00+01:00,401.5758992124767,401.5758992124767
15,co2_sensor,2023-11-27 02:30:00+01:00,401.5325769889206,401.5325769889206
16,co2_sensor,2023-11-27 02:40:00+01:00,401.508766944397,401.508766944397
17,co2_sensor,2023-11-27 02:50:00+01:00,401.49702370732007,401.49702370732007
18,co2_sensor,2023-11-27 03:00:00+01:00,401.4900024109047,401.4900024109047
19,co2_sensor,2023-11-27 03:10:00+01:00,401.4862005004669,401.4862005004669
20,co2_sensor,2023-11-27 03:20:00+01:00,401.484125514833,401.484125514833
21,co2_sensor,2023-11-27 03:30:00+01:00,401.4829559312943,401.4829559312943
22,co2_sensor,2023-11-27 03:40:00+01:00,401.4823800572476,401.4823800572476
23,co2_sensor,2023-11-27 03:50:00+01:00,401.4820145085866,401.4820145085866
24,co2_sensor,2023-11-27 04:00:00+01:00,401.48181062105925,401.48181062105925
25,co2_sensor,2023-11-27 04:10:00+01:00,400.8451398759265,400.8451398759265
26,co2_sensor,2023-11-27 04:20:00+01:00,401.1334298687996,401.1334298687996
27,co2_sensor,2023-11-27 04:30:00+01:00,401.2899730940629,401.2899730940629
28,co2_sensor,2023-11-27 04:40:00+01:00,401.3721336283026,401.3721336283026
29,co2_sensor,2023-11-27 04:50:00+01:00,401.42159467560737,401.42159467560737
30,co2_sensor,2023-11-27 05:00:00+01:00,404.6140276277824,404.6140276277824
31,co2_sensor,2023-11-27 05:10:00+01:00,409.40536240317687,409.40536240317687
32,co2_sensor,2023-11-27 05:20:00+01:00,412.0169030334703,412.0169030334703
33,co2_sensor,2023-11-27 05:30:00+01:00,413.4124955862744,413.4124955862744
34,co2_sensor,2023-11-27 05:40:00+01:00,414.1653163015655,414.1653163015655
35,co2_sensor,2023-11-27 05:50:00+01:00,414.53250724885226,414.53250724885226
36,co2_sensor,2023-11-27 06:00:00+01:00,417.9188422083212,417.9188422083212
37,co2_sensor,2023-11-27 06:10:00+01:00,422.8640464941873,422.8640464941873
38,co2_sensor,2023-11-27 06:20:00+01:00,425.5431487799687,425.5431487799687
39,co2_sensor,2023-11-27 06:30:00+01:00,426.9628250764023,426.9628250764023
40,co2_sensor,2023-11-27 06:40:00+01:00,424.5324666820183,424.5324666820183
41,co2_sensor,2023-11-27 06:50:00+01:00,426.72999129189895,426.72999129189895
42,co2_sensor,2023-11-27 07:00:00+01:00,427.89457811222655,427.89457811222655
43,co2_sensor,2023-11-27 07:10:00+01:00,435.3312837838221,435.3312837838221
44,co2_sensor,2023-11-27 07:20:00+01:00,461.5493348321936,461.5493348321936
45,co2_sensor,2023-11-27 07:30:00+01:00,489.53670615036566,489.53670615036566
46,co2_sensor,2023-11-27 07:40:00+01:00,524.5231819153219,524.5231819153219
47,co2_sensor,2023-11-27 07:50:00+01:00,546.3993880105122,546.3993880105122
48,co2_sensor,2023-11-27 08:00:00+01:00,567.6915891299774,567.6915891299774
49,co2_sensor,2023-11-27 08:10:00+01:00,594.8830721199765,594.8830721199765
50,co2_sensor,2023-11-27 08:20:00+01:00,595.9602828199767,595.9602828199767
51,co2_sensor,2023-11-27 08:30:00+01:00,631.6837279025115,631.6837279025115
52,co2_sensor,2023-11-27 08:40:00+01:00,676.0650000514642,676.0650000514642
53,co2_sensor,2023-11-27 08:50:00+01:00,690.5847685333249,690.5847685333249
54,co2_sensor,2023-11-27 09:00:00+01:00,775.9616169850727,775.9616169850727
55,co2_sensor,2023-11-27 09:10:00+01:00,742.8512073620863,742.8512073620863
56,co2_sensor,2023-11-27 09:20:00+01:00,692.0120554706293,692.0120554706293
57,co2_sensor,2023-11-27 09:30:00+01:00,639.3752212187833,639.3752212187833
58,co2_sensor,2023-11-27 09:40:00+01:00,601.8964104158686,601.8964104158686
59,co2_sensor,2023-11-27 09:50:00+01:00,604.988277637353,604.988277637353
60,co2_sensor,2023-11-27 10:00:00+01:00,624.1095225786344,624.1095225786344
61,co2_sensor,2023-11-27 10:10:00+01:00,744.0088205554937,744.0088205554937
62,co2_sensor,2023-11-27 10:20:00+01:00,713.129954083446,713.129954083446
63,co2_sensor,2023-11-27 10:30:00+01:00,784.0992630303643,784.0992630303643
64,co2_sensor,2023-11-27 10:40:00+01:00,818.5862033218017,818.5862033218017
65,co2_sensor,2023-11-27 10:50:00+01:00,798.2299709657607,798.2299709657607
66,co2_sensor,2023-11-27 11:00:00+01:00,782.5656517009016,782.5656517009016
67,co2_sensor,2023-11-27 11:10:00+01:00,795.2073181850617,795.2073181850617
68,co2_sensor,2023-11-27 11:20:00+01:00,757.7538037845959,757.7538037845959
69,co2_sensor,2023-11-27 11:30:00+01:00,706.3876101674382,706.3876101674382
70,co2_sensor,2023-11-27 11:40:00+01:00,658.8971903761767,658.8971903761767
71,co2_sensor,2023-11-27 11:50:00+01:00,624.041978925339,624.041978925339
72,co2_sensor,2023-11-27 12:00:00+01:00,602.3865308038531,602.3865308038531
73,co2_sensor,2023-11-27 12:10:00+01:00,587.730584934013,587.730584934013
74,co2_sensor,2023-11-27 12:20:00+01:00,576.7865364400205,576.7865364400205
75,co2_sensor,2023-11-27 12:30:00+01:00,567.7987560613799,567.7987560613799
76,co2_sensor,2023-11-27 12:40:00+01:00,563.0429917394612,563.0429917394612
77,co2_sensor,2023-11-27 12:50:00+01:00,557.1924551301456,557.1924551301456
78,co2_sensor,2023-11-27 13:00:00+01:00,550.9121485543117,550.9121485543117
79,co2_sensor,2023-11-27 13:10:00+01:00,544.4050665589994,544.4050665589994
80,co2_sensor,2023-11-27 13:20:00+01:00,534.6003951454362,534.6003951454362
81,co2_sensor,2023-11-27 13:30:00+01:00,523.0463948321764,523.0463948321764
82,co2_sensor,2023-11-27 13:40:00+01:00,513.7438044372849,513.7438044372849
83,co2_sensor,2023-11-27 13:50:00+01:00,502.481630481145,502.481630481145
84,co2_sensor,2023-11-27 14:00:00+01:00,500.1502157430318,500.1502157430318
85,co2_sensor,2023-11-27 14:10:00+01:00,502.0963553491228,502.0963553491228
86,co2_sensor,2023-11-27 14:20:00+01:00,503.1276103329809,503.1276103329809
87,co2_sensor,2023-11-27 14:30:00+01:00,506.8555576230693,506.8555576230693
88,co2_sensor,2023-11-27 14:40:00+01:00,505.6497754233706,505.6497754233706
89,co2_sensor,2023-11-27 14:50:00+01:00,498.1945667548501,498.1945667548501
90,co2_sensor,2023-11-27 15:00:00+01:00,491.062471885529,491.062471885529
91,co2_sensor,2023-11-27 15:10:00+01:00,484.101706316067,484.101706316067
92,co2_sensor,2023-11-27 15:20:00+01:00,480.41246872572,480.41246872572
93,co2_sensor,2023-11-27 15:30:00+01:00,475.1249427910722,475.1249427910722
94,co2_sensor,2023-11-27 15:40:00+01:00,469.1417749814953,469.1417749814953
95,co2_sensor,2023-11-27 15:50:00+01:00,462.7898596056746,462.7898596056746
96,co2_sensor,2023-11-27 16:00:00+01:00,459.42296811332216,459.42296811332216
97,co2_sensor,2023-11-27 16:10:00+01:00,454.45763293337455,454.45763293337455
98,co2_sensor,2023-11-27 16:20:00+01:00,448.6451356378759,448.6451356378759
99,co2_sensor,2023-11-27 16:30:00+01:00,442.383650595933,442.383650595933
100,co2_sensor,2023-11-27 16:40:00+01:00,439.0651167699558,439.0651167699558
101,co2_sensor,2023-11-27 16:50:00+01:00,434.12546065232056,434.12546065232056
102,co2_sensor,2023-11-27 17:00:00+01:00,431.50743494816936,431.50743494816936
103,co2_sensor,2023-11-27 17:10:00+01:00,430.1198538697036,430.1198538697036
104,co2_sensor,2023-11-27 17:20:00+01:00,429.3844397216495,429.3844397216495
105,co2_sensor,2023-11-27 17:30:00+01:00,425.8137832319482,425.8137832319482
106,co2_sensor,2023-11-27 17:40:00+01:00,423.92135650164863,423.92135650164863
107,co2_sensor,2023-11-27 17:50:00+01:00,422.9184283722862,422.9184283722862
108,co2_sensor,2023-11-27 18:00:00+01:00,422.3868623195257,422.3868623195257
109,co2_sensor,2023-11-27 18:10:00+01:00,422.10515912900007,422.10515912900007
110,co2_sensor,2023-11-27 18:20:00+01:00,421.9558279066807,421.9558279066807
111,co2_sensor,2023-11-27 18:30:00+01:00,421.87666561584655,421.87666561584655
112,co2_sensor,2023-11-27 18:40:00+01:00,421.8347016939401,421.8347016939401
113,co2_sensor,2023-11-27 18:50:00+01:00,421.81245598592847,421.81245598592847
114,co2_sensor,2023-11-27 19:00:00+01:00,421.8006557288441,421.8006557288441
115,co2_sensor,2023-11-27 19:10:00+01:00,421.7944100539796,421.7944100539796
116,co2_sensor,2023-11-27 19:20:00+01:00,418.60963441335895,418.60963441335895
117,co2_sensor,2023-11-27 19:30:00+01:00,416.9219767586929,416.9219767586929
118,co2_sensor,2023-11-27 19:40:00+01:00,416.0276758615542,416.0276758615542
119,co2_sensor,2023-11-27 19:50:00+01:00,415.5533665656631,415.5533665656631
120,co2_sensor,2023-11-27 20:00:00+01:00,415.3020150382397,415.3020150382397
121,co2_sensor,2023-11-27 20:10:00+01:00,415.16936141986713,415.16936141986713
122,co2_sensor,2023-11-27 20:20:00+01:00,415.0994117546464,415.0994117546464
123,co2_sensor,2023-11-27 20:30:00+01:00,415.0620326114247,415.0620326114247
124,co2_sensor,2023-11-27 20:40:00+01:00,415.04290923101365,415.04290923101365
125,co2_sensor,2023-11-27 20:50:00+01:00,415.03258220367496,415.03258220367496
126,co2_sensor,2023-11-27 21:00:00+01:00,415.0266594655338,415.0266594655338
127,co2_sensor,2023-11-27 21:10:00+01:00,415.02341066256974,415.02341066256974
128,co2_sensor,2023-11-27 21:20:00+01:00,415.02158960864296,415.02158960864296
129,co2_sensor,2023-11-27 21:30:00+01:00,415.0206403591374,415.0206403591374
130,co2_sensor,2023-11-27 21:40:00+01:00,415.0201370445719,415.0201370445719
131,co2_sensor,2023-11-27 21:50:00+01:00,415.0198695861469,415.0198695861469
132,co2_sensor,2023-11-27 22:00:00+01:00,411.9480314339,411.9480314339
133,co2_sensor,2023-11-27 22:10:00+01:00,410.23481319606384,410.23481319606384
134,co2_sensor,2023-11-27 22:20:00+01:00,409.3171655310557,409.3171655310557
135,co2_sensor,2023-11-27 22:30:00+01:00,408.8441030671645,408.8441030671645
136,co2_sensor,2023-11-27 22:40:00+01:00,408.5733939051118,408.5733939051118
137,co2_sensor,2023-11-27 22:50:00+01:00,408.4261789002411,408.4261789002411
138,co2_sensor,2023-11-27 23:00:00+01:00,408.3468455043292,408.3468455043292
139,co2_sensor,2023-11-27 23:10:00+01:00,408.3060506270896,408.3060506270896
140,co2_sensor,2023-11-27 23:20:00+01:00,408.2814963588229,408.2814963588229
141,co2_sensor,2023-11-27 23:30:00+01:00,408.268012879458,408.268012879458
142,co2_sensor,2023-11-27 23:40:00+01:00,408.2605936742776,408.2605936742776
143,co2_sensor,2023-11-27 23:50:00+01:00,408.257010544429,408.257010544429
144,co2_sensor,2023-11-28 00:00:00+01:00,408.2547080663255,408.2547080663255
145,co2_sensor,2023-11-28 00:10:00+01:00,408.2533690008772,408.2533690008772
146,co2_sensor,2023-11-28 00:20:00+01:00,405.0914068627556,405.0914068627556
147,co2_sensor,2023-11-28 00:30:00+01:00,403.45404027544623,403.45404027544623
148,co2_sensor,2023-11-28 00:40:00+01:00,402.5776189549975,402.5776189549975
149,co2_sensor,2023-11-28 00:50:00+01:00,402.083263102749,402.083263102749
150,co2_sensor,2023-11-28 01:00:00+01:00,401.8148720865824,401.8148720865824
151,co2_sensor,2023-11-28 01:10:00+01:00,401.676660630332,401.676660630332
152,co2_sensor,2023-11-28 01:20:00+01:00,401.5905039722583,401.5905039722583
153,co2_sensor,2023-11-28 01:30:00+01:00,401.5423106649882,401.5423106649882
154,co2_sensor,2023-11-28 01:40:00+01:00,401.51755289628136,401.51755289628136
155,co2_sensor,2023-11-28 01:50:00+01:00,401.50237470633664,401.50237470633664
156,co2_sensor,2023-11-28 02:00:00+01:00,401.49412514669694,401.49412514669694
157,co2_sensor,2023-11-28 02:10:00+01:00,401.4899041011034,401.4899041011034
158,co2_sensor,2023-11-28 02:20:00+01:00,401.48724545253646,401.48724545253646
159,co2_sensor,2023-11-28 02:30:00+01:00,401.48575637876974,401.48575637876974
160,co2_sensor,2023-11-28 02:40:00+01:00,401.48494868487234,401.48494868487234
161,co2_sensor,2023-11-28 02:50:00+01:00,401.48450918380456,401.48450918380456
162,co2_sensor,2023-11-28 03:00:00+01:00,401.4842579383387,401.4842579383387
163,co2_sensor,2023-11-28 03:10:00+01:00,401.4841195766367,401.4841195766367
164,co2_sensor,2023-11-28 03:20:00+01:00,401.4840474252888,401.4840474252888
165,co2_sensor,2023-11-28 03:30:00+01:00,401.4840049375127,401.4840049375127
166,co2_sensor,2023-11-28 03:40:00+01:00,401.4839812434695,401.4839812434695
167,co2_sensor,2023-11-28 03:50:00+01:00,401.4839683914413,401.4839683914413
168,co2_sensor,2023-11-28 04:00:00+01:00,401.4839620970459,401.4839620970459
169,co2_sensor,2023-11-28 04:10:00+01:00,401.48395784962986,401.48395784962986
170,co2_sensor,2023-11-28 04:20:00+01:00,401.48395550440654,401.48395550440654
171,co2_sensor,2023-11-28 04:30:00+01:00,401.483954234955,401.483954234955
172,co2_sensor,2023-11-28 04:40:00+01:00,401.4839535371538,401.4839535371538
173,co2_sensor,2023-11-28 04:50:00+01:00,401.4839531531688,401.4839531531688
174,co2_sensor,2023-11-28 05:00:00+01:00,404.5694576073181,404.5694576073181
175,co2_sensor,2023-11-28 05:10:00+01:00,409.4297966155067,409.4297966155067
176,co2_sensor,2023-11-28 05:20:00+01:00,412.0266851639024,412.0266851639024
177,co2_sensor,2023-11-28 05:30:00+01:00,413.3576275796985,413.3576275796985
178,co2_sensor,2023-11-28 05:40:00+01:00,414.08937559540897,414.08937559540897
179,co2_sensor,2023-11-28 05:50:00+01:00,414.48832019847,414.48832019847
180,co2_sensor,2023-11-28 06:00:00+01:00,417.8930838718817,417.8930838718817
181,co2_sensor,2023-11-28 06:10:00+01:00,419.657680843461,419.657680843461
182,co2_sensor,2023-11-28 06:20:00+01:00,423.99175078415936,423.99175078415936
183,co2_sensor,2023-11-28 06:30:00+01:00,426.28853337096245,426.28853337096245
184,co2_sensor,2023-11-28 06:40:00+01:00,427.5054824211901,427.5054824211901
185,co2_sensor,2023-11-28 06:50:00+01:00,441.4816361509243,441.4816361509243
186,co2_sensor,2023-11-28 07:00:00+01:00,445.55521961996936,445.55521961996936
187,co2_sensor,2023-11-28 07:10:00+01:00,450.89524213609286,450.89524213609286
188,co2_sensor,2023-11-28 07:20:00+01:00,456.9063819558231,456.9063819558231
189,co2_sensor,2023-11-28 07:30:00+01:00,463.2731260884288,463.2731260884288
190,co2_sensor,2023-11-28 07:40:00+01:00,469.8285798422158,469.8285798422158
191,co2_sensor,2023-11-28 07:50:00+01:00,477.0897848946381,477.0897848946381
192,co2_sensor,2023-11-28 08:00:00+01:00,487.3003718782389,487.3003718782389
193,co2_sensor,2023-11-28 08:10:00+01:00,499.9815729490319,499.9815729490319
194,co2_sensor,2023-11-28 08:20:00+01:00,509.88324631400593,509.88324631400593
195,co2_sensor,2023-11-28 08:30:00+01:00,515.1309780455176,515.1309780455176
196,co2_sensor,2023-11-28 08:40:00+01:00,521.0931035657035,521.0931035657035
197,co2_sensor,2023-11-28 08:50:00+01:00,530.6146881459679,530.6146881459679
198,co2_sensor,2023-11-28 09:00:00+01:00,535.8124890579421,535.8124890579421
199,co2_sensor,2023-11-28 09:10:00+01:00,539.0216351232862,539.0216351232862
200,co2_sensor,2023-11-28 09:20:00+01:00,537.5420963360333,537.5420963360333
201,co2_sensor,2023-11-28 09:30:00+01:00,529.7866025798816,529.7866025798816
202,co2_sensor,2023-11-28 09:40:00+01:00,525.6790747907761,525.6790747907761
203,co2_sensor,2023-11-28 09:50:00+01:00,523.5013003307635,523.5013003307635
204,co2_sensor,2023-11-28 10:00:00+01:00,519.162887654058,519.162887654058
205,co2_sensor,2023-11-28 10:10:00+01:00,520.0496433773409,520.0496433773409
206,co2_sensor,2023-11-28 10:20:00+01:00,517.3384135396184,517.3384135396184
207,co2_sensor,2023-11-28 10:30:00+01:00,515.9006642637086,515.9006642637086
208,co2_sensor,2023-11-28 10:40:00+01:00,515.1394163164142,515.1394163164142
209,co2_sensor,2023-11-28 10:50:00+01:00,522.308121109621,522.308121109621
210,co2_sensor,2023-11-28 11:00:00+01:00,532.6210343962975,532.6210343962975
211,co2_sensor,2023-11-28 11:10:00+01:00,558.9888813157495,558.9888813157495
212,co2_sensor,2023-11-28 11:20:00+01:00,596.7440958576233,596.7440958576233
213,co2_sensor,2023-11-28 11:30:00+01:00,616.6046698569371,616.6046698569371
214,co2_sensor,2023-11-28 11:40:00+01:00,627.1311841790034,627.1311841790034
215,co2_sensor,2023-11-28 11:50:00+01:00,625.7426418434429,625.7426418434429
216,co2_sensor,2023-11-28 12:00:00+01:00,618.0390829797096,618.0390829797096
217,co2_sensor,2023-11-28 12:10:00+01:00,604.4137827399383,604.4137827399383
218,co2_sensor,2023-11-28 12:20:00+01:00,590.2249947079537,590.2249947079537
219,co2_sensor,2023-11-28 12:30:00+01:00,579.3727578321204,579.3727578321204
220,co2_sensor,2023-11-28 12:40:00+01:00,580.1336477710279,580.1336477710279
221,co2_sensor,2023-11-28 12:50:00+01:00,577.3561896717152,577.3561896717152
222,co2_sensor,2023-11-28 13:00:00+01:00,572.5519540456797,572.5519540456797
223,co2_sensor,2023-11-28 13:10:00+01:00,566.8252447493873,566.8252447493873
224,co2_sensor,2023-11-28 13:20:00+01:00,560.6107272199174,560.6107272199174
225,co2_sensor,2023-11-28 13:30:00+01:00,557.3160441994096,557.3160441994096
226,co2_sensor,2023-11-28 13:40:00+01:00,552.3770870829405,552.3770870829405
227,co2_sensor,2023-11-28 13:50:00+01:00,546.436282765899,546.436282765899
228,co2_sensor,2023-11-28 14:00:00+01:00,543.2872836366328,543.2872836366328
229,co2_sensor,2023-11-28 14:10:00+01:00,538.4409351056775,538.4409351056775
230,co2_sensor,2023-11-28 14:20:00+01:00,532.6916423386965,532.6916423386965
231,co2_sensor,2023-11-28 14:30:00+01:00,529.643679086922,529.643679086922
232,co2_sensor,2023-11-28 14:40:00+01:00,524.8477990781035,524.8477990781035
233,co2_sensor,2023-11-28 14:50:00+01:00,519.1246083836812,519.1246083836812
234,co2_sensor,2023-11-28 15:00:00+01:00,516.0909533182469,516.0909533182469
235,co2_sensor,2023-11-28 15:10:00+01:00,511.3023705846178,511.3023705846178
236,co2_sensor,2023-11-28 15:20:00+01:00,508.764149415653,508.764149415653
237,co2_sensor,2023-11-28 15:30:00+01:00,504.237896277277,504.237896277277
238,co2_sensor,2023-11-28 15:40:00+01:00,495.4772266136357,495.4772266136357
239,co2_sensor,2023-11-28 15:50:00+01:00,484.4722569447531,484.4722569447531
240,co2_sensor,2023-11-28 16:00:00+01:00,472.2778411429203,472.2778411429203
241,co2_sensor,2023-11-28 16:10:00+01:00,465.8147501512768,465.8147501512768
242,co2_sensor,2023-11-28 16:20:00+01:00,459.05694321887967,459.05694321887967
243,co2_sensor,2023-11-28 16:30:00+01:00,452.2944124664296,452.2944124664296
244,co2_sensor,2023-11-28 16:40:00+01:00,445.5296917542572,445.5296917542572
245,co2_sensor,2023-11-28 16:50:00+01:00,441.9443323290711,441.9443323290711
246,co2_sensor,2023-11-28 17:00:00+01:00,443.37636788020535,443.37636788020535
247,co2_sensor,2023-11-28 17:10:00+01:00,450.49733141670566,450.49733141670566
248,co2_sensor,2023-11-28 17:20:00+01:00,454.2713091394456,454.2713091394456
249,co2_sensor,2023-11-28 17:30:00+01:00,453.09053232686017,453.09053232686017
250,co2_sensor,2023-11-28 17:40:00+01:00,452.46473501637433,452.46473501637433
251,co2_sensor,2023-11-28 17:50:00+01:00,452.1330790276161,452.1330790276161
252,co2_sensor,2023-11-28 18:00:00+01:00,448.776538906044,448.776538906044
253,co2_sensor,2023-11-28 18:10:00+01:00,446.99769385270406,446.99769385270406
254,co2_sensor,2023-11-28 18:20:00+01:00,442.8744168408855,442.8744168408855
255,co2_sensor,2023-11-28 18:30:00+01:00,437.5084314458076,437.5084314458076
256,co2_sensor,2023-11-28 18:40:00+01:00,434.6641055353056,434.6641055353056
257,co2_sensor,2023-11-28 18:50:00+01:00,429.9759810200873,429.9759810200873
258,co2_sensor,2023-11-28 19:00:00+01:00,427.4902218945314,427.4902218945314
259,co2_sensor,2023-11-28 19:10:00+01:00,426.1724263946121,426.1724263946121
260,co2_sensor,2023-11-28 19:20:00+01:00,422.2930783405664,422.2930783405664
261,co2_sensor,2023-11-28 19:30:00+01:00,420.2373619115973,420.2373619115973
262,co2_sensor,2023-11-28 19:40:00+01:00,419.14803197007546,419.14803197007546
263,co2_sensor,2023-11-28 19:50:00+01:00,418.5705077228021,418.5705077228021
264,co2_sensor,2023-11-28 20:00:00+01:00,418.2641328497351,418.2641328497351
265,co2_sensor,2023-11-28 20:10:00+01:00,418.1019520650779,418.1019520650779
266,co2_sensor,2023-11-28 20:20:00+01:00,418.0160661428945,418.0160661428945
267,co2_sensor,2023-11-28 20:30:00+01:00,417.9704951708414,417.9704951708414
268,co2_sensor,2023-11-28 20:40:00+01:00,417.94662097168407,417.94662097168407
269,co2_sensor,2023-11-28 20:50:00+01:00,417.9344158097896,417.9344158097896
270,co2_sensor,2023-11-28 21:00:00+01:00,417.9277550359804,417.9277550359804
271,co2_sensor,2023-11-28 21:10:00+01:00,417.9241469059883,417.9241469059883
272,co2_sensor,2023-11-28 21:20:00+01:00,417.92223334599873,417.92223334599873
273,co2_sensor,2023-11-28 21:30:00+01:00,417.92129210767166,417.92129210767166
274,co2_sensor,2023-11-28 21:40:00+01:00,417.92070812166446,417.92070812166446
275,co2_sensor,2023-11-28 21:50:00+01:00,417.9203964226825,417.9203964226825
276,co2_sensor,2023-11-28 22:00:00+01:00,417.92023231566094,417.92023231566094
277,co2_sensor,2023-11-28 22:10:00+01:00,417.9201435875309,417.9201435875309
278,co2_sensor,2023-11-28 22:20:00+01:00,417.9200985114048,417.9200985114048
279,co2_sensor,2023-11-28 22:30:00+01:00,417.9200729299638,417.9200729299638
280,co2_sensor,2023-11-28 22:40:00+01:00,417.9200592539405,417.9200592539405
281,co2_sensor,2023-11-28 22:50:00+01:00,417.7787417062822,417.7787417062822
282,co2_sensor,2023-11-28 23:00:00+01:00,417.6969919319143,417.6969919319143
283,co2_sensor,2023-11-28 23:10:00+01:00,417.6517260717172,417.6517260717172
284,co2_sensor,2023-11-28 23:20:00+01:00,414.5563309829497,414.5563309829497
285,co2_sensor,2023-11-28 23:30:00+01:00,412.8931521055762,412.8931521055762
286,co2_sensor,2023-11-28 23:40:00+01:00,415.04116326559705,415.04116326559705
287,co2_sensor,2023-11-28 23:50:00+01:00,416.20383130514585,416.20383130514585
288,co2_sensor,2023-11-29 00:00:00+01:00,416.8101761705023,416.8101761705023
289,co2_sensor,2023-11-29 00:10:00+01:00,417.1627464640152,417.1627464640152
290,co2_sensor,2023-11-29 00:20:00+01:00,417.3595696265096,417.3595696265096
291,co2_sensor,2023-11-29 00:30:00+01:00,417.46629261442575,417.46629261442575
292,co2_sensor,2023-11-29 00:40:00+01:00,417.5174415540043,417.5174415540043
293,co2_sensor,2023-11-29 00:50:00+01:00,417.5532674739027,417.5532674739027
294,co2_sensor,2023-11-29 01:00:00+01:00,417.5730645617264,417.5730645617264
295,co2_sensor,2023-11-29 01:10:00+01:00,417.58381935797865,417.58381935797865
296,co2_sensor,2023-11-29 01:20:00+01:00,417.5895682002319,417.5895682002319
297,co2_sensor,2023-11-29 01:30:00+01:00,417.59304081720654,417.59304081720654
298,co2_sensor,2023-11-29 01:40:00+01:00,417.5950222441569,417.5950222441569
299,co2_sensor,2023-11-29 01:50:00+01:00,417.5961446132378,417.5961446132378
300,co2_sensor,2023-11-29 02:00:00+01:00,417.5967916446559,417.5967916446559
301,co2_sensor,2023-11-29 02:10:00+01:00,417.5971657971933,417.5971657971933
302,co2_sensor,2023-11-29 02:20:00+01:00,417.5973851401972,417.5973851401972
303,co2_sensor,2023-11-29 02:30:00+01:00,417.5975201903877,417.5975201903877
304,co2_sensor,2023-11-29 02:40:00+01:00,417.5976065146128,417.5976065146128
305,co2_sensor,2023-11-29 02:50:00+01:00,414.44644934915135,414.44644934915135
306,co2_sensor,2023-11-29 03:00:00+01:00,412.8116822053646,412.8116822053646
307,co2_sensor,2023-11-29 03:10:00+01:00,411.9383480088115,411.9383480088115
308,co2_sensor,2023-11-29 03:20:00+01:00,411.4635609871119,411.4635609871119
309,co2_sensor,2023-11-29 03:30:00+01:00,411.18168425570747,411.18168425570747
310,co2_sensor,2023-11-29 03:40:00+01:00,411.023537784088,411.023537784088
311,co2_sensor,2023-11-29 03:50:00+01:00,410.944258328608,410.944258328608
312,co2_sensor,2023-11-29 04:00:00+01:00,410.8928425018016,410.8928425018016
313,co2_sensor,2023-11-29 04:10:00+01:00,410.8641501533497,410.8641501533497
314,co2_sensor,2023-11-29 04:20:00+01:00,410.84868433257935,410.84868433257935
315,co2_sensor,2023-11-29 04:30:00+01:00,410.8412735641702,410.8412735641702
316,co2_sensor,2023-11-29 04:40:00+01:00,410.8363083871184,410.8363083871184
317,co2_sensor,2023-11-29 04:50:00+01:00,410.8334993295388,410.8334993295388
318,co2_sensor,2023-11-29 05:00:00+01:00,414.1443169345938,414.1443169345938
319,co2_sensor,2023-11-29 05:10:00+01:00,416.3073287626325,416.3073287626325
320,co2_sensor,2023-11-29 05:20:00+01:00,420.6476615017477,420.6476615017477
321,co2_sensor,2023-11-29 05:30:00+01:00,419.8779991412544,419.8779991412544
322,co2_sensor,2023-11-29 05:40:00+01:00,422.5217827557408,422.5217827557408
323,co2_sensor,2023-11-29 05:50:00+01:00,423.9429631340087,423.9429631340087
324,co2_sensor,2023-11-29 06:00:00+01:00,424.7288544892583,424.7288544892583
325,co2_sensor,2023-11-29 06:10:00+01:00,428.3100876982221,428.3100876982221
326,co2_sensor,2023-11-29 06:20:00+01:00,430.2432837256632,430.2432837256632
327,co2_sensor,2023-11-29 06:30:00+01:00,431.2677093810213,431.2677093810213
328,co2_sensor,2023-11-29 06:40:00+01:00,431.81054890173056,431.81054890173056
329,co2_sensor,2023-11-29 06:50:00+01:00,432.0981966166278,432.0981966166278
330,co2_sensor,2023-11-29 07:00:00+01:00,432.2506288854463,432.2506288854463
331,co2_sensor,2023-11-29 07:10:00+01:00,475.3555362537508,475.3555362537508
332,co2_sensor,2023-11-29 07:20:00+01:00,528.7994982295014,528.7994982295014
333,co2_sensor,2023-11-29 07:30:00+01:00,599.841620872149,599.841620872149
334,co2_sensor,2023-11-29 07:40:00+01:00,653.0382113283829,653.0382113283829
335,co2_sensor,2023-11-29 07:50:00+01:00,661.1799553338592,661.1799553338592
336,co2_sensor,2023-11-29 08:00:00+01:00,675.5594823909595,675.5594823909595
337,co2_sensor,2023-11-29 08:10:00+01:00,662.9624153726625,662.9624153726625
338,co2_sensor,2023-11-29 08:20:00+01:00,653.8523262164758,653.8523262164758
339,co2_sensor,2023-11-29 08:30:00+01:00,668.0683781858328,668.0683781858328
340,co2_sensor,2023-11-29 08:40:00+01:00,649.3691760849889,649.3691760849889
341,co2_sensor,2023-11-29 08:50:00+01:00,621.6948303252767,621.6948303252767
342,co2_sensor,2023-11-29 09:00:00+01:00,597.4946327715701,597.4946327715701
343,co2_sensor,2023-11-29 09:10:00+01:00,578.7484307922787,578.7484307922787
344,co2_sensor,2023-11-29 09:20:00+01:00,563.0531730654815,563.0531730654815
345,co2_sensor,2023-11-29 09:30:00+01:00,544.587282066715,544.587282066715
346,co2_sensor,2023-11-29 09:40:00+01:00,528.4311849951291,528.4311849951291
347,co2_sensor,2023-11-29 09:50:00+01:00,513.4993402212948,513.4993402212948
348,co2_sensor,2023-11-29 10:00:00+01:00,508.76731184644416,508.76731184644416
349,co2_sensor,2023-11-29 10:10:00+01:00,506.25803817439873,506.25803817439873
350,co2_sensor,2023-11-29 10:20:00+01:00,508.1124480489017,508.1124480489017
351,co2_sensor,2023-11-29 10:30:00+01:00,505.91096231274736,505.91096231274736
352,co2_sensor,2023-11-29 10:40:00+01:00,504.7441661276454,504.7441661276454
353,co2_sensor,2023-11-29 10:50:00+01:00,510.94927929946834,510.94927929946834
354,co2_sensor,2023-11-29 11:00:00+01:00,517.4223491698606,517.4223491698606
355,co2_sensor,2023-11-29 11:10:00+01:00,613.2487595137833,613.2487595137833
356,co2_sensor,2023-11-29 11:20:00+01:00,633.5857624237842,633.5857624237842
357,co2_sensor,2023-11-29 11:30:00+01:00,727.0988550254889,727.0988550254889
358,co2_sensor,2023-11-29 11:40:00+01:00,702.3444546823247,702.3444546823247
359,co2_sensor,2023-11-29 11:50:00+01:00,655.1329014367456,655.1329014367456
360,co2_sensor,2023-11-29 12:00:00+01:00,614.1306585076175,614.1306585076175
361,co2_sensor,2023-11-29 12:10:00+01:00,582.8118482224926,582.8118482224926
362,co2_sensor,2023-11-29 12:20:00+01:00,555.8628408162283,555.8628408162283
363,co2_sensor,2023-11-29 12:30:00+01:00,535.1881462324924,535.1881462324924
364,co2_sensor,2023-11-29 12:40:00+01:00,521.0355762452056,521.0355762452056
365,co2_sensor,2023-11-29 12:50:00+01:00,507.1441803908188,507.1441803908188
366,co2_sensor,2023-11-29 13:00:00+01:00,493.38018086029183,493.38018086029183
367,co2_sensor,2023-11-29 13:10:00+01:00,493.09272898771616,493.09272898771616
368,co2_sensor,2023-11-29 13:20:00+01:00,489.73616463654673,489.73616463654673
369,co2_sensor,2023-11-29 13:30:00+01:00,484.76815083146965,484.76815083146965
370,co2_sensor,2023-11-29 13:40:00+01:00,482.13731286531424,482.13731286531424
371,co2_sensor,2023-11-29 13:50:00+01:00,480.89365194924886,480.89365194924886
372,co2_sensor,2023-11-29 14:00:00+01:00,480.2353143751197,480.2353143751197
373,co2_sensor,2023-11-29 14:10:00+01:00,483.08172554026544,483.08172554026544
374,co2_sensor,2023-11-29 14:20:00+01:00,481.3951874043781,481.3951874043781
375,co2_sensor,2023-11-29 14:30:00+01:00,480.5011577281585,480.5011577281585
376,co2_sensor,2023-11-29 14:40:00+01:00,480.0272426758526,480.0272426758526
377,co2_sensor,2023-11-29 14:50:00+01:00,476.428444052136,476.428444052136
378,co2_sensor,2023-11-29 15:00:00+01:00,474.520700222743,474.520700222743
379,co2_sensor,2023-11-29 15:10:00+01:00,470.3140427347624,470.3140427347624
380,co2_sensor,2023-11-29 15:20:00+01:00,464.8886733119609,464.8886733119609
381,co2_sensor,2023-11-29 15:30:00+01:00,462.0126955023341,462.0126955023341
382,co2_sensor,2023-11-29 15:40:00+01:00,460.4881730421766,460.4881730421766
383,co2_sensor,2023-11-29 15:50:00+01:00,456.3326008440749,456.3326008440749
384,co2_sensor,2023-11-29 16:00:00+01:00,454.1296759882316,454.1296759882316
385,co2_sensor,2023-11-29 16:10:00+01:00,449.3098943763702,449.3098943763702
386,co2_sensor,2023-11-29 16:20:00+01:00,446.7549688688505,446.7549688688505
387,co2_sensor,2023-11-29 16:30:00+01:00,442.20517892661536,442.20517892661536
388,co2_sensor,2023-11-29 16:40:00+01:00,439.79337686155793,439.79337686155793
389,co2_sensor,2023-11-29 16:50:00+01:00,438.5149046127992,438.5149046127992
390,co2_sensor,2023-11-29 17:00:00+01:00,437.83720065277726,437.83720065277726
391,co2_sensor,2023-11-29 17:10:00+01:00,437.4779493788757,437.4779493788757
392,co2_sensor,2023-11-29 17:20:00+01:00,433.9398196208178,433.9398196208178
393,co2_sensor,2023-11-29 17:30:00+01:00,432.0642924508006,432.0642924508006
394,co2_sensor,2023-11-29 17:40:00+01:00,431.0701480039984,431.0701480039984
395,co2_sensor,2023-11-29 17:50:00+01:00,427.3465444155232,427.3465444155232
396,co2_sensor,2023-11-29 18:00:00+01:00,425.3732190490328,425.3732190490328
397,co2_sensor,2023-11-29 18:10:00+01:00,424.32754144394727,424.32754144394727
398,co2_sensor,2023-11-29 18:20:00+01:00,423.7733760224281,423.7733760224281
399,co2_sensor,2023-11-29 18:30:00+01:00,423.4796986611772,423.4796986611772
400,co2_sensor,2023-11-29 18:40:00+01:00,423.3240673927456,423.3240673927456
401,co2_sensor,2023-11-29 18:50:00+01:00,423.2415914692189,423.2415914692189
402,co2_sensor,2023-11-29 19:00:00+01:00,423.1978829343305,423.1978829343305
403,co2_sensor,2023-11-29 19:10:00+01:00,423.1747266158489,423.1747266158489
404,co2_sensor,2023-11-29 19:20:00+01:00,423.16244799030807,423.16244799030807
405,co2_sensor,2023-11-29 19:30:00+01:00,423.15594137907385,423.15594137907385
406,co2_sensor,2023-11-29 19:40:00+01:00,423.1524934227441,423.1524934227441
407,co2_sensor,2023-11-29 19:50:00+01:00,423.1506655125767,423.1506655125767
408,co2_sensor,2023-11-29 20:00:00+01:00,423.1496958219974,423.1496958219974
409,co2_sensor,2023-11-29 20:10:00+01:00,423.14918217523126,423.14918217523126
410,co2_sensor,2023-11-29 20:20:00+01:00,423.1489104212175,423.1489104212175
411,co2_sensor,2023-11-29 20:30:00+01:00,423.14876650136665,423.14876650136665
412,co2_sensor,2023-11-29 20:40:00+01:00,423.14869135952006,423.14869135952006
413,co2_sensor,2023-11-29 20:50:00+01:00,423.1486538089397,423.1486538089397
414,co2_sensor,2023-11-29 21:00:00+01:00,423.1486320778813,423.1486320778813
415,co2_sensor,2023-11-29 21:10:00+01:00,423.148620242627,423.148620242627
416,co2_sensor,2023-11-29 21:20:00+01:00,423.1486139851998,423.1486139851998
417,co2_sensor,2023-11-29 21:30:00+01:00,423.1486107797087,423.1486107797087
418,co2_sensor,2023-11-29 21:40:00+01:00,423.1486089525472,423.1486089525472
419,co2_sensor,2023-11-29 21:50:00+01:00,419.9628451043313,419.9628451043313
420,co2_sensor,2023-11-29 22:00:00+01:00,418.2724523379397,418.2724523379397
421,co2_sensor,2023-11-29 22:10:00+01:00,417.3635406433257,417.3635406433257
422,co2_sensor,2023-11-29 22:20:00+01:00,416.9093168132652,416.9093168132652
423,co2_sensor,2023-11-29 22:30:00+01:00,416.64989358831593,416.64989358831593
424,co2_sensor,2023-11-29 22:40:00+01:00,416.5105873901813,416.5105873901813
425,co2_sensor,2023-11-29 22:50:00+01:00,416.4351519864271,416.4351519864271
426,co2_sensor,2023-11-29 23:00:00+01:00,416.3964776179934,416.3964776179934
427,co2_sensor,2023-11-29 23:10:00+01:00,416.3745880813916,416.3745880813916
428,co2_sensor,2023-11-29 23:20:00+01:00,416.3618628962268,416.3618628962268
429,co2_sensor,2023-11-29 23:30:00+01:00,416.3559107601988,416.3559107601988
430,co2_sensor,2023-11-29 23:40:00+01:00,416.3525175547789,416.3525175547789
431,co2_sensor,2023-11-29 23:50:00+01:00,416.3506346721354,416.3506346721354
432,co2_sensor,2023-11-30 00:00:00+01:00,416.3496989167687,416.3496989167687
433,co2_sensor,2023-11-30 00:10:00+01:00,416.3491439475539,416.3491439475539
434,co2_sensor,2023-11-30 00:20:00+01:00,416.3488422121058,416.3488422121058
435,co2_sensor,2023-11-30 00:30:00+01:00,416.3486763229637,416.3486763229637
436,co2_sensor,2023-11-30 00:40:00+01:00,416.3485873516429,416.3485873516429
437,co2_sensor,2023-11-30 00:50:00+01:00,416.34853562413423,416.34853562413423
438,co2_sensor,2023-11-30 01:00:00+01:00,416.3485063199133,416.3485063199133
439,co2_sensor,2023-11-30 01:10:00+01:00,416.3484904416456,416.3484904416456
440,co2_sensor,2023-11-30 01:20:00+01:00,416.3484824701248,416.3484824701248
441,co2_sensor,2023-11-30 01:30:00+01:00,416.34847729299366,416.34847729299366
442,co2_sensor,2023-11-30 01:40:00+01:00,413.2440888174162,413.2440888174162
443,co2_sensor,2023-11-30 01:50:00+01:00,411.6066294358525,411.6066294358525
444,co2_sensor,2023-11-30 02:00:00+01:00,410.6556324549285,410.6556324549285
445,co2_sensor,2023-11-30 02:10:00+01:00,410.14159625057925,410.14159625057925
446,co2_sensor,2023-11-30 02:20:00+01:00,409.8665544392564,409.8665544392564
447,co2_sensor,2023-11-30 02:30:00+01:00,409.7179337580846,409.7179337580846
448,co2_sensor,2023-11-30 02:40:00+01:00,409.6426161558004,409.6426161558004
449,co2_sensor,2023-11-30 02:50:00+01:00,409.59898119686295,409.59898119686295
450,co2_sensor,2023-11-30 03:00:00+01:00,409.57529931388814,409.57529931388814
451,co2_sensor,2023-11-30 03:10:00+01:00,409.56272988742427,409.56272988742427
452,co2_sensor,2023-11-30 03:20:00+01:00,409.55594724851727,409.55594724851727
453,co2_sensor,2023-11-30 03:30:00+01:00,409.55262910982447,409.55262910982447
454,co2_sensor,2023-11-30 03:40:00+01:00,409.550624693358,409.550624693358
455,co2_sensor,2023-11-30 03:50:00+01:00,409.54955559996864,409.54955559996864
456,co2_sensor,2023-11-30 04:00:00+01:00,409.54898938423867,409.54898938423867
457,co2_sensor,2023-11-30 04:10:00+01:00,409.5486820647573,409.5486820647573
458,co2_sensor,2023-11-30 04:20:00+01:00,409.548521421575,409.548521421575
459,co2_sensor,2023-11-30 04:30:00+01:00,409.54843406229065,409.54843406229065
460,co2_sensor,2023-11-30 04:40:00+01:00,409.548387832206,409.548387832206
461,co2_sensor,2023-11-30 04:50:00+01:00,409.54836292590784,409.54836292590784
462,co2_sensor,2023-11-30 05:00:00+01:00,412.6671663100264,412.6671663100264
463,co2_sensor,2023-11-30 05:10:00+01:00,414.3883253991582,414.3883253991582
464,co2_sensor,2023-11-30 05:20:00+01:00,415.3028162237706,415.3028162237706
465,co2_sensor,2023-11-30 05:30:00+01:00,415.7953163312787,415.7953163312787
466,co2_sensor,2023-11-30 05:40:00+01:00,416.0548584170927,416.0548584170927
467,co2_sensor,2023-11-30 05:50:00+01:00,416.1882669610391,416.1882669610391
468,co2_sensor,2023-11-30 06:00:00+01:00,419.4254288603775,419.4254288603775
469,co2_sensor,2023-11-30 06:10:00+01:00,424.2654423023732,424.2654423023732
470,co2_sensor,2023-11-30 06:20:00+01:00,426.93713965858575,426.93713965858575
471,co2_sensor,2023-11-30 06:30:00+01:00,428.3528434870557,428.3528434870557
472,co2_sensor,2023-11-30 06:40:00+01:00,425.9064036132227,425.9064036132227
473,co2_sensor,2023-11-30 06:50:00+01:00,427.8065778330948,427.8065778330948
474,co2_sensor,2023-11-30 07:00:00+01:00,439.0118972191752,439.0118972191752
475,co2_sensor,2023-11-30 07:10:00+01:00,444.95001709108,444.95001709108
476,co2_sensor,2023-11-30 07:20:00+01:00,444.90032305683286,444.90032305683286
477,co2_sensor,2023-11-30 07:30:00+01:00,444.8739888222709,444.8739888222709
478,co2_sensor,2023-11-30 07:40:00+01:00,448.0565563813976,448.0565563813976
479,co2_sensor,2023-11-30 07:50:00+01:00,449.7430950239254,449.7430950239254
480,co2_sensor,2023-11-30 08:00:00+01:00,450.6368178269222,450.6368178269222
481,co2_sensor,2023-11-30 08:10:00+01:00,471.81006922681286,471.81006922681286
482,co2_sensor,2023-11-30 08:20:00+01:00,483.0309174361799,483.0309174361799
483,co2_sensor,2023-11-30 08:30:00+01:00,492.173561538853,492.173561538853
484,co2_sensor,2023-11-30 08:40:00+01:00,500.36704183466657,500.36704183466657
485,co2_sensor,2023-11-30 08:50:00+01:00,505.0134270713314,505.0134270713314
486,co2_sensor,2023-11-30 09:00:00+01:00,503.8248743169145,503.8248743169145
487,co2_sensor,2023-11-30 09:10:00+01:00,499.99576597184057,499.99576597184057
488,co2_sensor,2023-11-30 09:20:00+01:00,494.7734410697903,494.7734410697903
489,co2_sensor,2023-11-30 09:30:00+01:00,488.8070268867029,488.8070268867029
490,co2_sensor,2023-11-30 09:40:00+01:00,535.1028636878802,535.1028636878802
491,co2_sensor,2023-11-30 09:50:00+01:00,595.4091763672376,595.4091763672376
492,co2_sensor,2023-11-30 10:00:00+01:00,640.1573269675984,640.1573269675984
493,co2_sensor,2023-11-30 10:10:00+01:00,657.635086714075,657.635086714075
494,co2_sensor,2023-11-30 10:20:00+01:00,650.7658822845872,650.7658822845872
495,co2_sensor,2023-11-30 10:30:00+01:00,627.1876607945657,627.1876607945657
496,co2_sensor,2023-11-30 10:40:00+01:00,598.1021119972107,598.1021119972107
497,co2_sensor,2023-11-30 10:50:00+01:00,579.3386715765715,579.3386715765715
498,co2_sensor,2023-11-30 11:00:00+01:00,566.1980681089506,566.1980681089506
499,co2_sensor,2023-11-30 11:10:00+01:00,640.7284027917668,640.7284027917668
500,co2_sensor,2023-11-30 11:20:00+01:00,661.8816241492312,661.8816241492312
501,co2_sensor,2023-11-30 11:30:00+01:00,746.5812835310969,746.5812835310969
502,co2_sensor,2023-11-30 11:40:00+01:00,787.0891955229167,787.0891955229167
503,co2_sensor,2023-11-30 11:50:00+01:00,783.7865592502717,783.7865592502717
504,co2_sensor,2023-11-30 12:00:00+01:00,801.3374222532552,801.3374222532552
505,co2_sensor,2023-11-30 12:10:00+01:00,781.7117526341717,781.7117526341717
506,co2_sensor,2023-11-30 12:20:00+01:00,782.6479425285083,782.6479425285083
507,co2_sensor,2023-11-30 12:30:00+01:00,811.4311351254966,811.4311351254966
508,co2_sensor,2023-11-30 12:40:00+01:00,775.6631922107366,775.6631922107366
509,co2_sensor,2023-11-30 12:50:00+01:00,755.5641837048552,755.5641837048552
510,co2_sensor,2023-11-30 13:00:00+01:00,736.4724289110831,736.4724289110831
511,co2_sensor,2023-11-30 13:10:00+01:00,687.7239959920886,687.7239959920886
512,co2_sensor,2023-11-30 13:20:00+01:00,638.6763586956288,638.6763586956288
513,co2_sensor,2023-11-30 13:30:00+01:00,599.8605809634257,599.8605809634257
514,co2_sensor,2023-11-30 13:40:00+01:00,569.6440894384549,569.6440894384549
515,co2_sensor,2023-11-30 13:50:00+01:00,543.8713453503525,543.8713453503525
516,co2_sensor,2023-11-30 14:00:00+01:00,530.3695262089697,530.3695262089697
517,co2_sensor,2023-11-30 14:10:00+01:00,523.211815531953,523.211815531953
518,co2_sensor,2023-11-30 14:20:00+01:00,516.2119723724632,516.2119723724632
519,co2_sensor,2023-11-30 14:30:00+01:00,512.5018187613689,512.5018187613689
520,co2_sensor,2023-11-30 14:40:00+01:00,513.894570281755,513.894570281755
521,co2_sensor,2023-11-30 14:50:00+01:00,514.6327438584924,514.6327438584924
522,co2_sensor,2023-11-30 15:00:00+01:00,511.6647733770237,511.6647733770237
523,co2_sensor,2023-11-30 15:10:00+01:00,506.8851938113918,506.8851938113918
524,co2_sensor,2023-11-30 15:20:00+01:00,520.3845036202073,520.3845036202073
525,co2_sensor,2023-11-30 15:30:00+01:00,517.9198227530537,517.9198227530537
526,co2_sensor,2023-11-30 15:40:00+01:00,510.2006076903917,510.2006076903917
527,co2_sensor,2023-11-30 15:50:00+01:00,502.9029236702679,502.9029236702679
528,co2_sensor,2023-11-30 16:00:00+01:00,495.8286354576295,495.8286354576295
529,co2_sensor,2023-11-30 16:10:00+01:00,488.8727804190812,488.8727804190812
530,co2_sensor,2023-11-30 16:20:00+01:00,478.6206816484558,478.6206816484558
531,co2_sensor,2023-11-30 16:30:00+01:00,469.9803828256536,469.9803828256536
532,co2_sensor,2023-11-30 16:40:00+01:00,465.40044862027,465.40044862027
533,co2_sensor,2023-11-30 16:50:00+01:00,459.7666336576523,459.7666336576523
534,co2_sensor,2023-11-30 17:00:00+01:00,456.7807616830276,456.7807616830276
535,co2_sensor,2023-11-30 17:10:00+01:00,455.1979998260068,455.1979998260068
536,co2_sensor,2023-11-30 17:20:00+01:00,451.1530997884682,451.1530997884682
537,co2_sensor,2023-11-30 17:30:00+01:00,449.0088537849033,449.0088537849033
538,co2_sensor,2023-11-30 17:40:00+01:00,447.87223141113776,447.87223141113776
539,co2_sensor,2023-11-30 17:50:00+01:00,443.9097180167208,443.9097180167208
540,co2_sensor,2023-11-30 18:00:00+01:00,441.80935389375736,441.80935389375736
541,co2_sensor,2023-11-30 18:10:00+01:00,440.6972049285539,440.6972049285539
542,co2_sensor,2023-11-30 18:20:00+01:00,436.4437704703358,436.4437704703358
543,co2_sensor,2023-11-30 18:30:00+01:00,434.1892313590497,434.1892313590497
544,co2_sensor,2023-11-30 18:40:00+01:00,432.9935185576552,432.9935185576552
545,co2_sensor,2023-11-30 18:50:00+01:00,429.0000524645213,429.0000524645213
546,co2_sensor,2023-11-30 19:00:00+01:00,426.8838092607255,426.8838092607255
547,co2_sensor,2023-11-30 19:10:00+01:00,425.7622762362386,425.7622762362386
548,co2_sensor,2023-11-30 19:20:00+01:00,425.16799524630864,425.16799524630864
549,co2_sensor,2023-11-30 19:30:00+01:00,424.85307775581504,424.85307775581504
550,co2_sensor,2023-11-30 19:40:00+01:00,421.4789872700021,421.4789872700021
551,co2_sensor,2023-11-30 19:50:00+01:00,419.6899771325513,419.6899771325513
552,co2_sensor,2023-11-30 20:00:00+01:00,418.74119524602,418.74119524602
553,co2_sensor,2023-11-30 20:10:00+01:00,418.238890024525,418.238890024525
554,co2_sensor,2023-11-30 20:20:00+01:00,417.9733648224217,417.9733648224217
555,co2_sensor,2023-11-30 20:30:00+01:00,417.83348442699634,417.83348442699634
556,co2_sensor,2023-11-30 20:40:00+01:00,417.7593834931123,417.7593834931123
557,co2_sensor,2023-11-30 20:50:00+01:00,417.721243873408,417.721243873408
558,co2_sensor,2023-11-30 21:00:00+01:00,417.7007014508631,417.7007014508631
559,co2_sensor,2023-11-30 21:10:00+01:00,417.6889555159886,417.6889555159886
560,co2_sensor,2023-11-30 21:20:00+01:00,417.6826971953866,417.6826971953866
561,co2_sensor,2023-11-30 21:30:00+01:00,417.6793562077771,417.6793562077771
562,co2_sensor,2023-11-30 21:40:00+01:00,417.677623830633,417.677623830633
563,co2_sensor,2023-11-30 21:50:00+01:00,417.67669504280457,417.67669504280457
564,co2_sensor,2023-11-30 22:00:00+01:00,417.6762067597157,417.6762067597157
565,co2_sensor,2023-11-30 22:10:00+01:00,417.6759197213056,417.6759197213056
566,co2_sensor,2023-11-30 22:20:00+01:00,414.5021154137551,414.5021154137551
567,co2_sensor,2023-11-30 22:30:00+01:00,412.8049586320541,412.8049586320541
568,co2_sensor,2023-11-30 22:40:00+01:00,411.8889690367168,411.8889690367168
569,co2_sensor,2023-11-30 22:50:00+01:00,411.4304466618647,411.4304466618647
570,co2_sensor,2023-11-30 23:00:00+01:00,411.1611327824459,411.1611327824459
571,co2_sensor,2023-11-30 23:10:00+01:00,411.0188339094035,411.0188339094035
572,co2_sensor,2023-11-30 23:20:00+01:00,410.9465801409745,410.9465801409745
573,co2_sensor,2023-11-30 23:30:00+01:00,410.90434725103455,410.90434725103455
574,co2_sensor,2023-11-30 23:40:00+01:00,410.8809160716398,410.8809160716398
575,co2_sensor,2023-11-30 23:50:00+01:00,410.8693017776939,410.8693017776939
576,co2_sensor,2023-12-01 00:00:00+01:00,410.8620673780045,410.8620673780045
577,co2_sensor,2023-12-01 00:10:00+01:00,410.8579849020342,410.8579849020342
578,co2_sensor,2023-12-01 00:20:00+01:00,410.8557429262663,410.8557429262663
579,co2_sensor,2023-12-01 00:30:00+01:00,410.8545249983841,410.8545249983841
580,co2_sensor,2023-12-01 00:40:00+01:00,410.853966282728,410.853966282728
581,co2_sensor,2023-12-01 00:50:00+01:00,410.8535556357134,410.8535556357134
582,co2_sensor,2023-12-01 01:00:00+01:00,410.853321974002,410.853321974002
583,co2_sensor,2023-12-01 01:10:00+01:00,410.8531917038279,410.8531917038279
584,co2_sensor,2023-12-01 01:20:00+01:00,410.8531198062614,410.8531198062614
585,co2_sensor,2023-12-01 01:30:00+01:00,410.8530793599117,410.8530793599117
586,co2_sensor,2023-12-01 01:40:00+01:00,410.85305748354045,410.85305748354045
587,co2_sensor,2023-12-01 01:50:00+01:00,410.8530456414284,410.8530456414284
588,co2_sensor,2023-12-01 02:00:00+01:00,410.8530395736549,410.8530395736549
589,co2_sensor,2023-12-01 02:10:00+01:00,410.8530362379349,410.8530362379349
590,co2_sensor,2023-12-01 02:20:00+01:00,410.8530343825437,410.8530343825437
591,co2_sensor,2023-12-01 02:30:00+01:00,410.8530333909602,410.8530333909602
592,co2_sensor,2023-12-01 02:40:00+01:00,410.8530328676952,410.8530328676952
593,co2_sensor,2023-12-01 02:50:00+01:00,410.85303259368834,410.85303259368834
594,co2_sensor,2023-12-01 03:00:00+01:00,410.8530324397468,410.8530324397468
595,co2_sensor,2023-12-01 03:10:00+01:00,410.8530323577828,410.8530323577828
596,co2_sensor,2023-12-01 03:20:00+01:00,410.85303231422,410.85303231422
597,co2_sensor,2023-12-01 03:30:00+01:00,410.85303229048645,410.85303229048645
598,co2_sensor,2023-12-01 03:40:00+01:00,410.85303227892126,410.85303227892126
599,co2_sensor,2023-12-01 03:50:00+01:00,410.8530322718148,410.8530322718148
600,co2_sensor,2023-12-01 04:00:00+01:00,410.8530322680207,410.8530322680207
601,co2_sensor,2023-12-01 04:10:00+01:00,410.8530322660232,410.8530322660232
602,co2_sensor,2023-12-01 04:20:00+01:00,410.8530322649434,410.8530322649434
603,co2_sensor,2023-12-01 04:30:00+01:00,410.8530322643795,410.8530322643795
604,co2_sensor,2023-12-01 04:40:00+01:00,410.8530322640725,410.8530322640725
605,co2_sensor,2023-12-01 04:50:00+01:00,410.8530322639081,410.8530322639081
606,co2_sensor,2023-12-01 05:00:00+01:00,410.85303226383337,410.85303226383337
607,co2_sensor,2023-12-01 05:10:00+01:00,417.7175274939726,417.7175274939726
608,co2_sensor,2023-12-01 05:20:00+01:00,421.2789454739511,421.2789454739511
609,co2_sensor,2023-12-01 05:30:00+01:00,426.3962127760382,426.3962127760382
610,co2_sensor,2023-12-01 05:40:00+01:00,429.1639076988177,429.1639076988177
611,co2_sensor,2023-12-01 05:50:00+01:00,430.6044698652373,430.6044698652373
612,co2_sensor,2023-12-01 06:00:00+01:00,431.3444475536767,431.3444475536767
613,co2_sensor,2023-12-01 06:10:00+01:00,431.7705811009542,431.7705811009542
614,co2_sensor,2023-12-01 06:20:00+01:00,432.0172318681629,432.0172318681629
615,co2_sensor,2023-12-01 06:30:00+01:00,432.14793321205485,432.14793321205485
616,co2_sensor,2023-12-01 06:40:00+01:00,432.217192844467,432.217192844467
617,co2_sensor,2023-12-01 06:50:00+01:00,439.2788170220633,439.2788170220633
618,co2_sensor,2023-12-01 07:00:00+01:00,439.508559235506,439.508559235506
619,co2_sensor,2023-12-01 07:10:00+01:00,439.6303096215648,439.6303096215648
620,co2_sensor,2023-12-01 07:20:00+01:00,442.90190307516593,442.90190307516593
621,co2_sensor,2023-12-01 07:30:00+01:00,444.6356067295147,444.6356067295147
622,co2_sensor,2023-12-01 07:40:00+01:00,445.554344829337,445.554344829337
623,co2_sensor,2023-12-01 07:50:00+01:00,449.24815193193695,449.24815193193695
624,co2_sensor,2023-12-01 08:00:00+01:00,451.205638184417,451.205638184417
625,co2_sensor,2023-12-01 08:10:00+01:00,455.4498011589821,455.4498011589821
626,co2_sensor,2023-12-01 08:20:00+01:00,464.8759706473932,464.8759706473932
627,co2_sensor,2023-12-01 08:30:00+01:00,476.2846598370782,476.2846598370782
628,co2_sensor,2023-12-01 08:40:00+01:00,485.5375477686457,485.5375477686457
629,co2_sensor,2023-12-01 08:50:00+01:00,490.4409896626602,490.4409896626602
630,co2_sensor,2023-12-01 09:00:00+01:00,489.8342129446408,489.8342129446408
631,co2_sensor,2023-12-01 09:10:00+01:00,489.5119515949698,489.5119515949698
632,co2_sensor,2023-12-01 09:20:00+01:00,489.3417114071301,489.3417114071301
633,co2_sensor,2023-12-01 09:30:00+01:00,486.0438444087925,486.0438444087925
634,co2_sensor,2023-12-01 09:40:00+01:00,481.0911462607624,481.0911462607624
635,co2_sensor,2023-12-01 09:50:00+01:00,481.97736333523073,481.97736333523073
636,co2_sensor,2023-12-01 10:00:00+01:00,482.4471069236416,482.4471069236416
637,co2_sensor,2023-12-01 10:10:00+01:00,489.5671692671549,489.5671692671549
638,co2_sensor,2023-12-01 10:20:00+01:00,517.6188656861016,517.6188656861016
639,co2_sensor,2023-12-01 10:30:00+01:00,542.1060099307797,542.1060099307797
640,co2_sensor,2023-12-01 10:40:00+01:00,572.1863142736809,572.1863142736809
641,co2_sensor,2023-12-01 10:50:00+01:00,601.2610400681236,601.2610400681236
642,co2_sensor,2023-12-01 11:00:00+01:00,630.2609091429284,630.2609091429284
643,co2_sensor,2023-12-01 11:10:00+01:00,662.2748844004334,662.2748844004334
644,co2_sensor,2023-12-01 11:20:00+01:00,689.0148034667818,689.0148034667818
645,co2_sensor,2023-12-01 11:30:00+01:00,701.7594884735814,701.7594884735814
646,co2_sensor,2023-12-01 11:40:00+01:00,708.219065018991,708.219065018991
647,co2_sensor,2023-12-01 11:50:00+01:00,715.5543021521719,715.5543021521719
648,co2_sensor,2023-12-01 12:00:00+01:00,716.8453271455838,716.8453271455838
649,co2_sensor,2023-12-01 12:10:00+01:00,719.0666857437122,719.0666857437122
650,co2_sensor,2023-12-01 12:20:00+01:00,681.9459331004393,681.9459331004393
651,co2_sensor,2023-12-01 12:30:00+01:00,633.3977808383363,633.3977808383363
652,co2_sensor,2023-12-01 12:40:00+01:00,600.677542584713,600.677542584713
653,co2_sensor,2023-12-01 12:50:00+01:00,580.145097696628,580.145097696628
654,co2_sensor,2023-12-01 13:00:00+01:00,562.7274391121255,562.7274391121255
655,co2_sensor,2023-12-01 13:10:00+01:00,550.3051135469337,550.3051135469337
656,co2_sensor,2023-12-01 13:20:00+01:00,537.3398156346524,537.3398156346524
657,co2_sensor,2023-12-01 13:30:00+01:00,527.2733400182748,527.2733400182748
658,co2_sensor,2023-12-01 13:40:00+01:00,521.9383631600512,521.9383631600512
659,co2_sensor,2023-12-01 13:50:00+01:00,515.9068277062541,515.9068277062541
660,co2_sensor,2023-12-01 14:00:00+01:00,509.5316608698545,509.5316608698545
661,co2_sensor,2023-12-01 14:10:00+01:00,506.1525821846223,506.1525821846223
662,co2_sensor,2023-12-01 14:20:00+01:00,501.1732280387822,501.1732280387822
663,co2_sensor,2023-12-01 14:30:00+01:00,498.5330440399108,498.5330440399108
664,co2_sensor,2023-12-01 14:40:00+01:00,497.1335537316738,497.1335537316738
665,co2_sensor,2023-12-01 14:50:00+01:00,493.2006554171417,493.2006554171417
666,co2_sensor,2023-12-01 15:00:00+01:00,487.7729524236562,487.7729524236562
667,co2_sensor,2023-12-01 15:10:00+01:00,481.4006055596618,481.4006055596618
668,co2_sensor,2023-12-01 15:20:00+01:00,478.0231839814469,478.0231839814469
669,co2_sensor,2023-12-01 15:30:00+01:00,476.2331274458735,476.2331274458735
670,co2_sensor,2023-12-01 15:40:00+01:00,475.28439024736855,475.28439024736855
671,co2_sensor,2023-12-01 15:50:00+01:00,471.286509234801,471.286509234801
672,co2_sensor,2023-12-01 16:00:00+01:00,469.16750600549045,469.16750600549045
673,co2_sensor,2023-12-01 16:10:00+01:00,471.3875125438494,471.3875125438494
674,co2_sensor,2023-12-01 16:20:00+01:00,472.5641705248756,472.5641705248756
675,co2_sensor,2023-12-01 16:30:00+01:00,469.9966024480922,469.9966024480922
676,co2_sensor,2023-12-01 16:40:00+01:00,468.6357292362415,468.6357292362415
677,co2_sensor,2023-12-01 16:50:00+01:00,471.1056346979652,471.1056346979652
678,co2_sensor,2023-12-01 17:00:00+01:00,495.35915459322473,495.35915459322473
679,co2_sensor,2023-12-01 17:10:00+01:00,508.2231554143364,508.2231554143364
680,co2_sensor,2023-12-01 17:20:00+01:00,505.4600296771933,505.4600296771933
681,co2_sensor,2023-12-01 17:30:00+01:00,503.995223111788,503.995223111788
682,co2_sensor,2023-12-01 17:40:00+01:00,514.0135297896347,514.0135297896347
683,co2_sensor,2023-12-01 17:50:00+01:00,532.4119604447005,532.4119604447005
684,co2_sensor,2023-12-01 18:00:00+01:00,549.4452698433504,549.4452698433504
685,co2_sensor,2023-12-01 18:10:00+01:00,578.0719494433782,578.0719494433782
686,co2_sensor,2023-12-01 18:20:00+01:00,589.901115118942,589.901115118942
687,co2_sensor,2023-12-01 18:30:00+01:00,599.5063317589885,599.5063317589885
688,co2_sensor,2023-12-01 18:40:00+01:00,607.788451677543,607.788451677543
689,co2_sensor,2023-12-01 18:50:00+01:00,605.4935805461597,605.4935805461597
690,co2_sensor,2023-12-01 19:00:00+01:00,607.6198054786385,607.6198054786385
691,co2_sensor,2023-12-01 19:10:00+01:00,638.8340910995003,638.8340910995003
692,co2_sensor,2023-12-01 19:20:00+01:00,665.1120131855142,665.1120131855142
693,co2_sensor,2023-12-01 19:30:00+01:00,675.6928629220881,675.6928629220881
694,co2_sensor,2023-12-01 19:40:00+01:00,681.2987487837539,681.2987487837539
695,co2_sensor,2023-12-01 19:50:00+01:00,687.4653658304438,687.4653658304438
696,co2_sensor,2023-12-01 20:00:00+01:00,690.7338277162071,690.7338277162071
697,co2_sensor,2023-12-01 20:10:00+01:00,698.8457989446465,698.8457989446465
698,co2_sensor,2023-12-01 20:20:00+01:00,709.5443924340287,709.5443924340287
699,co2_sensor,2023-12-01 20:30:00+01:00,708.8121340132043,708.8121340132043
700,co2_sensor,2023-12-01 20:40:00+01:00,708.4323315486135,708.4323315486135
701,co2_sensor,2023-12-01 20:50:00+01:00,718.5672451491117,718.5672451491117
702,co2_sensor,2023-12-01 21:00:00+01:00,723.8507885725273,723.8507885725273
703,co2_sensor,2023-12-01 21:10:00+01:00,726.5557904011087,726.5557904011087
704,co2_sensor,2023-12-01 21:20:00+01:00,724.8504718876163,724.8504718876163
705,co2_sensor,2023-12-01 21:30:00+01:00,714.3641162880451,714.3641162880451
706,co2_sensor,2023-12-01 21:40:00+01:00,705.652191923078,705.652191923078
707,co2_sensor,2023-12-01 21:50:00+01:00,701.1036714739449,701.1036714739449
708,co2_sensor,2023-12-01 22:00:00+01:00,695.4293570738408,695.4293570738408
709,co2_sensor,2023-12-01 22:10:00+01:00,689.2311886428403,689.2311886428403
710,co2_sensor,2023-12-01 22:20:00+01:00,682.7175276375481,682.7175276375481
711,co2_sensor,2023-12-01 22:30:00+01:00,679.3284256816892,679.3284256816892
712,co2_sensor,2023-12-01 22:40:00+01:00,681.3074907158996,681.3074907158996
713,co2_sensor,2023-12-01 22:50:00+01:00,682.3924336675759,682.3924336675759
714,co2_sensor,2023-12-01 23:00:00+01:00,690.1765410737347,690.1765410737347
715,co2_sensor,2023-12-01 23:10:00+01:00,694.2709336286836,694.2709336286836
716,co2_sensor,2023-12-01 23:20:00+01:00,696.6977365917681,696.6977365917681
717,co2_sensor,2023-12-01 23:30:00+01:00,698.1305315441931,698.1305315441931
718,co2_sensor,2023-12-01 23:40:00+01:00,698.7485841112668,698.7485841112668
719,co2_sensor,2023-12-01 23:50:00+01:00,702.3079171716622,702.3079171716622
720,co2_sensor,2023-12-02 00:00:00+01:00,708.1052732573063,708.1052732573063
721,co2_sensor,2023-12-02 00:10:00+01:00,708.0561795422949,708.0561795422949
722,co2_sensor,2023-12-02 00:20:00+01:00,704.9059749697759,704.9059749697759
723,co2_sensor,2023-12-02 00:30:00+01:00,693.5330193926977,693.5330193926977
724,co2_sensor,2023-12-02 00:40:00+01:00,674.6326942370807,674.6326942370807
725,co2_sensor,2023-12-02 00:50:00+01:00,654.9018455006996,654.9018455006996
726,co2_sensor,2023-12-02 01:00:00+01:00,628.4870448514205,628.4870448514205
727,co2_sensor,2023-12-02 01:10:00+01:00,607.5026738115151,607.5026738115151
728,co2_sensor,2023-12-02 01:20:00+01:00,586.8891714095249,586.8891714095249
729,co2_sensor,2023-12-02 01:30:00+01:00,569.5819756332783,569.5819756332783
730,co2_sensor,2023-12-02 01:40:00+01:00,553.9454578710294,553.9454578710294
731,co2_sensor,2023-12-02 01:50:00+01:00,539.2457239135225,539.2457239135225
732,co2_sensor,2023-12-02 02:00:00+01:00,524.9803948865225,524.9803948865225
733,co2_sensor,2023-12-02 02:10:00+01:00,513.7487850941549,513.7487850941549
734,co2_sensor,2023-12-02 02:20:00+01:00,504.4082247227437,504.4082247227437
735,co2_sensor,2023-12-02 02:30:00+01:00,492.98622357345903,492.98622357345903
736,co2_sensor,2023-12-02 02:40:00+01:00,486.6954515217442,486.6954515217442
737,co2_sensor,2023-12-02 02:50:00+01:00,480.54141200801706,480.54141200801706
738,co2_sensor,2023-12-02 03:00:00+01:00,474.1313843447053,474.1313843447053
739,co2_sensor,2023-12-02 03:10:00+01:00,467.5418909455482,467.5418909455482
740,co2_sensor,2023-12-02 03:20:00+01:00,464.0350372554601,464.0350372554601
741,co2_sensor,2023-12-02 03:30:00+01:00,458.95605387478906,458.95605387478906
742,co2_sensor,2023-12-02 03:40:00+01:00,453.1022130734249,453.1022130734249
743,co2_sensor,2023-12-02 03:50:00+01:00,449.997274255522,449.997274255522
744,co2_sensor,2023-12-02 04:00:00+01:00,445.1583918456927,445.1583918456927
745,co2_sensor,2023-12-02 04:10:00+01:00,442.66651997586297,442.66651997586297
746,co2_sensor,2023-12-02 04:20:00+01:00,441.2810684736498,441.2810684736498
747,co2_sensor,2023-12-02 04:30:00+01:00,437.39354031336,437.39354031336
748,co2_sensor,2023-12-02 04:40:00+01:00,435.3418878912465,435.3418878912465
749,co2_sensor,2023-12-02 04:50:00+01:00,437.42968297436727,437.42968297436727
750,co2_sensor,2023-12-02 05:00:00+01:00,438.5867275956949,438.5867275956949
751,co2_sensor,2023-12-02 05:10:00+01:00,452.6548891343437,452.6548891343437
752,co2_sensor,2023-12-02 05:20:00+01:00,466.6723098995949,466.6723098995949
753,co2_sensor,2023-12-02 05:30:00+01:00,470.66328779304894,470.66328779304894
754,co2_sensor,2023-12-02 05:40:00+01:00,469.6237622537888,469.6237622537888
755,co2_sensor,2023-12-02 05:50:00+01:00,465.7196211035888,465.7196211035888
756,co2_sensor,2023-12-02 06:00:00+01:00,460.4696515907818,460.4696515907818
757,co2_sensor,2023-12-02 06:10:00+01:00,454.4981731691451,454.4981731691451
758,co2_sensor,2023-12-02 06:20:00+01:00,451.3026081961028,451.3026081961028
759,co2_sensor,2023-12-02 06:30:00+01:00,446.4173527735677,446.4173527735677
760,co2_sensor,2023-12-02 06:40:00+01:00,443.8286739286612,443.8286739286612
761,co2_sensor,2023-12-02 06:50:00+01:00,439.26498067538967,439.26498067538967
762,co2_sensor,2023-12-02 07:00:00+01:00,436.8465419491407,436.8465419491407
763,co2_sensor,2023-12-02 07:10:00+01:00,435.5649198325692,435.5649198325692
764,co2_sensor,2023-12-02 07:20:00+01:00,434.88574308519736,434.88574308519736
765,co2_sensor,2023-12-02 07:30:00+01:00,431.334003717022,431.334003717022
766,co2_sensor,2023-12-02 07:40:00+01:00,429.4518106115839,429.4518106115839
767,co2_sensor,2023-12-02 07:50:00+01:00,428.45434558943,428.45434558943
768,co2_sensor,2023-12-02 08:00:00+01:00,427.9257591554075,427.9257591554075
769,co2_sensor,2023-12-02 08:10:00+01:00,427.64564536569753,427.64564536569753
770,co2_sensor,2023-12-02 08:20:00+01:00,427.49720342254113,427.49720342254113
771,co2_sensor,2023-12-02 08:30:00+01:00,430.6101290171848,430.6101290171848
772,co2_sensor,2023-12-02 08:40:00+01:00,438.6428956274956,438.6428956274956
773,co2_sensor,2023-12-02 08:50:00+01:00,446.0914706934238,446.0914706934238
774,co2_sensor,2023-12-02 09:00:00+01:00,450.0392061423372,450.0392061423372
775,co2_sensor,2023-12-02 09:10:00+01:00,448.9400280166983,448.9400280166983
776,co2_sensor,2023-12-02 09:20:00+01:00,448.3573492164016,448.3573492164016
777,co2_sensor,2023-12-02 09:30:00+01:00,444.8569174786485,444.8569174786485
778,co2_sensor,2023-12-02 09:40:00+01:00,443.0002835470801,443.0002835470801
779,co2_sensor,2023-12-02 09:50:00+01:00,438.823903265942,438.823903265942
780,co2_sensor,2023-12-02 10:00:00+01:00,436.6126982752226,436.6126982752226
781,co2_sensor,2023-12-02 10:10:00+01:00,435.44061799469375,435.44061799469375
782,co2_sensor,2023-12-02 10:20:00+01:00,434.81967593099466,434.81967593099466
783,co2_sensor,2023-12-02 10:30:00+01:00,434.490714249939,434.490714249939
784,co2_sensor,2023-12-02 10:40:00+01:00,434.3165427141485,434.3165427141485
785,co2_sensor,2023-12-02 10:50:00+01:00,437.7188558947536,437.7188558947536
786,co2_sensor,2023-12-02 11:00:00+01:00,443.1691627338979,443.1691627338979
787,co2_sensor,2023-12-02 11:10:00+01:00,446.0588514096282,446.0588514096282
788,co2_sensor,2023-12-02 11:20:00+01:00,450.78186295629297,450.78186295629297
789,co2_sensor,2023-12-02 11:30:00+01:00,453.2849554847024,453.2849554847024
790,co2_sensor,2023-12-02 11:40:00+01:00,454.61153907446345,454.61153907446345
791,co2_sensor,2023-12-02 11:50:00+01:00,455.3145987068877,455.3145987068877
792,co2_sensor,2023-12-02 12:00:00+01:00,462.6782268613051,462.6782268613051
793,co2_sensor,2023-12-02 12:10:00+01:00,469.7722260355407,469.7722260355407
794,co2_sensor,2023-12-02 12:20:00+01:00,473.5317871863323,473.5317871863323
795,co2_sensor,2023-12-02 12:30:00+01:00,475.5243506398967,475.5243506398967
796,co2_sensor,2023-12-02 12:40:00+01:00,473.3889359462714,473.3889359462714
797,co2_sensor,2023-12-02 12:50:00+01:00,469.0657596448526,469.0657596448526
798,co2_sensor,2023-12-02 13:00:00+01:00,463.5831252170116,463.5831252170116
799,co2_sensor,2023-12-02 13:10:00+01:00,457.4866403009778,457.4866403009778
800,co2_sensor,2023-12-02 13:20:00+01:00,451.0651014985101,451.0651014985101
801,co2_sensor,2023-12-02 13:30:00+01:00,447.6582172607992,447.6582172607992
802,co2_sensor,2023-12-02 13:40:00+01:00,442.6617426711499,442.6617426711499
803,co2_sensor,2023-12-02 13:50:00+01:00,440.0082784525183,440.0082784525183
804,co2_sensor,2023-12-02 14:00:00+01:00,435.2641794235578,435.2641794235578
805,co2_sensor,2023-12-02 14:10:00+01:00,432.7491188794484,432.7491188794484
806,co2_sensor,2023-12-02 14:20:00+01:00,431.4184756818752,431.4184756818752
807,co2_sensor,2023-12-02 14:30:00+01:00,430.712884547024,430.712884547024
808,co2_sensor,2023-12-02 14:40:00+01:00,430.3387905576631,430.3387905576631
809,co2_sensor,2023-12-02 14:50:00+01:00,430.1404368936983,430.1404368936983
810,co2_sensor,2023-12-02 15:00:00+01:00,426.8444327733562,426.8444327733562
811,co2_sensor,2023-12-02 15:10:00+01:00,425.0969586275467,425.0969586275467
812,co2_sensor,2023-12-02 15:20:00+01:00,424.1707929889813,424.1707929889813
813,co2_sensor,2023-12-02 15:30:00+01:00,423.67992861916986,423.67992861916986
814,co2_sensor,2023-12-02 15:40:00+01:00,423.4197730400308,423.4197730400308
815,co2_sensor,2023-12-02 15:50:00+01:00,420.0905071592997,420.0905071592997
816,co2_sensor,2023-12-02 16:00:00+01:00,421.5173179593002,421.5173179593002
817,co2_sensor,2023-12-02 16:10:00+01:00,422.2735529556044,422.2735529556044
818,co2_sensor,2023-12-02 16:20:00+01:00,425.865603182549,425.865603182549
819,co2_sensor,2023-12-02 16:30:00+01:00,427.7694773318544,427.7694773318544
820,co2_sensor,2023-12-02 16:40:00+01:00,425.5873417573701,425.5873417573701
821,co2_sensor,2023-12-02 16:50:00+01:00,424.430824942917,424.430824942917
822,co2_sensor,2023-12-02 17:00:00+01:00,423.8178373847039,423.8178373847039
823,co2_sensor,2023-12-02 17:10:00+01:00,423.4927079569476,423.4927079569476
824,co2_sensor,2023-12-02 17:20:00+01:00,423.320483576706,423.320483576706
825,co2_sensor,2023-12-02 17:30:00+01:00,420.0366788417062,420.0366788417062
826,co2_sensor,2023-12-02 17:40:00+01:00,418.2968528180934,418.2968528180934
827,co2_sensor,2023-12-02 17:50:00+01:00,417.3752203448939,417.3752203448939
828,co2_sensor,2023-12-02 18:00:00+01:00,416.88672071540486,416.88672071540486
829,co2_sensor,2023-12-02 18:10:00+01:00,416.6278982270202,416.6278982270202
830,co2_sensor,2023-12-02 18:20:00+01:00,416.49083459880575,416.49083459880575
831,co2_sensor,2023-12-02 18:30:00+01:00,416.4181748008433,416.4181748008433
832,co2_sensor,2023-12-02 18:40:00+01:00,416.3796308375116,416.3796308375116
833,co2_sensor,2023-12-02 18:50:00+01:00,416.3592136246703,416.3592136246703
834,co2_sensor,2023-12-02 19:00:00+01:00,416.3483983813222,416.3483983813222
835,co2_sensor,2023-12-02 19:10:00+01:00,416.3426719056524,416.3426719056524
836,co2_sensor,2023-12-02 19:20:00+01:00,416.3396408136993,416.3396408136993
837,co2_sensor,2023-12-02 19:30:00+01:00,416.3380345969263,416.3380345969263
838,co2_sensor,2023-12-02 19:40:00+01:00,416.3371834592222,416.3371834592222
839,co2_sensor,2023-12-02 19:50:00+01:00,416.3367322233333,416.3367322233333
840,co2_sensor,2023-12-02 20:00:00+01:00,416.3364928320209,416.3364928320209
841,co2_sensor,2023-12-02 20:10:00+01:00,416.3363657219083,416.3363657219083
842,co2_sensor,2023-12-02 20:20:00+01:00,416.3362988404269,416.3362988404269
843,co2_sensor,2023-12-02 20:30:00+01:00,416.3362632360922,416.3362632360922
844,co2_sensor,2023-12-02 20:40:00+01:00,416.33624451543255,416.33624451543255
845,co2_sensor,2023-12-02 20:50:00+01:00,416.3362348000828,416.3362348000828
846,co2_sensor,2023-12-02 21:00:00+01:00,416.3362299960985,416.3362299960985
847,co2_sensor,2023-12-02 21:10:00+01:00,416.3362274339449,416.3362274339449
848,co2_sensor,2023-12-02 21:20:00+01:00,416.33622596936186,416.33622596936186
849,co2_sensor,2023-12-02 21:30:00+01:00,416.33622513988274,416.33622513988274
850,co2_sensor,2023-12-02 21:40:00+01:00,416.3362246038032,416.3362246038032
851,co2_sensor,2023-12-02 21:50:00+01:00,416.3362243189876,416.3362243189876
852,co2_sensor,2023-12-02 22:00:00+01:00,416.3362241643539,416.3362241643539
853,co2_sensor,2023-12-02 22:10:00+01:00,416.33622408126325,416.33622408126325
854,co2_sensor,2023-12-02 22:20:00+01:00,416.336224037325,416.336224037325
855,co2_sensor,2023-12-02 22:30:00+01:00,416.3362240142712,416.3362240142712
856,co2_sensor,2023-12-02 22:40:00+01:00,416.3362240005934,416.3362240005934
857,co2_sensor,2023-12-02 22:50:00+01:00,416.3362239928944,416.3362239928944
858,co2_sensor,2023-12-02 23:00:00+01:00,416.3362239890894,416.3362239890894
859,co2_sensor,2023-12-02 23:10:00+01:00,416.3362239868584,416.3362239868584
860,co2_sensor,2023-12-02 23:20:00+01:00,416.33622398486045,416.33622398486045
861,co2_sensor,2023-12-02 23:30:00+01:00,416.33622398373456,416.33622398373456
862,co2_sensor,2023-12-02 23:40:00+01:00,416.3362239831124,416.3362239831124
863,co2_sensor,2023-12-02 23:50:00+01:00,416.3362239827643,416.3362239827643
864,co2_sensor,2023-12-03 00:00:00+01:00,416.3362239825681,416.3362239825681
865,co2_sensor,2023-12-03 00:10:00+01:00,416.3362239824669,416.3362239824669
866,co2_sensor,2023-12-03 00:20:00+01:00,416.3362239824052,416.3362239824052
867,co2_sensor,2023-12-03 00:30:00+01:00,416.33622398237,416.33622398237
868,co2_sensor,2023-12-03 00:40:00+01:00,416.3362239823508,416.3362239823508
869,co2_sensor,2023-12-03 00:50:00+01:00,416.33622398234047,416.33622398234047
870,co2_sensor,2023-12-03 01:00:00+01:00,416.33622398233433,416.33622398233433
871,co2_sensor,2023-12-03 01:10:00+01:00,416.3362239823308,416.3362239823308
872,co2_sensor,2023-12-03 01:20:00+01:00,416.3362239823288,416.3362239823288
873,co2_sensor,2023-12-03 01:30:00+01:00,416.3362239823276,416.3362239823276
874,co2_sensor,2023-12-03 01:40:00+01:00,416.3362239823271,416.3362239823271
875,co2_sensor,2023-12-03 01:50:00+01:00,416.3362239823266,416.3362239823266
876,co2_sensor,2023-12-03 02:00:00+01:00,416.3362239823264,416.3362239823264
877,co2_sensor,2023-12-03 02:10:00+01:00,416.3362239823263,416.3362239823263
878,co2_sensor,2023-12-03 02:20:00+01:00,416.3362239823262,416.3362239823262
879,co2_sensor,2023-12-03 02:30:00+01:00,416.3362239823262,416.3362239823262
880,co2_sensor,2023-12-03 02:40:00+01:00,416.3362239823262,416.3362239823262
881,co2_sensor,2023-12-03 02:50:00+01:00,416.3362239823262,416.3362239823262
882,co2_sensor,2023-12-03 03:00:00+01:00,416.3362239823262,416.3362239823262
883,co2_sensor,2023-12-03 03:10:00+01:00,416.3362239823262,416.3362239823262
884,co2_sensor,2023-12-03 03:20:00+01:00,416.3362239823262,416.3362239823262
885,co2_sensor,2023-12-03 03:30:00+01:00,416.3362239823262,416.3362239823262
886,co2_sensor,2023-12-03 03:40:00+01:00,416.3362239823262,416.3362239823262
887,co2_sensor,2023-12-03 03:50:00+01:00,416.3362239823262,416.3362239823262
888,co2_sensor,2023-12-03 04:00:00+01:00,419.49907291107394,419.49907291107394
889,co2_sensor,2023-12-03 04:10:00+01:00,418.0997592193867,418.0997592193867
890,co2_sensor,2023-12-03 04:20:00+01:00,417.3266511678383,417.3266511678383
891,co2_sensor,2023-12-03 04:30:00+01:00,420.0169848470878,420.0169848470878
892,co2_sensor,2023-12-03 04:40:00+01:00,421.4153531058255,421.4153531058255
893,co2_sensor,2023-12-03 04:50:00+01:00,422.16600899191445,422.16600899191445
894,co2_sensor,2023-12-03 05:00:00+01:00,422.5824411558455,422.5824411558455
895,co2_sensor,2023-12-03 05:10:00+01:00,426.4662914975975,426.4662914975975
896,co2_sensor,2023-12-03 05:20:00+01:00,428.4466049702072,428.4466049702072
897,co2_sensor,2023-12-03 05:30:00+01:00,429.5374627264126,429.5374627264126
898,co2_sensor,2023-12-03 05:40:00+01:00,430.13781303388265,430.13781303388265
899,co2_sensor,2023-12-03 05:50:00+01:00,430.6052292140529,430.6052292140529
900,co2_sensor,2023-12-03 06:00:00+01:00,434.0560675426696,434.0560675426696
901,co2_sensor,2023-12-03 06:10:00+01:00,435.844362064176,435.844362064176
902,co2_sensor,2023-12-03 06:20:00+01:00,436.85780581509385,436.85780581509385
903,co2_sensor,2023-12-03 06:30:00+01:00,434.2027895325425,434.2027895325425
904,co2_sensor,2023-12-03 06:40:00+01:00,432.795903562886,432.795903562886
905,co2_sensor,2023-12-03 06:50:00+01:00,432.05040304265793,432.05040304265793
906,co2_sensor,2023-12-03 07:00:00+01:00,431.6553424779452,431.6553424779452
907,co2_sensor,2023-12-03 07:10:00+01:00,431.4459858013845,431.4459858013845
908,co2_sensor,2023-12-03 07:20:00+01:00,431.3350391461228,431.3350391461228
909,co2_sensor,2023-12-03 07:30:00+01:00,431.27624549511256,431.27624549511256
910,co2_sensor,2023-12-03 07:40:00+01:00,431.2450890563449,431.2450890563449
911,co2_sensor,2023-12-03 07:50:00+01:00,431.2285783180784,431.2285783180784
912,co2_sensor,2023-12-03 08:00:00+01:00,431.2198290947041,431.2198290947041
913,co2_sensor,2023-12-03 08:10:00+01:00,434.4067063990564,434.4067063990564
914,co2_sensor,2023-12-03 08:20:00+01:00,436.0956163194382,436.0956163194382
915,co2_sensor,2023-12-03 08:30:00+01:00,440.18173910196793,440.18173910196793
916,co2_sensor,2023-12-03 08:40:00+01:00,445.6899505514587,445.6899505514587
917,co2_sensor,2023-12-03 08:50:00+01:00,448.6095481068543,448.6095481068543
918,co2_sensor,2023-12-03 09:00:00+01:00,450.1573816014802,450.1573816014802
919,co2_sensor,2023-12-03 09:10:00+01:00,450.9779507257139,450.9779507257139
920,co2_sensor,2023-12-03 09:20:00+01:00,448.2224899460846,448.2224899460846
921,co2_sensor,2023-12-03 09:30:00+01:00,446.7615093583339,446.7615093583339
922,co2_sensor,2023-12-03 09:40:00+01:00,445.9870751812501,445.9870751812501
923,co2_sensor,2023-12-03 09:50:00+01:00,445.5766027247586,445.5766027247586
924,co2_sensor,2023-12-03 10:00:00+01:00,445.35903077385393,445.35903077385393
925,co2_sensor,2023-12-03 10:10:00+01:00,445.0917447821118,445.0917447821118
926,co2_sensor,2023-12-03 10:20:00+01:00,445.10205770013926,445.10205770013926
927,co2_sensor,2023-12-03 10:30:00+01:00,445.1075232568266,445.1075232568266
928,co2_sensor,2023-12-03 10:40:00+01:00,445.1104207221741,445.1104207221741
929,co2_sensor,2023-12-03 10:50:00+01:00,445.1119559091456,445.1119559091456
930,co2_sensor,2023-12-03 11:00:00+01:00,451.4959825703319,451.4959825703319
931,co2_sensor,2023-12-03 11:10:00+01:00,454.8786546567658,454.8786546567658
932,co2_sensor,2023-12-03 11:20:00+01:00,456.67244977599177,456.67244977599177
933,co2_sensor,2023-12-03 11:30:00+01:00,457.6227303136093,457.6227303136093
934,co2_sensor,2023-12-03 11:40:00+01:00,454.9345179421355,454.9345179421355
935,co2_sensor,2023-12-03 11:50:00+01:00,456.7020718862722,456.7020718862722
936,co2_sensor,2023-12-03 12:00:00+01:00,464.02023440998886,464.02023440998886
937,co2_sensor,2023-12-03 12:10:00+01:00,467.8992369087928,467.8992369087928
938,co2_sensor,2023-12-03 12:20:00+01:00,469.9554621316407,469.9554621316407
939,co2_sensor,2023-12-03 12:30:00+01:00,471.0457341395388,471.0457341395388
940,co2_sensor,2023-12-03 12:40:00+01:00,465.23862347399887,465.23862347399887
941,co2_sensor,2023-12-03 12:50:00+01:00,462.1611273780035,462.1611273780035
942,co2_sensor,2023-12-03 13:00:00+01:00,457.33780782094914,457.33780782094914
943,co2_sensor,2023-12-03 13:10:00+01:00,451.59358151906366,451.59358151906366
944,co2_sensor,2023-12-03 13:20:00+01:00,448.54862821872655,448.54862821872655
945,co2_sensor,2023-12-03 13:30:00+01:00,446.93403936633945,446.93403936633945
946,co2_sensor,2023-12-03 13:40:00+01:00,442.887491052324,442.887491052324
947,co2_sensor,2023-12-03 13:50:00+01:00,440.74082731289707,440.74082731289707
948,co2_sensor,2023-12-03 14:00:00+01:00,439.6038953912909,439.6038953912909
949,co2_sensor,2023-12-03 14:10:00+01:00,435.65839445254153,435.65839445254153
950,co2_sensor,2023-12-03 14:20:00+01:00,436.7592064487525,436.7592064487525
951,co2_sensor,2023-12-03 14:30:00+01:00,437.34254714495785,437.34254714495785
952,co2_sensor,2023-12-03 14:40:00+01:00,437.6516908466333,437.6516908466333
953,co2_sensor,2023-12-03 14:50:00+01:00,434.6237124959662,434.6237124959662
954,co2_sensor,2023-12-03 15:00:00+01:00,433.01790843248847,433.01790843248847
955,co2_sensor,2023-12-03 15:10:00+01:00,432.1674226944626,432.1674226944626
956,co2_sensor,2023-12-03 15:20:00+01:00,431.7170926336208,431.7170926336208
957,co2_sensor,2023-12-03 15:30:00+01:00,431.4787137366668,431.4787137366668
958,co2_sensor,2023-12-03 15:40:00+01:00,431.3523124209828,431.3523124209828
959,co2_sensor,2023-12-03 15:50:00+01:00,431.285291934558,431.285291934558
960,co2_sensor,2023-12-03 16:00:00+01:00,428.0562070649427,428.0562070649427
961,co2_sensor,2023-12-03 16:10:00+01:00,426.49822604239256,426.49822604239256
962,co2_sensor,2023-12-03 16:20:00+01:00,425.67287732769313,425.67287732769313
963,co2_sensor,2023-12-03 16:30:00+01:00,425.2359395905099,425.2359395905099
964,co2_sensor,2023-12-03 16:40:00+01:00,425.00434445576246,425.00434445576246
965,co2_sensor,2023-12-03 16:50:00+01:00,424.8815868845841,424.8815868845841
966,co2_sensor,2023-12-03 17:00:00+01:00,424.8164920386224,424.8164920386224
967,co2_sensor,2023-12-03 17:10:00+01:00,424.7820160408583,424.7820160408583
968,co2_sensor,2023-12-03 17:20:00+01:00,424.763739010282,424.763739010282
969,co2_sensor,2023-12-03 17:30:00+01:00,424.75405295142286,424.75405295142286
970,co2_sensor,2023-12-03 17:40:00+01:00,424.748917306882,424.748917306882
971,co2_sensor,2023-12-03 17:50:00+01:00,424.7461961908399,424.7461961908399
972,co2_sensor,2023-12-03 18:00:00+01:00,424.7447550071848,424.7447550071848
973,co2_sensor,2023-12-03 18:10:00+01:00,424.7439923958092,424.7439923958092
974,co2_sensor,2023-12-03 18:20:00+01:00,424.7435881786407,424.7435881786407
975,co2_sensor,2023-12-03 18:30:00+01:00,424.7433738634289,424.7433738634289
976,co2_sensor,2023-12-03 18:40:00+01:00,424.743260311181,424.743260311181
977,co2_sensor,2023-12-03 18:50:00+01:00,424.7432001221301,424.7432001221301
978,co2_sensor,2023-12-03 19:00:00+01:00,424.74316822247823,424.74316822247823
979,co2_sensor,2023-12-03 19:10:00+01:00,424.743151316409,424.743151316409
980,co2_sensor,2023-12-03 19:20:00+01:00,424.7431423550554,424.7431423550554
981,co2_sensor,2023-12-03 19:30:00+01:00,424.7431376063002,424.7431376063002
982,co2_sensor,2023-12-03 19:40:00+01:00,424.74313508991287,424.74313508991287
983,co2_sensor,2023-12-03 19:50:00+01:00,424.7431337551382,424.7431337551382
984,co2_sensor,2023-12-03 20:00:00+01:00,424.7431330478608,424.7431330478608
985,co2_sensor,2023-12-03 20:10:00+01:00,424.7431326726349,424.7431326726349
986,co2_sensor,2023-12-03 20:20:00+01:00,421.545020207898,421.545020207898
987,co2_sensor,2023-12-03 20:30:00+01:00,419.8598860952334,419.8598860952334
988,co2_sensor,2023-12-03 20:40:00+01:00,418.95814704771976,418.95814704771976
989,co2_sensor,2023-12-03 20:50:00+01:00,418.48046631930936,418.48046631930936
990,co2_sensor,2023-12-03 21:00:00+01:00,418.2151094721535,418.2151094721535
991,co2_sensor,2023-12-03 21:10:00+01:00,418.0931784089946,418.0931784089946
992,co2_sensor,2023-12-03 21:20:00+01:00,418.03170477025486,418.03170477025486
993,co2_sensor,2023-12-03 21:30:00+01:00,417.9953925196907,417.9953925196907
994,co2_sensor,2023-12-03 21:40:00+01:00,417.9747307618575,417.9747307618575
995,co2_sensor,2023-12-03 21:50:00+01:00,417.9651362452733,417.9651362452733
996,co2_sensor,2023-12-03 22:00:00+01:00,417.9595372283847,417.9595372283847
997,co2_sensor,2023-12-03 22:10:00+01:00,417.9566345629786,417.9566345629786
998,co2_sensor,2023-12-03 22:20:00+01:00,417.9550471436231,417.9550471436231
999,co2_sensor,2023-12-03 22:30:00+01:00,417.9541380775558,417.9541380775558
1000,co2_sensor,2023-12-03 22:40:00+01:00,417.95362020695546,417.95362020695546
1001,co2_sensor,2023-12-03 22:50:00+01:00,417.9533252177898,417.9533252177898
1002,co2_sensor,2023-12-03 23:00:00+01:00,417.9531490279525,417.9531490279525
1003,co2_sensor,2023-12-03 23:10:00+01:00,417.9530524419346,417.9530524419346
1004,co2_sensor,2023-12-03 23:20:00+01:00,417.9529989790454,417.9529989790454
1005,co2_sensor,2023-12-03 23:30:00+01:00,417.9529689380561,417.9529689380561
1006,co2_sensor,2023-12-03 23:40:00+01:00,417.9529517951647,417.9529517951647
1007,co2_sensor,2023-12-03 23:50:00+01:00,417.9529418578716,417.9529418578716
1008,co2_sensor,2023-12-04 00:00:00+01:00,417.9529360081408,417.9529360081408
1009,co2_sensor,2023-12-04 00:10:00+01:00,417.9529321566038,417.9529321566038
1010,co2_sensor,2023-12-04 00:20:00+01:00,417.95292995807625,417.95292995807625
1011,co2_sensor,2023-12-04 00:30:00+01:00,417.9529287234848,417.9529287234848
1012,co2_sensor,2023-12-04 00:40:00+01:00,417.9529280295451,417.9529280295451
1013,co2_sensor,2023-12-04 00:50:00+01:00,414.7906101161934,414.7906101161934
1014,co2_sensor,2023-12-04 01:00:00+01:00,416.3364241566901,416.3364241566901
1015,co2_sensor,2023-12-04 01:10:00+01:00,417.24308126190175,417.24308126190175
1016,co2_sensor,2023-12-04 01:20:00+01:00,417.84165320317015,417.84165320317015
1017,co2_sensor,2023-12-04 01:30:00+01:00,418.1165667996538,418.1165667996538
1018,co2_sensor,2023-12-04 01:40:00+01:00,418.2985342832496,418.2985342832496
1019,co2_sensor,2023-12-04 01:50:00+01:00,418.3388380910925,418.3388380910925
1020,co2_sensor,2023-12-04 02:00:00+01:00,414.8392269266778,414.8392269266778
1021,co2_sensor,2023-12-04 02:10:00+01:00,413.025477328495,413.025477328495
1022,co2_sensor,2023-12-04 02:20:00+01:00,412.0579945022222,412.0579945022222
1023,co2_sensor,2023-12-04 02:30:00+01:00,414.6429440172431,414.6429440172431
1024,co2_sensor,2023-12-04 02:40:00+01:00,412.89527047701176,412.89527047701176
1025,co2_sensor,2023-12-04 02:50:00+01:00,411.9865524887591,411.9865524887591
1026,co2_sensor,2023-12-04 03:00:00+01:00,411.4940633279124,411.4940633279124
1027,co2_sensor,2023-12-04 03:10:00+01:00,411.20734434310265,411.20734434310265
1028,co2_sensor,2023-12-04 03:20:00+01:00,411.047237374132,411.047237374132
1029,co2_sensor,2023-12-04 03:30:00+01:00,410.960754543045,410.960754543045
1030,co2_sensor,2023-12-04 03:40:00+01:00,410.91376727381777,410.91376727381777
1031,co2_sensor,2023-12-04 03:50:00+01:00,410.8822844681101,410.8822844681101
1032,co2_sensor,2023-12-04 04:00:00+01:00,410.8637071758742,410.8637071758742
1033,co2_sensor,2023-12-04 04:10:00+01:00,410.8529299346387,410.8529299346387
1034,co2_sensor,2023-12-04 04:20:00+01:00,410.84745766460566,410.84745766460566
1035,co2_sensor,2023-12-04 04:30:00+01:00,410.8439239535505,410.8439239535505
1036,co2_sensor,2023-12-04 04:40:00+01:00,410.8418960725722,410.8418960725722
1037,co2_sensor,2023-12-04 04:50:00+01:00,414.0158044273025,414.0158044273025
1038,co2_sensor,2023-12-04 05:00:00+01:00,415.6164816814321,415.6164816814321
1039,co2_sensor,2023-12-04 05:10:00+01:00,419.6423421414502,419.6423421414502
1040,co2_sensor,2023-12-04 05:20:00+01:00,421.8122826043996,421.8122826043996
1041,co2_sensor,2023-12-04 05:30:00+01:00,426.5127935266127,426.5127935266127
1042,co2_sensor,2023-12-04 05:40:00+01:00,428.9322415762773,428.9322415762773
1043,co2_sensor,2023-12-04 05:50:00+01:00,433.4790691812054,433.4790691812054
1044,co2_sensor,2023-12-04 06:00:00+01:00,436.0202548016079,436.0202548016079
1045,co2_sensor,2023-12-04 06:10:00+01:00,437.18139711971145,437.18139711971145
1046,co2_sensor,2023-12-04 06:20:00+01:00,434.5263217675831,434.5263217675831
1047,co2_sensor,2023-12-04 06:30:00+01:00,433.1192597807272,433.1192597807272
1048,co2_sensor,2023-12-04 06:40:00+01:00,442.557114301273,442.557114301273
1049,co2_sensor,2023-12-04 06:50:00+01:00,447.5586696419184,447.5586696419184
1050,co2_sensor,2023-12-04 07:00:00+01:00,453.4009703432063,453.4009703432063
1051,co2_sensor,2023-12-04 07:10:00+01:00,463.4886092437735,463.4886092437735
1052,co2_sensor,2023-12-04 07:20:00+01:00,465.64260450826384,465.64260450826384
1053,co2_sensor,2023-12-04 07:30:00+01:00,466.7840876920237,466.7840876920237
1054,co2_sensor,2023-12-04 07:40:00+01:00,470.73274416975926,470.73274416975926
1055,co2_sensor,2023-12-04 07:50:00+01:00,472.8253873937624,472.8253873937624
1056,co2_sensor,2023-12-04 08:00:00+01:00,473.9343454263453,473.9343454263453
1057,co2_sensor,2023-12-04 08:10:00+01:00,477.71384781557975,477.71384781557975
1058,co2_sensor,2023-12-04 08:20:00+01:00,482.9085431127904,482.9085431127904
1059,co2_sensor,2023-12-04 08:30:00+01:00,495.3878810450863,495.3878810450863
1060,co2_sensor,2023-12-04 08:40:00+01:00,531.9407730288189,531.9407730288189
1061,co2_sensor,2023-12-04 08:50:00+01:00,575.020131207325,575.020131207325
1062,co2_sensor,2023-12-04 09:00:00+01:00,624.7512987463215,624.7512987463215
1063,co2_sensor,2023-12-04 09:10:00+01:00,635.1530735409382,635.1530735409382
1064,co2_sensor,2023-12-04 09:20:00+01:00,638.690028018217,638.690028018217
1065,co2_sensor,2023-12-04 09:30:00+01:00,634.029172112993,634.029172112993
1066,co2_sensor,2023-12-04 09:40:00+01:00,634.9017024295241,634.9017024295241
1067,co2_sensor,2023-12-04 09:50:00+01:00,653.2969840672275,653.2969840672275
1068,co2_sensor,2023-12-04 10:00:00+01:00,679.7638468932435,679.7638468932435
1069,co2_sensor,2023-12-04 10:10:00+01:00,664.3083589093703,664.3083589093703
1070,co2_sensor,2023-12-04 10:20:00+01:00,639.4000188568598,639.4000188568598
1071,co2_sensor,2023-12-04 10:30:00+01:00,609.6337757678301,609.6337757678301
1072,co2_sensor,2023-12-04 10:40:00+01:00,584.1317740012263,584.1317740012263
1073,co2_sensor,2023-12-04 10:50:00+01:00,567.4244685832074,567.4244685832074
1074,co2_sensor,2023-12-04 11:00:00+01:00,555.3775506610866,555.3775506610866
1075,co2_sensor,2023-12-04 11:10:00+01:00,548.9928536126604,548.9928536126604
1076,co2_sensor,2023-12-04 11:20:00+01:00,542.4176650112531,542.4176650112531
1077,co2_sensor,2023-12-04 11:30:00+01:00,545.3154064660179,545.3154064660179
1078,co2_sensor,2023-12-04 11:40:00+01:00,546.8511504546519,546.8511504546519
1079,co2_sensor,2023-12-04 11:50:00+01:00,561.4930319239714,561.4930319239714
1080,co2_sensor,2023-12-04 12:00:00+01:00,586.1206787566647,586.1206787566647
1081,co2_sensor,2023-12-04 12:10:00+01:00,616.0408349651292,616.0408349651292
1082,co2_sensor,2023-12-04 12:20:00+01:00,632.3565637864561,632.3565637864561
1083,co2_sensor,2023-12-04 12:30:00+01:00,630.6720940618526,630.6720940618526
1084,co2_sensor,2023-12-04 12:40:00+01:00,618.8386430365556,618.8386430365556
1085,co2_sensor,2023-12-04 12:50:00+01:00,602.5377090009966,602.5377090009966
1086,co2_sensor,2023-12-04 13:00:00+01:00,583.7203849936211,583.7203849936211
1087,co2_sensor,2023-12-04 13:10:00+01:00,567.1953297225433,567.1953297225433
1088,co2_sensor,2023-12-04 13:20:00+01:00,555.2533901365733,555.2533901365733
1089,co2_sensor,2023-12-04 13:30:00+01:00,545.7786942792908,545.7786942792908
1090,co2_sensor,2023-12-04 13:40:00+01:00,534.176143295119,534.176143295119
1091,co2_sensor,2023-12-04 13:50:00+01:00,524.841526647203,524.841526647203
1092,co2_sensor,2023-12-04 14:00:00+01:00,520.0441946003762,520.0441946003762
1093,co2_sensor,2023-12-04 14:10:00+01:00,514.1593055238636,514.1593055238636
1094,co2_sensor,2023-12-04 14:20:00+01:00,511.0387157814647,511.0387157814647
1095,co2_sensor,2023-12-04 14:30:00+01:00,512.7274972077737,512.7274972077737
1096,co2_sensor,2023-12-04 14:40:00+01:00,513.6226627941452,513.6226627941452
1097,co2_sensor,2023-12-04 14:50:00+01:00,507.715048971926,507.715048971926
1098,co2_sensor,2023-12-04 15:00:00+01:00,501.240690480443,501.240690480443
1099,co2_sensor,2023-12-04 15:10:00+01:00,494.1615278691683,494.1615278691683
1100,co2_sensor,2023-12-04 15:20:00+01:00,487.0662095579737,487.0662095579737
1101,co2_sensor,2023-12-04 15:30:00+01:00,480.1142638717831,480.1142638717831
1102,co2_sensor,2023-12-04 15:40:00+01:00,473.238320555894,473.238320555894
1103,co2_sensor,2023-12-04 15:50:00+01:00,466.4026630289373,466.4026630289373
1104,co2_sensor,2023-12-04 16:00:00+01:00,462.7796917876136,462.7796917876136
1105,co2_sensor,2023-12-04 16:10:00+01:00,457.6687028630863,457.6687028630863
1106,co2_sensor,2023-12-04 16:20:00+01:00,454.95947644323337,454.95947644323337
1107,co2_sensor,2023-12-04 16:30:00+01:00,450.3323968532688,450.3323968532688
1108,co2_sensor,2023-12-04 16:40:00+01:00,447.8798573286963,447.8798573286963
1109,co2_sensor,2023-12-04 16:50:00+01:00,446.5800080831443,446.5800080831443
1110,co2_sensor,2023-12-04 17:00:00+01:00,442.700257132188,442.700257132188
1111,co2_sensor,2023-12-04 17:10:00+01:00,440.643517759446,440.643517759446
1112,co2_sensor,2023-12-04 17:20:00+01:00,439.5532893788909,439.5532893788909
1113,co2_sensor,2023-12-04 17:30:00+01:00,438.9753863619036,438.9753863619036
1114,co2_sensor,2023-12-04 17:40:00+01:00,438.66905407973104,438.66905407973104
1115,co2_sensor,2023-12-04 17:50:00+01:00,438.5066775891417,438.5066775891417
1116,co2_sensor,2023-12-04 18:00:00+01:00,438.4205709717071,438.4205709717071
1117,co2_sensor,2023-12-04 18:10:00+01:00,438.2230480510652,438.2230480510652
1118,co2_sensor,2023-12-04 18:20:00+01:00,434.9261661106512,434.9261661106512
1119,co2_sensor,2023-12-04 18:30:00+01:00,433.1794139675359,433.1794139675359
1120,co2_sensor,2023-12-04 18:40:00+01:00,432.2536466499082,432.2536466499082
1121,co2_sensor,2023-12-04 18:50:00+01:00,431.7630585470863,431.7630585470863
1122,co2_sensor,2023-12-04 19:00:00+01:00,431.5030776593605,431.5030776593605
1123,co2_sensor,2023-12-04 19:10:00+01:00,431.3652148644592,431.3652148644592
1124,co2_sensor,2023-12-04 19:20:00+01:00,431.2922335410752,431.2922335410752
1125,co2_sensor,2023-12-04 19:30:00+01:00,428.06159365750506,428.06159365750506
1126,co2_sensor,2023-12-04 19:40:00+01:00,426.34960956399175,426.34960956399175
1127,co2_sensor,2023-12-04 19:50:00+01:00,425.4418046551844,425.4418046551844
1128,co2_sensor,2023-12-04 20:00:00+01:00,424.96045969193386,424.96045969193386
1129,co2_sensor,2023-12-04 20:10:00+01:00,424.7059900881381,424.7059900881381
1130,co2_sensor,2023-12-04 20:20:00+01:00,424.5708318719569,424.5708318719569
1131,co2_sensor,2023-12-04 20:30:00+01:00,424.4976395858436,424.4976395858436
1132,co2_sensor,2023-12-04 20:40:00+01:00,424.45962990251314,424.45962990251314
1133,co2_sensor,2023-12-04 20:50:00+01:00,424.4401297976407,424.4401297976407
1134,co2_sensor,2023-12-04 21:00:00+01:00,424.4306322800642,424.4306322800642
1135,co2_sensor,2023-12-04 21:10:00+01:00,424.4255112499096,424.4255112499096
1136,co2_sensor,2023-12-04 21:20:00+01:00,424.4228769136011,424.4228769136011
1137,co2_sensor,2023-12-04 21:30:00+01:00,424.42150442188506,424.42150442188506
1138,co2_sensor,2023-12-04 21:40:00+01:00,424.4208079908089,424.4208079908089
1139,co2_sensor,2023-12-04 21:50:00+01:00,424.4203892990376,424.4203892990376
1140,co2_sensor,2023-12-04 22:00:00+01:00,424.4201235358672,424.4201235358672
1141,co2_sensor,2023-12-04 22:10:00+01:00,424.4199708597642,424.4199708597642
1142,co2_sensor,2023-12-04 22:20:00+01:00,424.4198854853637,424.4198854853637
1143,co2_sensor,2023-12-04 22:30:00+01:00,424.4198375219264,424.4198375219264
1144,co2_sensor,2023-12-04 22:40:00+01:00,424.4198114729635,424.4198114729635
1145,co2_sensor,2023-12-04 22:50:00+01:00,424.41979740230073,424.41979740230073
1146,co2_sensor,2023-12-04 23:00:00+01:00,424.41978969375407,424.41978969375407
1147,co2_sensor,2023-12-04 23:10:00+01:00,424.4197854084412,424.4197854084412
1148,co2_sensor,2023-12-04 23:20:00+01:00,424.4197829495736,424.4197829495736
1149,co2_sensor,2023-12-04 23:30:00+01:00,424.41978163153607,424.41978163153607
1150,co2_sensor,2023-12-04 23:40:00+01:00,421.3096655636962,421.3096655636962
1151,co2_sensor,2023-12-04 23:50:00+01:00,422.7349238334956,422.7349238334956
1152,co2_sensor,2023-12-05 00:00:00+01:00,423.47646598590126,423.47646598590126
1153,co2_sensor,2023-12-05 00:10:00+01:00,423.8977976558672,423.8977976558672
1154,co2_sensor,2023-12-05 00:20:00+01:00,420.98282618431807,420.98282618431807
1155,co2_sensor,2023-12-05 00:30:00+01:00,419.46960277925393,419.46960277925393
1156,co2_sensor,2023-12-05 00:40:00+01:00,419.2365598764689,419.2365598764689
1157,co2_sensor,2023-12-05 00:50:00+01:00,419.1102831301935,419.1102831301935
1158,co2_sensor,2023-12-05 01:00:00+01:00,419.0309767774579,419.0309767774579
1159,co2_sensor,2023-12-05 01:10:00+01:00,418.9832082952842,418.9832082952842
1160,co2_sensor,2023-12-05 01:20:00+01:00,418.9564278470579,418.9564278470579
1161,co2_sensor,2023-12-05 01:30:00+01:00,418.9407599875611,418.9407599875611
1162,co2_sensor,2023-12-05 01:40:00+01:00,418.930732847068,418.930732847068
1163,co2_sensor,2023-12-05 01:50:00+01:00,418.9258393123702,418.9258393123702
1164,co2_sensor,2023-12-05 02:00:00+01:00,418.92333280917296,418.92333280917296
1165,co2_sensor,2023-12-05 02:10:00+01:00,418.9222927891155,418.9222927891155
1166,co2_sensor,2023-12-05 02:20:00+01:00,418.9221790479266,418.9221790479266
1167,co2_sensor,2023-12-05 02:30:00+01:00,418.92252633679016,418.92252633679016
1168,co2_sensor,2023-12-05 02:40:00+01:00,418.9227309272802,418.9227309272802
1169,co2_sensor,2023-12-05 02:50:00+01:00,418.9228346496217,418.9228346496217
1170,co2_sensor,2023-12-05 03:00:00+01:00,418.9228870979794,418.9228870979794
1171,co2_sensor,2023-12-05 03:10:00+01:00,418.922921302341,418.922921302341
1172,co2_sensor,2023-12-05 03:20:00+01:00,418.9229406854583,418.9229406854583
1173,co2_sensor,2023-12-05 03:30:00+01:00,418.92295140792805,418.92295140792805
1174,co2_sensor,2023-12-05 03:40:00+01:00,418.9229570797951,418.9229570797951
1175,co2_sensor,2023-12-05 03:50:00+01:00,418.9229604763712,418.9229604763712
1176,co2_sensor,2023-12-05 04:00:00+01:00,418.92296240985854,418.92296240985854
1177,co2_sensor,2023-12-05 04:10:00+01:00,418.9229635482976,418.9229635482976
1178,co2_sensor,2023-12-05 04:20:00+01:00,418.9229641850565,418.9229641850565
1179,co2_sensor,2023-12-05 04:30:00+01:00,418.9229644948158,418.9229644948158
1180,co2_sensor,2023-12-05 04:40:00+01:00,418.9229646589954,418.9229646589954
1181,co2_sensor,2023-12-05 04:50:00+01:00,418.9229647620112,418.9229647620112
1182,co2_sensor,2023-12-05 05:00:00+01:00,418.922964846856,418.922964846856
1183,co2_sensor,2023-12-05 05:10:00+01:00,422.20231875949935,422.20231875949935
1184,co2_sensor,2023-12-05 05:20:00+01:00,423.9340702086397,423.9340702086397
1185,co2_sensor,2023-12-05 05:30:00+01:00,424.8714826683881,424.8714826683881
1186,co2_sensor,2023-12-05 05:40:00+01:00,425.3866243129654,425.3866243129654
1187,co2_sensor,2023-12-05 05:50:00+01:00,425.6657351667204,425.6657351667204
1188,co2_sensor,2023-12-05 06:00:00+01:00,425.811517494798,425.811517494798
1189,co2_sensor,2023-12-05 06:10:00+01:00,429.0809292848881,429.0809292848881
1190,co2_sensor,2023-12-05 06:20:00+01:00,434.03415808637794,434.03415808637794
1191,co2_sensor,2023-12-05 06:30:00+01:00,436.6584909062152,436.6584909062152
1192,co2_sensor,2023-12-05 06:40:00+01:00,442.0009173842864,442.0009173842864
1193,co2_sensor,2023-12-05 06:50:00+01:00,444.83202798879,444.83202798879
1194,co2_sensor,2023-12-05 07:00:00+01:00,446.3323575786772,446.3323575786772
1195,co2_sensor,2023-12-05 07:10:00+01:00,447.1274333599023,447.1274333599023
1196,co2_sensor,2023-12-05 07:20:00+01:00,448.0047379270391,448.0047379270391
1197,co2_sensor,2023-12-05 07:30:00+01:00,448.4696640586716,448.4696640586716
1198,co2_sensor,2023-12-05 07:40:00+01:00,448.7160420040789,448.7160420040789
1199,co2_sensor,2023-12-05 07:50:00+01:00,448.84660548871545,448.84660548871545
1200,co2_sensor,2023-12-05 08:00:00+01:00,452.2594483254352,452.2594483254352
1201,co2_sensor,2023-12-05 08:10:00+01:00,454.06804304231866,454.06804304231866
1202,co2_sensor,2023-12-05 08:20:00+01:00,458.2179809378703,458.2179809378703
1203,co2_sensor,2023-12-05 08:30:00+01:00,463.608666906717,463.608666906717
1204,co2_sensor,2023-12-05 08:40:00+01:00,469.6566985398546,469.6566985398546
1205,co2_sensor,2023-12-05 08:50:00+01:00,469.6712692231979,469.6712692231979
1206,co2_sensor,2023-12-05 09:00:00+01:00,469.6789989066778,469.6789989066778
1207,co2_sensor,2023-12-05 09:10:00+01:00,469.5310106681178,469.5310106681178
1208,co2_sensor,2023-12-05 09:20:00+01:00,469.6047109438874,469.6047109438874
1209,co2_sensor,2023-12-05 09:30:00+01:00,469.4917695559573,469.4917695559573
1210,co2_sensor,2023-12-05 09:40:00+01:00,469.4318741259463,469.4318741259463
1211,co2_sensor,2023-12-05 09:50:00+01:00,469.4001453601065,469.4001453601065
1212,co2_sensor,2023-12-05 10:00:00+01:00,469.38333488783553,469.38333488783553
1213,co2_sensor,2023-12-05 10:10:00+01:00,472.5651923623677,472.5651923623677
1214,co2_sensor,2023-12-05 10:20:00+01:00,474.40387332160935,474.40387332160935
1215,co2_sensor,2023-12-05 10:30:00+01:00,478.7214075049601,478.7214075049601
1216,co2_sensor,2023-12-05 10:40:00+01:00,481.0101527357353,481.0101527357353
1217,co2_sensor,2023-12-05 10:50:00+01:00,488.7576283556389,488.7576283556389
1218,co2_sensor,2023-12-05 11:00:00+01:00,496.0550519301629,496.0550519301629
1219,co2_sensor,2023-12-05 11:10:00+01:00,503.1140482948453,503.1140482948453
1220,co2_sensor,2023-12-05 11:20:00+01:00,503.3605931798071,503.3605931798071
1221,co2_sensor,2023-12-05 11:30:00+01:00,503.4912718876415,503.4912718876415
1222,co2_sensor,2023-12-05 11:40:00+01:00,503.56053604036543,503.56053604036543
1223,co2_sensor,2023-12-05 11:50:00+01:00,506.78844032228585,506.78844032228585
1224,co2_sensor,2023-12-05 12:00:00+01:00,511.84251488369927,511.84251488369927
1225,co2_sensor,2023-12-05 12:10:00+01:00,518.1685202594361,518.1685202594361
1226,co2_sensor,2023-12-05 12:20:00+01:00,524.7127161639706,524.7127161639706
1227,co2_sensor,2023-12-05 12:30:00+01:00,528.1812572392973,528.1812572392973
1228,co2_sensor,2023-12-05 12:40:00+01:00,530.0196356433995,530.0196356433995
1229,co2_sensor,2023-12-05 12:50:00+01:00,527.80269362673,527.80269362673
1230,co2_sensor,2023-12-05 13:00:00+01:00,522.9804836473543,522.9804836473543
1231,co2_sensor,2023-12-05 13:10:00+01:00,517.0813825451078,517.0813825451078
1232,co2_sensor,2023-12-05 13:20:00+01:00,510.7635477012034,510.7635477012034
1233,co2_sensor,2023-12-05 13:30:00+01:00,507.4150307507027,507.4150307507027
1234,co2_sensor,2023-12-05 13:40:00+01:00,502.44874123685406,502.44874123685406
1235,co2_sensor,2023-12-05 13:50:00+01:00,499.8166467173031,499.8166467173031
1236,co2_sensor,2023-12-05 14:00:00+01:00,495.2303652103825,495.2303652103825
1237,co2_sensor,2023-12-05 14:10:00+01:00,492.7998525689615,492.7998525689615
1238,co2_sensor,2023-12-05 14:20:00+01:00,488.3219020401067,488.3219020401067
1239,co2_sensor,2023-12-05 14:30:00+01:00,485.94754781659685,485.94754781659685
1240,co2_sensor,2023-12-05 14:40:00+01:00,484.6855261936278,484.6855261936278
1241,co2_sensor,2023-12-05 14:50:00+01:00,484.01896154336094,484.01896154336094
1242,co2_sensor,2023-12-05 15:00:00+01:00,480.4739409367053,480.4739409367053
1243,co2_sensor,2023-12-05 15:10:00+01:00,475.4062835012176,475.4062835012176
1244,co2_sensor,2023-12-05 15:20:00+01:00,472.71891213749535,472.71891213749535
1245,co2_sensor,2023-12-05 15:30:00+01:00,467.95111847217765,467.95111847217765
1246,co2_sensor,2023-12-05 15:40:00+01:00,465.42404053933006,465.42404053933006
1247,co2_sensor,2023-12-05 15:50:00+01:00,460.893287797833,460.893287797833
1248,co2_sensor,2023-12-05 16:00:00+01:00,458.4919292534559,458.4919292534559
1249,co2_sensor,2023-12-05 16:10:00+01:00,454.0281898029966,454.0281898029966
1250,co2_sensor,2023-12-05 16:20:00+01:00,451.6622003206497,451.6622003206497
1251,co2_sensor,2023-12-05 16:30:00+01:00,450.4081378576136,450.4081378576136
1252,co2_sensor,2023-12-05 16:40:00+01:00,449.7434526551053,449.7434526551053
1253,co2_sensor,2023-12-05 16:50:00+01:00,446.200056488523,446.200056488523
1254,co2_sensor,2023-12-05 17:00:00+01:00,444.3219257622381,444.3219257622381
1255,co2_sensor,2023-12-05 17:10:00+01:00,443.3263118269555,443.3263118269555
1256,co2_sensor,2023-12-05 17:20:00+01:00,442.7986425004941,442.7986425004941
1257,co2_sensor,2023-12-05 17:30:00+01:00,442.5189804772098,442.5189804772098
1258,co2_sensor,2023-12-05 17:40:00+01:00,442.37076704125,442.37076704125
1259,co2_sensor,2023-12-05 17:50:00+01:00,442.29221067999134,442.29221067999134
1260,co2_sensor,2023-12-05 18:00:00+01:00,439.059452177126,439.059452177126
1261,co2_sensor,2023-12-05 18:10:00+01:00,437.3462562404667,437.3462562404667
1262,co2_sensor,2023-12-05 18:20:00+01:00,436.4380759925479,436.4380759925479
1263,co2_sensor,2023-12-05 18:30:00+01:00,435.95659326287097,435.95659326287097
1264,co2_sensor,2023-12-05 18:40:00+01:00,435.7013605444194,435.7013605444194
1265,co2_sensor,2023-12-05 18:50:00+01:00,435.5659641521336,435.5659641521336
1266,co2_sensor,2023-12-05 19:00:00+01:00,435.4942902952912,435.4942902952912
1267,co2_sensor,2023-12-05 19:10:00+01:00,435.45630045814335,435.45630045814335
1268,co2_sensor,2023-12-05 19:20:00+01:00,435.4361470004334,435.4361470004334
1269,co2_sensor,2023-12-05 19:30:00+01:00,435.42546739002194,435.42546739002194
1270,co2_sensor,2023-12-05 19:40:00+01:00,435.41980819572296,435.41980819572296
1271,co2_sensor,2023-12-05 19:50:00+01:00,435.4168063257832,435.4168063257832
1272,co2_sensor,2023-12-05 20:00:00+01:00,435.4152157632558,435.4152157632558
1273,co2_sensor,2023-12-05 20:10:00+01:00,435.4143752636869,435.4143752636869
1274,co2_sensor,2023-12-05 20:20:00+01:00,435.41392881972814,435.41392881972814
1275,co2_sensor,2023-12-05 20:30:00+01:00,432.2432388799973,432.2432388799973
1276,co2_sensor,2023-12-05 20:40:00+01:00,430.5291914740559,430.5291914740559
1277,co2_sensor,2023-12-05 20:50:00+01:00,429.6479350712045,429.6479350712045
1278,co2_sensor,2023-12-05 21:00:00+01:00,429.178536532042,429.178536532042
1279,co2_sensor,2023-12-05 21:10:00+01:00,428.9211189466008,428.9211189466008
1280,co2_sensor,2023-12-05 21:20:00+01:00,428.7891834307946,428.7891834307946
1281,co2_sensor,2023-12-05 21:30:00+01:00,428.7157948578568,428.7157948578568
1282,co2_sensor,2023-12-05 21:40:00+01:00,428.6750109675038,428.6750109675038
1283,co2_sensor,2023-12-05 21:50:00+01:00,428.6513434046544,428.6513434046544
1284,co2_sensor,2023-12-05 22:00:00+01:00,428.6382439609708,428.6382439609708
1285,co2_sensor,2023-12-05 22:10:00+01:00,428.6312580491796,428.6312580491796
1286,co2_sensor,2023-12-05 22:20:00+01:00,428.6274945835068,428.6274945835068
1287,co2_sensor,2023-12-05 22:30:00+01:00,428.6255304291779,428.6255304291779
1288,co2_sensor,2023-12-05 22:40:00+01:00,428.62445613244256,428.62445613244256
1289,co2_sensor,2023-12-05 22:50:00+01:00,425.4626502018247,425.4626502018247
1290,co2_sensor,2023-12-05 23:00:00+01:00,423.7866444023091,423.7866444023091
1291,co2_sensor,2023-12-05 23:10:00+01:00,422.8703814965394,422.8703814965394
1292,co2_sensor,2023-12-05 23:20:00+01:00,422.397631476206,422.397631476206
1293,co2_sensor,2023-12-05 23:30:00+01:00,422.1464987656009,422.1464987656009
1294,co2_sensor,2023-12-05 23:40:00+01:00,421.99977148685167,421.99977148685167
1295,co2_sensor,2023-12-05 23:50:00+01:00,421.922051849323,421.922051849323
1296,co2_sensor,2023-12-06 00:00:00+01:00,421.88011255745846,421.88011255745846
1297,co2_sensor,2023-12-06 00:10:00+01:00,421.8590381380432,421.8590381380432
1298,co2_sensor,2023-12-06 00:20:00+01:00,421.8469055405026,421.8469055405026
1299,co2_sensor,2023-12-06 00:30:00+01:00,421.8404983448621,421.8404983448621
1300,co2_sensor,2023-12-06 00:40:00+01:00,421.837185230719,421.837185230719
1301,co2_sensor,2023-12-06 00:50:00+01:00,421.8353256273346,421.8353256273346
1302,co2_sensor,2023-12-06 01:00:00+01:00,421.83429127902144,421.83429127902144
1303,co2_sensor,2023-12-06 01:10:00+01:00,421.8337191865725,421.8337191865725
1304,co2_sensor,2023-12-06 01:20:00+01:00,421.8334049721918,421.8334049721918
1305,co2_sensor,2023-12-06 01:30:00+01:00,421.83323560890966,421.83323560890966
1306,co2_sensor,2023-12-06 01:40:00+01:00,421.83314304354167,421.83314304354167
1307,co2_sensor,2023-12-06 01:50:00+01:00,421.8330958694216,421.8330958694216
1308,co2_sensor,2023-12-06 02:00:00+01:00,421.83307049639103,421.83307049639103
1309,co2_sensor,2023-12-06 02:10:00+01:00,421.8330560311846,421.8330560311846
1310,co2_sensor,2023-12-06 02:20:00+01:00,421.8330479421609,421.8330479421609
1311,co2_sensor,2023-12-06 02:30:00+01:00,421.8330435575762,421.8330435575762
1312,co2_sensor,2023-12-06 02:40:00+01:00,418.70257136633865,418.70257136633865
1313,co2_sensor,2023-12-06 02:50:00+01:00,416.9968705257878,416.9968705257878
1314,co2_sensor,2023-12-06 03:00:00+01:00,416.1160445507265,416.1160445507265
1315,co2_sensor,2023-12-06 03:10:00+01:00,415.6234759104567,415.6234759104567
1316,co2_sensor,2023-12-06 03:20:00+01:00,415.3415757720678,415.3415757720678
1317,co2_sensor,2023-12-06 03:30:00+01:00,415.2115524674671,415.2115524674671
1318,co2_sensor,2023-12-06 03:40:00+01:00,415.1338048823594,415.1338048823594
1319,co2_sensor,2023-12-06 03:50:00+01:00,415.0916009495285,415.0916009495285
1320,co2_sensor,2023-12-06 04:00:00+01:00,415.0682008654339,415.0682008654339
1321,co2_sensor,2023-12-06 04:10:00+01:00,415.05683514152463,415.05683514152463
1322,co2_sensor,2023-12-06 04:20:00+01:00,415.05033100961305,415.05033100961305
1323,co2_sensor,2023-12-06 04:30:00+01:00,415.04682909987343,415.04682909987343
1324,co2_sensor,2023-12-06 04:40:00+01:00,415.0450977650028,415.0450977650028
1325,co2_sensor,2023-12-06 04:50:00+01:00,415.04407919707234,415.04407919707234
1326,co2_sensor,2023-12-06 05:00:00+01:00,415.043529146374,415.043529146374
1327,co2_sensor,2023-12-06 05:10:00+01:00,415.043218167118,415.043218167118
1328,co2_sensor,2023-12-06 05:20:00+01:00,415.04304902060727,415.04304902060727
1329,co2_sensor,2023-12-06 05:30:00+01:00,415.04295861009695,415.04295861009695
1330,co2_sensor,2023-12-06 05:40:00+01:00,415.0429092366556,415.0429092366556
1331,co2_sensor,2023-12-06 05:50:00+01:00,415.0428847309951,415.0428847309951
1332,co2_sensor,2023-12-06 06:00:00+01:00,415.0428719312581,415.0428719312581
1333,co2_sensor,2023-12-06 06:10:00+01:00,415.0428636268874,415.0428636268874
1334,co2_sensor,2023-12-06 06:20:00+01:00,415.04285885632567,415.04285885632567
1335,co2_sensor,2023-12-06 06:30:00+01:00,415.04285632859006,415.04285632859006
1336,co2_sensor,2023-12-06 06:40:00+01:00,415.042854989145,415.042854989145
1337,co2_sensor,2023-12-06 06:50:00+01:00,415.04285427933337,415.04285427933337
1338,co2_sensor,2023-12-06 07:00:00+01:00,415.0428539031729,415.0428539031729
1339,co2_sensor,2023-12-06 07:10:00+01:00,415.0428537038325,415.0428537038325
1340,co2_sensor,2023-12-06 07:20:00+01:00,483.5906156948561,483.5906156948561
1341,co2_sensor,2023-12-06 07:30:00+01:00,589.0741457167649,589.0741457167649
1342,co2_sensor,2023-12-06 07:40:00+01:00,731.59263270097,731.59263270097
1343,co2_sensor,2023-12-06 07:50:00+01:00,727.9336691159092,727.9336691159092
1344,co2_sensor,2023-12-06 08:00:00+01:00,685.7695719332419,685.7695719332419
1345,co2_sensor,2023-12-06 08:10:00+01:00,633.6410471024183,633.6410471024183
1346,co2_sensor,2023-12-06 08:20:00+01:00,592.964146386275,592.964146386275
1347,co2_sensor,2023-12-06 08:30:00+01:00,564.9615007574076,564.9615007574076
1348,co2_sensor,2023-12-06 08:40:00+01:00,550.117035155818,550.117035155818
1349,co2_sensor,2023-12-06 08:50:00+01:00,539.0120983063972,539.0120983063972
1350,co2_sensor,2023-12-06 09:00:00+01:00,526.6738458556665,526.6738458556665
1351,co2_sensor,2023-12-06 09:10:00+01:00,516.9162674892341,516.9162674892341
1352,co2_sensor,2023-12-06 09:20:00+01:00,508.5267315288327,508.5267315288327
1353,co2_sensor,2023-12-06 09:30:00+01:00,500.8549162469481,500.8549162469481
1354,co2_sensor,2023-12-06 09:40:00+01:00,496.7896502705234,496.7896502705234
1355,co2_sensor,2023-12-06 09:50:00+01:00,494.63542746709993,494.63542746709993
1356,co2_sensor,2023-12-06 10:00:00+01:00,493.49386876050926,493.49386876050926
1357,co2_sensor,2023-12-06 10:10:00+01:00,492.8891907479764,492.8891907479764
1358,co2_sensor,2023-12-06 10:20:00+01:00,492.5686411224845,492.5686411224845
1359,co2_sensor,2023-12-06 10:30:00+01:00,498.84777117842185,498.84777117842185
1360,co2_sensor,2023-12-06 10:40:00+01:00,498.9507057345131,498.9507057345131
1361,co2_sensor,2023-12-06 10:50:00+01:00,502.2285552784011,502.2285552784011
1362,co2_sensor,2023-12-06 11:00:00+01:00,503.966234230818,503.966234230818
1363,co2_sensor,2023-12-06 11:10:00+01:00,508.72408239076873,508.72408239076873
1364,co2_sensor,2023-12-06 11:20:00+01:00,511.2467815250366,511.2467815250366
1365,co2_sensor,2023-12-06 11:30:00+01:00,509.35941668727776,509.35941668727776
1366,co2_sensor,2023-12-06 11:40:00+01:00,505.13373659631566,505.13373659631566
1367,co2_sensor,2023-12-06 11:50:00+01:00,506.1210986953755,506.1210986953755
1368,co2_sensor,2023-12-06 12:00:00+01:00,513.2497049397045,513.2497049397045
1369,co2_sensor,2023-12-06 12:10:00+01:00,523.4737206830134,523.4737206830134
1370,co2_sensor,2023-12-06 12:20:00+01:00,532.7304303544657,532.7304303544657
1371,co2_sensor,2023-12-06 12:30:00+01:00,540.8573234822082,540.8573234822082
1372,co2_sensor,2023-12-06 12:40:00+01:00,549.0028465497847,549.0028465497847
1373,co2_sensor,2023-12-06 12:50:00+01:00,550.0974965608494,550.0974965608494
1374,co2_sensor,2023-12-06 13:00:00+01:00,547.4543123927018,547.4543123927018
1375,co2_sensor,2023-12-06 13:10:00+01:00,542.8300617211268,542.8300617211268
1376,co2_sensor,2023-12-06 13:20:00+01:00,537.0014616181243,537.0014616181243
1377,co2_sensor,2023-12-06 13:30:00+01:00,533.9105148589944,533.9105148589944
1378,co2_sensor,2023-12-06 13:40:00+01:00,528.5852516677901,528.5852516677901
1379,co2_sensor,2023-12-06 13:50:00+01:00,525.7666630862868,525.7666630862868
1380,co2_sensor,2023-12-06 14:00:00+01:00,521.0466143902808,521.0466143902808
1381,co2_sensor,2023-12-06 14:10:00+01:00,518.5440556895683,518.5440556895683
1382,co2_sensor,2023-12-06 14:20:00+01:00,513.3367291329982,513.3367291329982
1383,co2_sensor,2023-12-06 14:30:00+01:00,510.5770279495747,510.5770279495747
1384,co2_sensor,2023-12-06 14:40:00+01:00,505.9279584192873,505.9279584192873
1385,co2_sensor,2023-12-06 14:50:00+01:00,503.4725704266818,503.4725704266818
1386,co2_sensor,2023-12-06 15:00:00+01:00,502.1731990220266,502.1731990220266
1387,co2_sensor,2023-12-06 15:10:00+01:00,498.302497440686,498.302497440686
1388,co2_sensor,2023-12-06 15:20:00+01:00,493.07374844130766,493.07374844130766
1389,co2_sensor,2023-12-06 15:30:00+01:00,486.9711776310027,486.9711776310027
1390,co2_sensor,2023-12-06 15:40:00+01:00,480.56084520355694,480.56084520355694
1391,co2_sensor,2023-12-06 15:50:00+01:00,477.1592484137166,477.1592484137166
1392,co2_sensor,2023-12-06 16:00:00+01:00,472.1759005300274,472.1759005300274
1393,co2_sensor,2023-12-06 16:10:00+01:00,469.53802430147607,469.53802430147607
1394,co2_sensor,2023-12-06 16:20:00+01:00,468.1397024387798,468.1397024387798
1395,co2_sensor,2023-12-06 16:30:00+01:00,467.3984451980567,467.3984451980567
1396,co2_sensor,2023-12-06 16:40:00+01:00,467.005535993545,467.005535993545
1397,co2_sensor,2023-12-06 16:50:00+01:00,466.7972394847277,466.7972394847277
1398,co2_sensor,2023-12-06 17:00:00+01:00,463.50778128725824,463.50778128725824
1399,co2_sensor,2023-12-06 17:10:00+01:00,461.7641028124834,461.7641028124834
1400,co2_sensor,2023-12-06 17:20:00+01:00,460.83970221031336,460.83970221031336
1401,co2_sensor,2023-12-06 17:30:00+01:00,460.3496845232398,460.3496845232398
1402,co2_sensor,2023-12-06 17:40:00+01:00,460.0898393122837,460.0898393122837
1403,co2_sensor,2023-12-06 17:50:00+01:00,459.95213831954936,459.95213831954936
1404,co2_sensor,2023-12-06 18:00:00+01:00,459.87914770210784,459.87914770210784
1405,co2_sensor,2023-12-06 18:10:00+01:00,456.6616402763575,456.6616402763575
1406,co2_sensor,2023-12-06 18:20:00+01:00,454.9560684532674,454.9560684532674
1407,co2_sensor,2023-12-06 18:30:00+01:00,454.05137045224734,454.05137045224734
1408,co2_sensor,2023-12-06 18:40:00+01:00,453.5719655108747,453.5719655108747
1409,co2_sensor,2023-12-06 18:50:00+01:00,450.13523324793647,450.13523324793647
1410,co2_sensor,2023-12-06 19:00:00+01:00,448.3135584735771,448.3135584735771
1411,co2_sensor,2023-12-06 19:10:00+01:00,447.34917271544833,447.34917271544833
1412,co2_sensor,2023-12-06 19:20:00+01:00,443.6598242950832,443.6598242950832
1413,co2_sensor,2023-12-06 19:30:00+01:00,441.70478452953296,441.70478452953296
1414,co2_sensor,2023-12-06 19:40:00+01:00,440.668797363743,440.668797363743
1415,co2_sensor,2023-12-06 19:50:00+01:00,440.1192192872722,440.1192192872722
1416,co2_sensor,2023-12-06 20:00:00+01:00,439.8280649230371,439.8280649230371
1417,co2_sensor,2023-12-06 20:10:00+01:00,439.6733019957461,439.6733019957461
1418,co2_sensor,2023-12-06 20:20:00+01:00,439.5917447089747,439.5917447089747
1419,co2_sensor,2023-12-06 20:30:00+01:00,436.3725116425076,436.3725116425076
1420,co2_sensor,2023-12-06 20:40:00+01:00,434.5740488365095,434.5740488365095
1421,co2_sensor,2023-12-06 20:50:00+01:00,433.6455726988534,433.6455726988534
1422,co2_sensor,2023-12-06 21:00:00+01:00,433.1788676415688,433.1788676415688
1423,co2_sensor,2023-12-06 21:10:00+01:00,432.9781008391655,432.9781008391655
1424,co2_sensor,2023-12-06 21:20:00+01:00,432.8689250198536,432.8689250198536
1425,co2_sensor,2023-12-06 21:30:00+01:00,432.80932695918585,432.80932695918585
1426,co2_sensor,2023-12-06 21:40:00+01:00,432.7766306210304,432.7766306210304
1427,co2_sensor,2023-12-06 21:50:00+01:00,432.7585810951941,432.7585810951941
1428,co2_sensor,2023-12-06 22:00:00+01:00,432.7485550705432,432.7485550705432
1429,co2_sensor,2023-12-06 22:10:00+01:00,432.7428166364282,432.7428166364282
1430,co2_sensor,2023-12-06 22:20:00+01:00,432.7394943586767,432.7394943586767
1431,co2_sensor,2023-12-06 22:30:00+01:00,432.7377095065901,432.7377095065901
1432,co2_sensor,2023-12-06 22:40:00+01:00,432.73674633466055,432.73674633466055
1433,co2_sensor,2023-12-06 22:50:00+01:00,432.73625395453945,432.73625395453945
1434,co2_sensor,2023-12-06 23:00:00+01:00,432.7359763333928,432.7359763333928
1435,co2_sensor,2023-12-06 23:10:00+01:00,432.7358286363566,432.7358286363566
1436,co2_sensor,2023-12-06 23:20:00+01:00,432.7357504272757,432.7357504272757
1437,co2_sensor,2023-12-06 23:30:00+01:00,429.4633430702367,429.4633430702367
1438,co2_sensor,2023-12-06 23:40:00+01:00,427.8553734012947,427.8553734012947
1439,co2_sensor,2023-12-06 23:50:00+01:00,427.0197548212885,427.0197548212885
