Time stamp,outdoorTemperature,globalIrradiation,co2Concentration
2023-01-01 00:00:00+00:00,10,0,400
2023-01-01 01:00:00+00:00,10.6,0,400
2023-01-01 02:00:00+00:00,10.5,0,400
2023-01-01 03:00:00+00:00,10.5,0,400
2023-01-01 04:00:00+00:00,10.4,0,400
2023-01-01 05:00:00+00:00,10.3,0,400
2023-01-01 06:00:00+00:00,10.5,0,400
2023-01-01 07:00:00+00:00,10.5,0,400
2023-01-01 08:00:00+00:00,10.3,0,400
2023-01-01 09:00:00+00:00,10.1,0,400
2023-01-01 10:00:00+00:00,10,0,400
2023-01-01 11:00:00+00:00,9.8,5,400
2023-01-01 12:00:00+00:00,9.6,36,400
2023-01-01 13:00:00+00:00,9.5,47,400
2023-01-01 14:00:00+00:00,9.2,39,400
2023-01-01 15:00:00+00:00,9.1,45,400
2023-01-01 16:00:00+00:00,9,31,400
2023-01-01 17:00:00+00:00,8.7,10,400
2023-01-01 18:00:00+00:00,8.3,0,400
2023-01-01 19:00:00+00:00,8.4,0,400
2023-01-01 20:00:00+00:00,8.3,0,400
2023-01-01 21:00:00+00:00,8.2,0,400
2023-01-01 22:00:00+00:00,8.6,0,400
2023-01-01 23:00:00+00:00,8.4,0,400
2023-01-02 00:00:00+00:00,8.1,0,400
2023-01-02 01:00:00+00:00,8,0,400
2023-01-02 02:00:00+00:00,8.3,0,400
2023-01-02 03:00:00+00:00,8,0,400
2023-01-02 04:00:00+00:00,7.6,0,400
2023-01-02 05:00:00+00:00,7.5,0,400
2023-01-02 06:00:00+00:00,7.6,0,400
2023-01-02 07:00:00+00:00,7.8,0,400
2023-01-02 08:00:00+00:00,8,0,400
2023-01-02 09:00:00+00:00,8.7,0,400
2023-01-02 10:00:00+00:00,9,0,400
2023-01-02 11:00:00+00:00,8.4,5,400
2023-01-02 12:00:00+00:00,7.7,13,400
2023-01-02 13:00:00+00:00,7.2,20,400
2023-01-02 14:00:00+00:00,7.3,24,400
2023-01-02 15:00:00+00:00,7.2,37,400
2023-01-02 16:00:00+00:00,6.7,27,400
2023-01-02 17:00:00+00:00,6.4,10,400
2023-01-02 18:00:00+00:00,6.8,0,400
2023-01-02 19:00:00+00:00,6.7,0,400
2023-01-02 20:00:00+00:00,6.4,0,400
2023-01-02 21:00:00+00:00,5.7,0,400
2023-01-02 22:00:00+00:00,5.1,0,400
2023-01-02 23:00:00+00:00,4.8,0,400
2023-01-03 00:00:00+00:00,4.7,0,400
2023-01-03 01:00:00+00:00,4.6,0,400
2023-01-03 02:00:00+00:00,4.5,0,400
2023-01-03 03:00:00+00:00,4.3,0,400
2023-01-03 04:00:00+00:00,4.8,0,400
2023-01-03 05:00:00+00:00,4.3,0,400
2023-01-03 06:00:00+00:00,4.5,0,400
2023-01-03 07:00:00+00:00,4,0,400
2023-01-03 08:00:00+00:00,3.2,0,400
2023-01-03 09:00:00+00:00,3.3,0,400
2023-01-03 10:00:00+00:00,4,2,400
2023-01-03 11:00:00+00:00,4.7,47,400
2023-01-03 12:00:00+00:00,5.5,79,400
2023-01-03 13:00:00+00:00,5.8,118,400
2023-01-03 14:00:00+00:00,5.4,202,400
2023-01-03 15:00:00+00:00,4.7,181,400
2023-01-03 16:00:00+00:00,3.3,120,400
2023-01-03 17:00:00+00:00,2.4,34,400
2023-01-03 18:00:00+00:00,2,0,400
2023-01-03 19:00:00+00:00,2.6,0,400
2023-01-03 20:00:00+00:00,3.1,0,400
2023-01-03 21:00:00+00:00,3.9,0,400
2023-01-03 22:00:00+00:00,4,0,400
2023-01-03 23:00:00+00:00,4.8,0,400
2023-01-04 00:00:00+00:00,5.1,0,400
2023-01-04 01:00:00+00:00,5.3,0,400
2023-01-04 02:00:00+00:00,5.4,0,400
2023-01-04 03:00:00+00:00,5.4,0,400
2023-01-04 04:00:00+00:00,5.4,0,400
2023-01-04 05:00:00+00:00,5.4,0,400
2023-01-04 06:00:00+00:00,5.7,0,400
2023-01-04 07:00:00+00:00,6,0,400
2023-01-04 08:00:00+00:00,6.2,0,400
2023-01-04 09:00:00+00:00,7,0,400
2023-01-04 10:00:00+00:00,8.4,0,400
2023-01-04 11:00:00+00:00,9,4,400
2023-01-04 12:00:00+00:00,9.3,9,400
2023-01-04 13:00:00+00:00,9.4,21,400
2023-01-04 14:00:00+00:00,9.4,24,400
2023-01-04 15:00:00+00:00,9.4,19,400
2023-01-04 16:00:00+00:00,9.3,14,400
2023-01-04 17:00:00+00:00,8.8,6,400
2023-01-04 18:00:00+00:00,8.7,0,400
2023-01-04 19:00:00+00:00,8.7,0,400
2023-01-04 20:00:00+00:00,8.7,0,400
2023-01-04 21:00:00+00:00,8.6,0,400
2023-01-04 22:00:00+00:00,8.5,0,400
2023-01-04 23:00:00+00:00,8,0,400
2023-01-05 00:00:00+00:00,7.6,0,400
2023-01-05 01:00:00+00:00,7.5,0,400
2023-01-05 02:00:00+00:00,7.5,0,400
2023-01-05 03:00:00+00:00,7,0,400
2023-01-05 04:00:00+00:00,7,0,400
2023-01-05 05:00:00+00:00,6.9,0,400
2023-01-05 06:00:00+00:00,5.3,0,400
2023-01-05 07:00:00+00:00,3.5,0,400
2023-01-05 08:00:00+00:00,3.1,0,400
2023-01-05 09:00:00+00:00,3.1,0,400
2023-01-05 10:00:00+00:00,3.3,2,400
2023-01-05 11:00:00+00:00,3.6,24,400
2023-01-05 12:00:00+00:00,3.9,95,400
2023-01-05 13:00:00+00:00,3.7,173,400
2023-01-05 14:00:00+00:00,3.5,185,400
2023-01-05 15:00:00+00:00,3.5,63,400
2023-01-05 16:00:00+00:00,3.4,36,400
2023-01-05 17:00:00+00:00,3.3,12,400
2023-01-05 18:00:00+00:00,3.1,0,400
2023-01-05 19:00:00+00:00,2.8,0,400
2023-01-05 20:00:00+00:00,1.9,0,400
2023-01-05 21:00:00+00:00,1.4,0,400
2023-01-05 22:00:00+00:00,1.1,0,400
2023-01-05 23:00:00+00:00,1.3,0,400
2023-01-06 00:00:00+00:00,2.3,0,400
2023-01-06 01:00:00+00:00,2.7,0,400
2023-01-06 02:00:00+00:00,3,0,400
2023-01-06 03:00:00+00:00,3.2,0,400
2023-01-06 04:00:00+00:00,3.4,0,400
2023-01-06 05:00:00+00:00,3.7,0,400
2023-01-06 06:00:00+00:00,4.2,0,400
2023-01-06 07:00:00+00:00,4.6,0,400
2023-01-06 08:00:00+00:00,5.7,0,400
2023-01-06 09:00:00+00:00,7.1,0,400
2023-01-06 10:00:00+00:00,7.9,0,400
2023-01-06 11:00:00+00:00,8.3,3,400
2023-01-06 12:00:00+00:00,7.9,15,400
2023-01-06 13:00:00+00:00,8,82,400
2023-01-06 14:00:00+00:00,7.9,110,400
2023-01-06 15:00:00+00:00,7.3,141,400
2023-01-06 16:00:00+00:00,7,82,400
2023-01-06 17:00:00+00:00,6.3,13,400
2023-01-06 18:00:00+00:00,6.2,1,400
2023-01-06 19:00:00+00:00,6.1,0,400
2023-01-06 20:00:00+00:00,6.2,0,400
2023-01-06 21:00:00+00:00,6.4,0,400
2023-01-06 22:00:00+00:00,6.6,0,400
2023-01-06 23:00:00+00:00,6.6,0,400
2023-01-07 00:00:00+00:00,6.6,0,400
2023-01-07 01:00:00+00:00,6.4,0,400
2023-01-07 02:00:00+00:00,6.5,0,400
2023-01-07 03:00:00+00:00,6.4,0,400
2023-01-07 04:00:00+00:00,6.1,0,400
2023-01-07 05:00:00+00:00,5.8,0,400
2023-01-07 06:00:00+00:00,5.7,0,400
2023-01-07 07:00:00+00:00,5.9,0,400
2023-01-07 08:00:00+00:00,6.2,0,400
2023-01-07 09:00:00+00:00,6.8,0,400
2023-01-07 10:00:00+00:00,7.4,1,400
2023-01-07 11:00:00+00:00,8,9,400
2023-01-07 12:00:00+00:00,8.8,18,400
2023-01-07 13:00:00+00:00,9.1,19,400
2023-01-07 14:00:00+00:00,8.9,32,400
2023-01-07 15:00:00+00:00,9,18,400
2023-01-07 16:00:00+00:00,8.8,18,400
2023-01-07 17:00:00+00:00,8.2,8,400
2023-01-07 18:00:00+00:00,8.1,0,400
2023-01-07 19:00:00+00:00,8.4,0,400
2023-01-07 20:00:00+00:00,8.6,0,400
2023-01-07 21:00:00+00:00,8.2,0,400
2023-01-07 22:00:00+00:00,7.9,0,400
2023-01-07 23:00:00+00:00,7.8,0,400
2023-01-08 00:00:00+00:00,7.6,0,400
2023-01-08 01:00:00+00:00,7.5,0,400
2023-01-08 02:00:00+00:00,7.5,0,400
2023-01-08 03:00:00+00:00,7.4,0,400
2023-01-08 04:00:00+00:00,7.4,0,400
2023-01-08 05:00:00+00:00,7.4,0,400
2023-01-08 06:00:00+00:00,7.6,0,400
2023-01-08 07:00:00+00:00,7.4,0,400
2023-01-08 08:00:00+00:00,7.2,0,400
2023-01-08 09:00:00+00:00,7.3,0,400
2023-01-08 10:00:00+00:00,7.3,1,400
2023-01-08 11:00:00+00:00,7.3,14,400
2023-01-08 12:00:00+00:00,7.1,33,400
2023-01-08 13:00:00+00:00,7.3,38,400
2023-01-08 14:00:00+00:00,7.7,31,400
2023-01-08 15:00:00+00:00,7.3,60,400
2023-01-08 16:00:00+00:00,6.5,54,400
2023-01-08 17:00:00+00:00,5.8,22,400
2023-01-08 18:00:00+00:00,5.4,1,400
2023-01-08 19:00:00+00:00,5.5,0,400
2023-01-08 20:00:00+00:00,5.6,0,400
2023-01-08 21:00:00+00:00,5.7,0,400
2023-01-08 22:00:00+00:00,6.2,0,400
2023-01-08 23:00:00+00:00,5.7,0,400
2023-01-09 00:00:00+00:00,5.7,0,400
2023-01-09 01:00:00+00:00,5.2,0,400
2023-01-09 02:00:00+00:00,5,0,400
2023-01-09 03:00:00+00:00,5,0,400
2023-01-09 04:00:00+00:00,5.2,0,400
2023-01-09 05:00:00+00:00,5.2,0,400
2023-01-09 06:00:00+00:00,5.6,0,400
2023-01-09 07:00:00+00:00,5.7,0,400
2023-01-09 08:00:00+00:00,5.5,0,400
2023-01-09 09:00:00+00:00,4.9,0,400
2023-01-09 10:00:00+00:00,5,0,400
2023-01-09 11:00:00+00:00,5.4,6,400
2023-01-09 12:00:00+00:00,6.1,32,400
2023-01-09 13:00:00+00:00,6.1,51,400
2023-01-09 14:00:00+00:00,6.4,83,400
2023-01-09 15:00:00+00:00,5.9,75,400
2023-01-09 16:00:00+00:00,5.4,113,400
2023-01-09 17:00:00+00:00,5,16,400
2023-01-09 18:00:00+00:00,5,1,400
2023-01-09 19:00:00+00:00,5.1,0,400
2023-01-09 20:00:00+00:00,5.2,0,400
2023-01-09 21:00:00+00:00,5.3,0,400
2023-01-09 22:00:00+00:00,5.5,0,400
2023-01-09 23:00:00+00:00,5.6,0,400
2023-01-10 00:00:00+00:00,4.8,0,400
2023-01-10 01:00:00+00:00,4.4,0,400
2023-01-10 02:00:00+00:00,4.1,0,400
2023-01-10 03:00:00+00:00,4.6,0,400
2023-01-10 04:00:00+00:00,5,0,400
2023-01-10 05:00:00+00:00,5.2,0,400
2023-01-10 06:00:00+00:00,5.2,0,400
2023-01-10 07:00:00+00:00,4.5,0,400
2023-01-10 08:00:00+00:00,3.8,0,400
2023-01-10 09:00:00+00:00,4,0,400
2023-01-10 10:00:00+00:00,5.2,3,400
2023-01-10 11:00:00+00:00,6.1,51,400
2023-01-10 12:00:00+00:00,6,119,400
2023-01-10 13:00:00+00:00,6,147,400
2023-01-10 14:00:00+00:00,6,60,400
2023-01-10 15:00:00+00:00,6,56,400
2023-01-10 16:00:00+00:00,5.9,43,400
2023-01-10 17:00:00+00:00,5.8,13,400
2023-01-10 18:00:00+00:00,5.8,0,400
2023-01-10 19:00:00+00:00,5.7,0,400
2023-01-10 20:00:00+00:00,5.4,0,400
2023-01-10 21:00:00+00:00,5.5,0,400
2023-01-10 22:00:00+00:00,5.5,0,400
2023-01-10 23:00:00+00:00,5,0,400
2023-01-11 00:00:00+00:00,4.9,0,400
2023-01-11 01:00:00+00:00,5,0,400
2023-01-11 02:00:00+00:00,5.2,0,400
2023-01-11 03:00:00+00:00,5.7,0,400
2023-01-11 04:00:00+00:00,6.3,0,400
2023-01-11 05:00:00+00:00,6.9,0,400
2023-01-11 06:00:00+00:00,7.5,0,400
2023-01-11 07:00:00+00:00,8.3,0,400
2023-01-11 08:00:00+00:00,8.4,0,400
2023-01-11 09:00:00+00:00,8.3,0,400
2023-01-11 10:00:00+00:00,7.9,1,400
2023-01-11 11:00:00+00:00,7.9,11,400
2023-01-11 12:00:00+00:00,7.6,31,400
2023-01-11 13:00:00+00:00,7.2,83,400
2023-01-11 14:00:00+00:00,7.3,65,400
2023-01-11 15:00:00+00:00,7.6,60,400
2023-01-11 16:00:00+00:00,7,70,400
2023-01-11 17:00:00+00:00,6.5,28,400
2023-01-11 18:00:00+00:00,6.3,1,400
2023-01-11 19:00:00+00:00,6.7,0,400
2023-01-11 20:00:00+00:00,6.7,0,400
2023-01-11 21:00:00+00:00,6.6,0,400
2023-01-11 22:00:00+00:00,6.5,0,400
2023-01-11 23:00:00+00:00,6.4,0,400
2023-01-12 00:00:00+00:00,6.2,0,400
2023-01-12 01:00:00+00:00,6.1,0,400
2023-01-12 02:00:00+00:00,5.7,0,400
2023-01-12 03:00:00+00:00,5.8,0,400
2023-01-12 04:00:00+00:00,5.8,0,400
2023-01-12 05:00:00+00:00,5.4,0,400
2023-01-12 06:00:00+00:00,5.5,0,400
2023-01-12 07:00:00+00:00,5.6,0,400
2023-01-12 08:00:00+00:00,5.9,0,400
2023-01-12 09:00:00+00:00,6,0,400
2023-01-12 10:00:00+00:00,6.4,0,400
2023-01-12 11:00:00+00:00,6.7,6,400
2023-01-12 12:00:00+00:00,7.5,16,400
2023-01-12 13:00:00+00:00,8.5,30,400
2023-01-12 14:00:00+00:00,7.8,56,400
2023-01-12 15:00:00+00:00,7.4,46,400
2023-01-12 16:00:00+00:00,6.8,51,400
2023-01-12 17:00:00+00:00,5.7,11,400
2023-01-12 18:00:00+00:00,5.3,1,400
2023-01-12 19:00:00+00:00,5.9,0,400
2023-01-12 20:00:00+00:00,6.3,0,400
2023-01-12 21:00:00+00:00,6.5,0,400
2023-01-12 22:00:00+00:00,7.6,0,400
2023-01-12 23:00:00+00:00,8.7,0,400
2023-01-13 00:00:00+00:00,8.9,0,400
2023-01-13 01:00:00+00:00,8.3,0,400
2023-01-13 02:00:00+00:00,7.5,0,400
2023-01-13 03:00:00+00:00,7,0,400
2023-01-13 04:00:00+00:00,6.5,0,400
2023-01-13 05:00:00+00:00,6.4,0,400
2023-01-13 06:00:00+00:00,6.7,0,400
2023-01-13 07:00:00+00:00,6.4,0,400
2023-01-13 08:00:00+00:00,6.5,0,400
2023-01-13 09:00:00+00:00,7,0,400
2023-01-13 10:00:00+00:00,7,4,400
2023-01-13 11:00:00+00:00,6.7,19,400
2023-01-13 12:00:00+00:00,6.7,29,400
2023-01-13 13:00:00+00:00,6.6,37,400
2023-01-13 14:00:00+00:00,6.7,36,400
2023-01-13 15:00:00+00:00,6.9,27,400
2023-01-13 16:00:00+00:00,6.7,27,400
2023-01-13 17:00:00+00:00,6.5,27,400
2023-01-13 18:00:00+00:00,6.3,1,400
2023-01-13 19:00:00+00:00,6.5,0,400
2023-01-13 20:00:00+00:00,6.7,0,400
2023-01-13 21:00:00+00:00,6.8,0,400
2023-01-13 22:00:00+00:00,6.9,0,400
2023-01-13 23:00:00+00:00,6.7,0,400
2023-01-14 00:00:00+00:00,6.6,0,400
2023-01-14 01:00:00+00:00,6.5,0,400
2023-01-14 02:00:00+00:00,6.3,0,400
2023-01-14 03:00:00+00:00,6.3,0,400
2023-01-14 04:00:00+00:00,6,0,400
2023-01-14 05:00:00+00:00,5.9,0,400
2023-01-14 06:00:00+00:00,5.8,0,400
2023-01-14 07:00:00+00:00,5.3,0,400
2023-01-14 08:00:00+00:00,5.5,0,400
2023-01-14 09:00:00+00:00,5.7,0,400
2023-01-14 10:00:00+00:00,5.8,2,400
2023-01-14 11:00:00+00:00,5.9,24,400
2023-01-14 12:00:00+00:00,5.9,89,400
2023-01-14 13:00:00+00:00,5.7,94,400
2023-01-14 14:00:00+00:00,5.4,68,400
2023-01-14 15:00:00+00:00,5.3,50,400
2023-01-14 16:00:00+00:00,5.2,16,400
2023-01-14 17:00:00+00:00,5.4,4,400
2023-01-14 18:00:00+00:00,5.8,0,400
2023-01-14 19:00:00+00:00,6.2,0,400
2023-01-14 20:00:00+00:00,6.9,0,400
2023-01-14 21:00:00+00:00,7.5,0,400
2023-01-14 22:00:00+00:00,7.9,0,400
2023-01-14 23:00:00+00:00,6.5,0,400
2023-01-15 00:00:00+00:00,5.7,0,400
2023-01-15 01:00:00+00:00,5.3,0,400
2023-01-15 02:00:00+00:00,5.2,0,400
2023-01-15 03:00:00+00:00,5.3,0,400
2023-01-15 04:00:00+00:00,5.3,0,400
2023-01-15 05:00:00+00:00,5.2,0,400
2023-01-15 06:00:00+00:00,5.4,0,400
2023-01-15 07:00:00+00:00,5.1,0,400
2023-01-15 08:00:00+00:00,5.1,0,400
2023-01-15 09:00:00+00:00,5.2,0,400
2023-01-15 10:00:00+00:00,5.3,2,400
2023-01-15 11:00:00+00:00,5.1,34,400
2023-01-15 12:00:00+00:00,4.6,70,400
2023-01-15 13:00:00+00:00,5,70,400
2023-01-15 14:00:00+00:00,4.1,100,400
2023-01-15 15:00:00+00:00,3.9,65,400
2023-01-15 16:00:00+00:00,4.8,18,400
2023-01-15 17:00:00+00:00,5.3,7,400
2023-01-15 18:00:00+00:00,5.6,0,400
2023-01-15 19:00:00+00:00,5.6,0,400
2023-01-15 20:00:00+00:00,5.1,0,400
2023-01-15 21:00:00+00:00,5.4,0,400
2023-01-15 22:00:00+00:00,4.9,0,400
2023-01-15 23:00:00+00:00,4.6,0,400
2023-01-16 00:00:00+00:00,3.9,0,400
2023-01-16 01:00:00+00:00,4.3,0,400
2023-01-16 02:00:00+00:00,3.8,0,400
2023-01-16 03:00:00+00:00,3.6,0,400
2023-01-16 04:00:00+00:00,3.8,0,400
2023-01-16 05:00:00+00:00,4,0,400
2023-01-16 06:00:00+00:00,4,0,400
2023-01-16 07:00:00+00:00,3.9,0,400
2023-01-16 08:00:00+00:00,3.6,0,400
2023-01-16 09:00:00+00:00,3.9,0,400
2023-01-16 10:00:00+00:00,4.3,4,400
2023-01-16 11:00:00+00:00,4.5,26,400
2023-01-16 12:00:00+00:00,4.7,54,400
2023-01-16 13:00:00+00:00,4.6,84,400
2023-01-16 14:00:00+00:00,4.4,79,400
2023-01-16 15:00:00+00:00,4.2,68,400
2023-01-16 16:00:00+00:00,4.1,64,400
2023-01-16 17:00:00+00:00,4,27,400
2023-01-16 18:00:00+00:00,3.7,2,400
2023-01-16 19:00:00+00:00,3.7,0,400
2023-01-16 20:00:00+00:00,3.8,0,400
2023-01-16 21:00:00+00:00,4.3,0,400
2023-01-16 22:00:00+00:00,4.5,0,400
2023-01-16 23:00:00+00:00,4.4,0,400
2023-01-17 00:00:00+00:00,4.4,0,400
2023-01-17 01:00:00+00:00,3.9,0,400
2023-01-17 02:00:00+00:00,3.9,0,400
2023-01-17 03:00:00+00:00,3.8,0,400
2023-01-17 04:00:00+00:00,3.6,0,400
2023-01-17 05:00:00+00:00,3.1,0,400
2023-01-17 06:00:00+00:00,3,0,400
2023-01-17 07:00:00+00:00,2.5,0,400
2023-01-17 08:00:00+00:00,2,0,400
2023-01-17 09:00:00+00:00,2.1,0,400
2023-01-17 10:00:00+00:00,2.4,3,400
2023-01-17 11:00:00+00:00,1.6,21,400
2023-01-17 12:00:00+00:00,1.3,28,400
2023-01-17 13:00:00+00:00,1.9,31,400
2023-01-17 14:00:00+00:00,2.9,46,400
2023-01-17 15:00:00+00:00,3.3,35,400
2023-01-17 16:00:00+00:00,2.6,57,400
2023-01-17 17:00:00+00:00,1.6,96,400
2023-01-17 18:00:00+00:00,1.4,7,400
2023-01-17 19:00:00+00:00,1.2,0,400
2023-01-17 20:00:00+00:00,1.4,0,400
2023-01-17 21:00:00+00:00,1.3,0,400
2023-01-17 22:00:00+00:00,1.4,0,400
2023-01-17 23:00:00+00:00,1.5,0,400
2023-01-18 00:00:00+00:00,1.6,0,400
2023-01-18 01:00:00+00:00,1.5,0,400
2023-01-18 02:00:00+00:00,1.7,0,400
2023-01-18 03:00:00+00:00,1.4,0,400
2023-01-18 04:00:00+00:00,0.8,0,400
2023-01-18 05:00:00+00:00,0.7,0,400
2023-01-18 06:00:00+00:00,0.7,0,400
2023-01-18 07:00:00+00:00,1.1,0,400
2023-01-18 08:00:00+00:00,1.1,0,400
2023-01-18 09:00:00+00:00,1.4,0,400
2023-01-18 10:00:00+00:00,1.6,2,400
2023-01-18 11:00:00+00:00,1.9,28,400
2023-01-18 12:00:00+00:00,1.9,80,400
2023-01-18 13:00:00+00:00,2.3,79,400
2023-01-18 14:00:00+00:00,2.3,117,400
2023-01-18 15:00:00+00:00,2.1,233,400
2023-01-18 16:00:00+00:00,1.3,132,400
2023-01-18 17:00:00+00:00,0.7,56,400
2023-01-18 18:00:00+00:00,0.5,5,400
2023-01-18 19:00:00+00:00,0.4,0,400
2023-01-18 20:00:00+00:00,0.4,0,400
2023-01-18 21:00:00+00:00,0.6,0,400
2023-01-18 22:00:00+00:00,0.3,0,400
2023-01-18 23:00:00+00:00,0.6,0,400
2023-01-19 00:00:00+00:00,1.4,0,400
2023-01-19 01:00:00+00:00,1.3,0,400
2023-01-19 02:00:00+00:00,1.3,0,400
2023-01-19 03:00:00+00:00,1.5,0,400
2023-01-19 04:00:00+00:00,2,0,400
2023-01-19 05:00:00+00:00,2.1,0,400
2023-01-19 06:00:00+00:00,2.1,0,400
2023-01-19 07:00:00+00:00,1.2,0,400
2023-01-19 08:00:00+00:00,1.8,0,400
2023-01-19 09:00:00+00:00,1.5,0,400
2023-01-19 10:00:00+00:00,1.6,0,400
2023-01-19 11:00:00+00:00,1.6,11,400
2023-01-19 12:00:00+00:00,1.6,17,400
2023-01-19 13:00:00+00:00,2.1,17,400
2023-01-19 14:00:00+00:00,2.3,23,400
2023-01-19 15:00:00+00:00,2.3,33,400
2023-01-19 16:00:00+00:00,2.3,16,400
2023-01-19 17:00:00+00:00,1.5,8,400
2023-01-19 18:00:00+00:00,1,2,400
2023-01-19 19:00:00+00:00,1,0,400
2023-01-19 20:00:00+00:00,1,0,400
2023-01-19 21:00:00+00:00,1,0,400
2023-01-19 22:00:00+00:00,1.2,0,400
2023-01-19 23:00:00+00:00,1.2,0,400
2023-01-20 00:00:00+00:00,0.6,0,400
2023-01-20 01:00:00+00:00,0.1,0,400
2023-01-20 02:00:00+00:00,-0.3,0,400
2023-01-20 03:00:00+00:00,-0.2,0,400
2023-01-20 04:00:00+00:00,-0.2,0,400
2023-01-20 05:00:00+00:00,-0.3,0,400
2023-01-20 06:00:00+00:00,-0.2,0,400
2023-01-20 07:00:00+00:00,0.3,0,400
2023-01-20 08:00:00+00:00,0.3,0,400
2023-01-20 09:00:00+00:00,0.3,0,400
2023-01-20 10:00:00+00:00,0.6,2,400
2023-01-20 11:00:00+00:00,0.8,15,400
2023-01-20 12:00:00+00:00,1.4,43,400
2023-01-20 13:00:00+00:00,2,78,400
2023-01-20 14:00:00+00:00,2.5,85,400
2023-01-20 15:00:00+00:00,2.7,62,400
2023-01-20 16:00:00+00:00,2.5,135,400
2023-01-20 17:00:00+00:00,2.2,22,400
2023-01-20 18:00:00+00:00,2.1,4,400
2023-01-20 19:00:00+00:00,1.3,0,400
2023-01-20 20:00:00+00:00,1.3,0,400
2023-01-20 21:00:00+00:00,1.3,0,400
2023-01-20 22:00:00+00:00,0.8,0,400
2023-01-20 23:00:00+00:00,0.7,0,400
2023-01-21 00:00:00+00:00,0.6,0,400
2023-01-21 01:00:00+00:00,0.3,0,400
2023-01-21 02:00:00+00:00,-0.3,0,400
2023-01-21 03:00:00+00:00,0.2,0,400
2023-01-21 04:00:00+00:00,0.2,0,400
2023-01-21 05:00:00+00:00,0,0,400
2023-01-21 06:00:00+00:00,-0.5,0,400
2023-01-21 07:00:00+00:00,-0.7,0,400
2023-01-21 08:00:00+00:00,-1.1,0,400
2023-01-21 09:00:00+00:00,-0.4,0,400
2023-01-21 10:00:00+00:00,0.7,6,400
2023-01-21 11:00:00+00:00,-0.4,81,400
2023-01-21 12:00:00+00:00,-0.6,148,400
2023-01-21 13:00:00+00:00,-0.2,107,400
2023-01-21 14:00:00+00:00,0.5,111,400
2023-01-21 15:00:00+00:00,1.2,75,400
2023-01-21 16:00:00+00:00,1.3,52,400
2023-01-21 17:00:00+00:00,1,32,400
2023-01-21 18:00:00+00:00,0.9,3,400
2023-01-21 19:00:00+00:00,0.7,0,400
2023-01-21 20:00:00+00:00,0.7,0,400
2023-01-21 21:00:00+00:00,0.6,0,400
2023-01-21 22:00:00+00:00,0.3,0,400
2023-01-21 23:00:00+00:00,0.2,0,400
2023-01-22 00:00:00+00:00,0.1,0,400
2023-01-22 01:00:00+00:00,0,0,400
2023-01-22 02:00:00+00:00,-0.1,0,400
2023-01-22 03:00:00+00:00,-0.8,0,400
2023-01-22 04:00:00+00:00,-1.3,0,400
2023-01-22 05:00:00+00:00,-1.7,0,400
2023-01-22 06:00:00+00:00,-1.4,0,400
2023-01-22 07:00:00+00:00,-1.2,0,400
2023-01-22 08:00:00+00:00,-1.2,0,400
2023-01-22 09:00:00+00:00,-1.4,0,400
2023-01-22 10:00:00+00:00,-1.5,3,400
2023-01-22 11:00:00+00:00,-0.8,20,400
2023-01-22 12:00:00+00:00,-0.5,39,400
2023-01-22 13:00:00+00:00,-0.1,52,400
2023-01-22 14:00:00+00:00,0.5,105,400
2023-01-22 15:00:00+00:00,0.7,118,400
2023-01-22 16:00:00+00:00,0.8,65,400
2023-01-22 17:00:00+00:00,0.6,31,400
2023-01-22 18:00:00+00:00,0.5,3,400
2023-01-22 19:00:00+00:00,0.5,0,400
2023-01-22 20:00:00+00:00,0.6,0,400
2023-01-22 21:00:00+00:00,0.6,0,400
2023-01-22 22:00:00+00:00,0.4,0,400
2023-01-22 23:00:00+00:00,0.3,0,400
2023-01-23 00:00:00+00:00,0.1,0,400
2023-01-23 01:00:00+00:00,0.3,0,400
2023-01-23 02:00:00+00:00,0.3,0,400
2023-01-23 03:00:00+00:00,0.3,0,400
2023-01-23 04:00:00+00:00,0.4,0,400
2023-01-23 05:00:00+00:00,0.4,0,400
2023-01-23 06:00:00+00:00,0.6,0,400
2023-01-23 07:00:00+00:00,0.6,0,400
2023-01-23 08:00:00+00:00,0.6,0,400
2023-01-23 09:00:00+00:00,0.7,0,400
2023-01-23 10:00:00+00:00,1.4,4,400
2023-01-23 11:00:00+00:00,1.9,33,400
2023-01-23 12:00:00+00:00,2.3,53,400
2023-01-23 13:00:00+00:00,2.4,64,400
2023-01-23 14:00:00+00:00,2.5,61,400
2023-01-23 15:00:00+00:00,2.6,58,400
2023-01-23 16:00:00+00:00,2.2,52,400
2023-01-23 17:00:00+00:00,1.5,22,400
2023-01-23 18:00:00+00:00,1.5,1,400
2023-01-23 19:00:00+00:00,1.7,0,400
2023-01-23 20:00:00+00:00,1.9,0,400
2023-01-23 21:00:00+00:00,2,0,400
2023-01-23 22:00:00+00:00,1.9,0,400
2023-01-23 23:00:00+00:00,1.7,0,400
2023-01-24 00:00:00+00:00,1.8,0,400
2023-01-24 01:00:00+00:00,1.7,0,400
2023-01-24 02:00:00+00:00,1.6,0,400
2023-01-24 03:00:00+00:00,1.6,0,400
2023-01-24 04:00:00+00:00,1.8,0,400
2023-01-24 05:00:00+00:00,1.8,0,400
2023-01-24 06:00:00+00:00,1.7,0,400
2023-01-24 07:00:00+00:00,1.4,0,400
2023-01-24 08:00:00+00:00,1.1,0,400
2023-01-24 09:00:00+00:00,0.8,0,400
2023-01-24 10:00:00+00:00,1,4,400
2023-01-24 11:00:00+00:00,1.2,31,400
2023-01-24 12:00:00+00:00,1.6,73,400
2023-01-24 13:00:00+00:00,1.7,99,400
2023-01-24 14:00:00+00:00,1.5,181,400
2023-01-24 15:00:00+00:00,1.3,132,400
2023-01-24 16:00:00+00:00,1.1,99,400
2023-01-24 17:00:00+00:00,1,37,400
2023-01-24 18:00:00+00:00,0.8,7,400
2023-01-24 19:00:00+00:00,0.7,0,400
2023-01-24 20:00:00+00:00,1.1,0,400
2023-01-24 21:00:00+00:00,1.1,0,400
2023-01-24 22:00:00+00:00,0.9,0,400
2023-01-24 23:00:00+00:00,0.7,0,400
2023-01-25 00:00:00+00:00,0.4,0,400
2023-01-25 01:00:00+00:00,0.1,0,400
2023-01-25 02:00:00+00:00,-0.1,0,400
2023-01-25 03:00:00+00:00,-0.1,0,400
2023-01-25 04:00:00+00:00,-0.1,0,400
2023-01-25 05:00:00+00:00,0,0,400
2023-01-25 06:00:00+00:00,0,0,400
2023-01-25 07:00:00+00:00,0.1,0,400
2023-01-25 08:00:00+00:00,0.2,0,400
2023-01-25 09:00:00+00:00,0.4,0,400
2023-01-25 10:00:00+00:00,0.5,2,400
2023-01-25 11:00:00+00:00,0.8,17,400
2023-01-25 12:00:00+00:00,1.1,35,400
2023-01-25 13:00:00+00:00,1.2,47,400
2023-01-25 14:00:00+00:00,1.2,44,400
2023-01-25 15:00:00+00:00,1.2,56,400
2023-01-25 16:00:00+00:00,1.2,30,400
2023-01-25 17:00:00+00:00,0.9,14,400
2023-01-25 18:00:00+00:00,0.7,2,400
2023-01-25 19:00:00+00:00,0.6,0,400
2023-01-25 20:00:00+00:00,0.3,0,400
2023-01-25 21:00:00+00:00,0.1,0,400
2023-01-25 22:00:00+00:00,0.1,0,400
2023-01-25 23:00:00+00:00,0.2,0,400
2023-01-26 00:00:00+00:00,0.2,0,400
2023-01-26 01:00:00+00:00,0.4,0,400
2023-01-26 02:00:00+00:00,0.6,0,400
2023-01-26 03:00:00+00:00,0.7,0,400
2023-01-26 04:00:00+00:00,0.9,0,400
2023-01-26 05:00:00+00:00,1.2,0,400
2023-01-26 06:00:00+00:00,1.6,0,400
2023-01-26 07:00:00+00:00,2,0,400
2023-01-26 08:00:00+00:00,2.4,0,400
2023-01-26 09:00:00+00:00,3,0,400
2023-01-26 10:00:00+00:00,3.4,4,400
2023-01-26 11:00:00+00:00,4.3,26,400
2023-01-26 12:00:00+00:00,5.1,129,400
2023-01-26 13:00:00+00:00,5.4,224,400
2023-01-26 14:00:00+00:00,5.4,276,400
2023-01-26 15:00:00+00:00,4.6,250,400
2023-01-26 16:00:00+00:00,3.4,158,400
2023-01-26 17:00:00+00:00,4.1,21,400
2023-01-26 18:00:00+00:00,4.3,2,400
2023-01-26 19:00:00+00:00,4.1,0,400
2023-01-26 20:00:00+00:00,4,0,400
2023-01-26 21:00:00+00:00,3.8,0,400
2023-01-26 22:00:00+00:00,3.6,0,400
2023-01-26 23:00:00+00:00,3.4,0,400
2023-01-27 00:00:00+00:00,3.1,0,400
2023-01-27 01:00:00+00:00,2.8,0,400
2023-01-27 02:00:00+00:00,2.8,0,400
2023-01-27 03:00:00+00:00,2.6,0,400
2023-01-27 04:00:00+00:00,2.4,0,400
2023-01-27 05:00:00+00:00,2.1,0,400
2023-01-27 06:00:00+00:00,1.7,0,400
2023-01-27 07:00:00+00:00,0.1,0,400
2023-01-27 08:00:00+00:00,-0.6,0,400
2023-01-27 09:00:00+00:00,0.1,0,400
2023-01-27 10:00:00+00:00,0.9,22,400
2023-01-27 11:00:00+00:00,1.5,128,400
2023-01-27 12:00:00+00:00,1.8,196,400
2023-01-27 13:00:00+00:00,2.3,241,400
2023-01-27 14:00:00+00:00,2.7,275,400
2023-01-27 15:00:00+00:00,2.4,339,400
2023-01-27 16:00:00+00:00,1.1,249,400
2023-01-27 17:00:00+00:00,-0.9,110,400
2023-01-27 18:00:00+00:00,-2,19,400
2023-01-27 19:00:00+00:00,-2.2,0,400
2023-01-27 20:00:00+00:00,-2.6,0,400
2023-01-27 21:00:00+00:00,-3.2,0,400
2023-01-27 22:00:00+00:00,-3.4,0,400
2023-01-27 23:00:00+00:00,-3.3,0,400
2023-01-28 00:00:00+00:00,-3.5,0,400
2023-01-28 01:00:00+00:00,-3.6,0,400
2023-01-28 02:00:00+00:00,-3.1,0,400
2023-01-28 03:00:00+00:00,-2.3,0,400
2023-01-28 04:00:00+00:00,-2.6,0,400
2023-01-28 05:00:00+00:00,-1.9,0,400
2023-01-28 06:00:00+00:00,-1.9,0,400
2023-01-28 07:00:00+00:00,-1.3,0,400
2023-01-28 08:00:00+00:00,-1,0,400
2023-01-28 09:00:00+00:00,-0.4,0,400
2023-01-28 10:00:00+00:00,0.2,10,400
2023-01-28 11:00:00+00:00,1,22,400
2023-01-28 12:00:00+00:00,1.8,46,400
2023-01-28 13:00:00+00:00,2.2,212,400
2023-01-28 14:00:00+00:00,2.7,115,400
2023-01-28 15:00:00+00:00,2.8,96,400
2023-01-28 16:00:00+00:00,3.2,68,400
2023-01-28 17:00:00+00:00,3.3,29,400
2023-01-28 18:00:00+00:00,3.4,6,400
2023-01-28 19:00:00+00:00,3.5,0,400
2023-01-28 20:00:00+00:00,3.6,0,400
2023-01-28 21:00:00+00:00,3.7,0,400
2023-01-28 22:00:00+00:00,3.5,0,400
2023-01-28 23:00:00+00:00,3.3,0,400
2023-01-29 00:00:00+00:00,3.1,0,400
2023-01-29 01:00:00+00:00,2.8,0,400
2023-01-29 02:00:00+00:00,3,0,400
2023-01-29 03:00:00+00:00,2.7,0,400
2023-01-29 04:00:00+00:00,2.9,0,400
2023-01-29 05:00:00+00:00,2.8,0,400
2023-01-29 06:00:00+00:00,2.9,0,400
2023-01-29 07:00:00+00:00,2.6,0,400
2023-01-29 08:00:00+00:00,3.2,0,400
2023-01-29 09:00:00+00:00,3.9,0,400
2023-01-29 10:00:00+00:00,4.4,8,400
2023-01-29 11:00:00+00:00,4.8,40,400
2023-01-29 12:00:00+00:00,5.2,59,400
2023-01-29 13:00:00+00:00,5.3,107,400
2023-01-29 14:00:00+00:00,5.3,164,400
2023-01-29 15:00:00+00:00,5.2,147,400
2023-01-29 16:00:00+00:00,5.2,75,400
2023-01-29 17:00:00+00:00,5,25,400
2023-01-29 18:00:00+00:00,5.3,4,400
2023-01-29 19:00:00+00:00,5.3,0,400
2023-01-29 20:00:00+00:00,5.3,0,400
2023-01-29 21:00:00+00:00,5.4,0,400
2023-01-29 22:00:00+00:00,5.4,0,400
2023-01-29 23:00:00+00:00,5.3,0,400
2023-01-30 00:00:00+00:00,5.6,0,400
2023-01-30 01:00:00+00:00,5.9,0,400
2023-01-30 02:00:00+00:00,5.1,0,400
2023-01-30 03:00:00+00:00,4.6,0,400
2023-01-30 04:00:00+00:00,4.4,0,400
2023-01-30 05:00:00+00:00,4.3,0,400
2023-01-30 06:00:00+00:00,4,0,400
2023-01-30 07:00:00+00:00,4,0,400
2023-01-30 08:00:00+00:00,3.7,0,400
2023-01-30 09:00:00+00:00,3.5,0,400
2023-01-30 10:00:00+00:00,3.9,10,400
2023-01-30 11:00:00+00:00,4.2,78,400
2023-01-30 12:00:00+00:00,4.9,60,400
2023-01-30 13:00:00+00:00,5.5,147,400
2023-01-30 14:00:00+00:00,5.6,249,400
2023-01-30 15:00:00+00:00,6.2,148,400
2023-01-30 16:00:00+00:00,5.6,144,400
2023-01-30 17:00:00+00:00,4.9,120,400
2023-01-30 18:00:00+00:00,4.1,24,400
2023-01-30 19:00:00+00:00,3.5,0,400
2023-01-30 20:00:00+00:00,3,0,400
2023-01-30 21:00:00+00:00,2.9,0,400
2023-01-30 22:00:00+00:00,2.8,0,400
2023-01-30 23:00:00+00:00,2.8,0,400
2023-01-31 00:00:00+00:00,2.5,0,400
2023-01-31 01:00:00+00:00,2.3,0,400
2023-01-31 02:00:00+00:00,2.2,0,400
2023-01-31 03:00:00+00:00,1.8,0,400
2023-01-31 04:00:00+00:00,1.8,0,400
2023-01-31 05:00:00+00:00,2.1,0,400
2023-01-31 06:00:00+00:00,2,0,400
2023-01-31 07:00:00+00:00,2.7,0,400
2023-01-31 08:00:00+00:00,3.1,0,400
2023-01-31 09:00:00+00:00,3.6,0,400
2023-01-31 10:00:00+00:00,4.3,4,400
2023-01-31 11:00:00+00:00,4.9,14,400
2023-01-31 12:00:00+00:00,5.7,40,400
2023-01-31 13:00:00+00:00,6.6,45,400
2023-01-31 14:00:00+00:00,6.8,29,400
2023-01-31 15:00:00+00:00,6.8,47,400
2023-01-31 16:00:00+00:00,4.5,43,400
2023-01-31 17:00:00+00:00,3.6,43,400
2023-01-31 18:00:00+00:00,3.8,9,400
2023-01-31 19:00:00+00:00,3.6,0,400
2023-01-31 20:00:00+00:00,3.6,0,400
2023-01-31 21:00:00+00:00,3.8,0,400
2023-01-31 22:00:00+00:00,3.8,0,400
2023-01-31 23:00:00+00:00,3.5,0,400
2023-02-01 00:00:00+00:00,3.9,0,400
2023-02-01 01:00:00+00:00,3.7,0,400
2023-02-01 02:00:00+00:00,3.9,0,400
2023-02-01 03:00:00+00:00,3.6,0,400
2023-02-01 04:00:00+00:00,3.1,0,400
2023-02-01 05:00:00+00:00,4,0,400
2023-02-01 06:00:00+00:00,3.2,0,400
2023-02-01 07:00:00+00:00,3.1,0,400
2023-02-01 08:00:00+00:00,3.1,0,400
2023-02-01 09:00:00+00:00,2.9,0,400
2023-02-01 10:00:00+00:00,3.8,10,400
2023-02-01 11:00:00+00:00,4.2,38,400
2023-02-01 12:00:00+00:00,3.9,119,400
2023-02-01 13:00:00+00:00,4.3,69,400
2023-02-01 14:00:00+00:00,5,228,400
2023-02-01 15:00:00+00:00,5.3,199,400
2023-02-01 16:00:00+00:00,5.8,77,400
2023-02-01 17:00:00+00:00,5.7,34,400
2023-02-01 18:00:00+00:00,5.4,28,400
2023-02-01 19:00:00+00:00,5.3,0,400
2023-02-01 20:00:00+00:00,5.5,0,400
2023-02-01 21:00:00+00:00,5.5,0,400
2023-02-01 22:00:00+00:00,4.8,0,400
2023-02-01 23:00:00+00:00,3.8,0,400
2023-02-02 00:00:00+00:00,2.8,0,400
2023-02-02 01:00:00+00:00,1.9,0,400
2023-02-02 02:00:00+00:00,1.3,0,400
2023-02-02 03:00:00+00:00,1.4,0,400
2023-02-02 04:00:00+00:00,1.6,0,400
2023-02-02 05:00:00+00:00,1.7,0,400
2023-02-02 06:00:00+00:00,1.4,0,400
2023-02-02 07:00:00+00:00,0.8,0,400
2023-02-02 08:00:00+00:00,0.6,0,400
2023-02-02 09:00:00+00:00,0.9,0,400
2023-02-02 10:00:00+00:00,1.8,27,400
2023-02-02 11:00:00+00:00,2.8,137,400
2023-02-02 12:00:00+00:00,3.5,241,400
2023-02-02 13:00:00+00:00,4,300,400
2023-02-02 14:00:00+00:00,4.4,320,400
2023-02-02 15:00:00+00:00,4.3,314,400
2023-02-02 16:00:00+00:00,3.5,220,400
2023-02-02 17:00:00+00:00,2.1,110,400
2023-02-02 18:00:00+00:00,1.6,19,400
2023-02-02 19:00:00+00:00,1.7,0,400
2023-02-02 20:00:00+00:00,2,0,400
2023-02-02 21:00:00+00:00,2.5,0,400
2023-02-02 22:00:00+00:00,3.2,0,400
2023-02-02 23:00:00+00:00,3.2,0,400
2023-02-03 00:00:00+00:00,2.1,0,400
2023-02-03 01:00:00+00:00,2.3,0,400
2023-02-03 02:00:00+00:00,3.9,0,400
2023-02-03 03:00:00+00:00,6,0,400
2023-02-03 04:00:00+00:00,6.6,0,400
2023-02-03 05:00:00+00:00,6.8,0,400
2023-02-03 06:00:00+00:00,6.9,0,400
2023-02-03 07:00:00+00:00,7,0,400
2023-02-03 08:00:00+00:00,7.2,0,400
2023-02-03 09:00:00+00:00,7,0,400
2023-02-03 10:00:00+00:00,6.8,13,400
2023-02-03 11:00:00+00:00,7,51,400
2023-02-03 12:00:00+00:00,7.3,94,400
2023-02-03 13:00:00+00:00,7.1,106,400
2023-02-03 14:00:00+00:00,6.7,99,400
2023-02-03 15:00:00+00:00,6.8,100,400
2023-02-03 16:00:00+00:00,6.1,30,400
2023-02-03 17:00:00+00:00,3.8,18,400
2023-02-03 18:00:00+00:00,3.1,4,400
2023-02-03 19:00:00+00:00,2.9,0,400
2023-02-03 20:00:00+00:00,2.6,0,400
2023-02-03 21:00:00+00:00,2.4,0,400
2023-02-03 22:00:00+00:00,2.1,0,400
2023-02-03 23:00:00+00:00,2.3,0,400
2023-02-04 00:00:00+00:00,2,0,400
2023-02-04 01:00:00+00:00,0.9,0,400
2023-02-04 02:00:00+00:00,0.4,0,400
2023-02-04 03:00:00+00:00,0.2,0,400
2023-02-04 04:00:00+00:00,0,0,400
2023-02-04 05:00:00+00:00,-0.5,0,400
2023-02-04 06:00:00+00:00,-0.6,0,400
2023-02-04 07:00:00+00:00,-1.3,0,400
2023-02-04 08:00:00+00:00,-0.4,0,400
2023-02-04 09:00:00+00:00,0.2,0,400
2023-02-04 10:00:00+00:00,0.8,26,400
2023-02-04 11:00:00+00:00,1.1,118,400
2023-02-04 12:00:00+00:00,1.2,199,400
2023-02-04 13:00:00+00:00,1.5,216,400
2023-02-04 14:00:00+00:00,1.5,212,400
2023-02-04 15:00:00+00:00,0.8,342,400
2023-02-04 16:00:00+00:00,0,266,400
2023-02-04 17:00:00+00:00,-0.4,101,400
2023-02-04 18:00:00+00:00,-0.9,16,400
2023-02-04 19:00:00+00:00,-0.9,0,400
2023-02-04 20:00:00+00:00,-0.6,0,400
2023-02-04 21:00:00+00:00,-0.9,0,400
2023-02-04 22:00:00+00:00,-1.2,0,400
2023-02-04 23:00:00+00:00,-1.4,0,400
2023-02-05 00:00:00+00:00,-1.3,0,400
2023-02-05 01:00:00+00:00,-1.2,0,400
2023-02-05 02:00:00+00:00,-0.9,0,400
2023-02-05 03:00:00+00:00,-0.6,0,400
2023-02-05 04:00:00+00:00,-0.2,0,400
2023-02-05 05:00:00+00:00,-0.2,0,400
2023-02-05 06:00:00+00:00,-0.2,0,400
2023-02-05 07:00:00+00:00,-0.1,0,400
2023-02-05 08:00:00+00:00,0,0,400
2023-02-05 09:00:00+00:00,0.3,0,400
2023-02-05 10:00:00+00:00,0.7,8,400
2023-02-05 11:00:00+00:00,0.9,30,400
2023-02-05 12:00:00+00:00,0.8,78,400
2023-02-05 13:00:00+00:00,0.9,77,400
2023-02-05 14:00:00+00:00,1.1,52,400
2023-02-05 15:00:00+00:00,1.3,89,400
2023-02-05 16:00:00+00:00,1.5,74,400
2023-02-05 17:00:00+00:00,2.7,31,400
2023-02-05 18:00:00+00:00,3.4,8,400
2023-02-05 19:00:00+00:00,3.1,0,400
2023-02-05 20:00:00+00:00,2.2,0,400
2023-02-05 21:00:00+00:00,1.5,0,400
2023-02-05 22:00:00+00:00,0.8,0,400
2023-02-05 23:00:00+00:00,0.7,0,400
2023-02-06 00:00:00+00:00,0.2,0,400
2023-02-06 01:00:00+00:00,-0.2,0,400
2023-02-06 02:00:00+00:00,-0.9,0,400
2023-02-06 03:00:00+00:00,-1.9,0,400
2023-02-06 04:00:00+00:00,-1.6,0,400
2023-02-06 05:00:00+00:00,-1.8,0,400
2023-02-06 06:00:00+00:00,-0.9,0,400
2023-02-06 07:00:00+00:00,-0.6,0,400
2023-02-06 08:00:00+00:00,-1.1,0,400
2023-02-06 09:00:00+00:00,-0.5,1,400
2023-02-06 10:00:00+00:00,-0.2,38,400
2023-02-06 11:00:00+00:00,0.5,65,400
2023-02-06 12:00:00+00:00,1,129,400
2023-02-06 13:00:00+00:00,1.1,151,400
2023-02-06 14:00:00+00:00,1,157,400
2023-02-06 15:00:00+00:00,0.7,137,400
2023-02-06 16:00:00+00:00,1,112,400
2023-02-06 17:00:00+00:00,0.6,59,400
2023-02-06 18:00:00+00:00,0.2,15,400
2023-02-06 19:00:00+00:00,0.7,0,400
2023-02-06 20:00:00+00:00,0.6,0,400
2023-02-06 21:00:00+00:00,0.4,0,400
2023-02-06 22:00:00+00:00,0.5,0,400
2023-02-06 23:00:00+00:00,0.4,0,400
2023-02-07 00:00:00+00:00,0.2,0,400
2023-02-07 01:00:00+00:00,0.3,0,400
2023-02-07 02:00:00+00:00,0.2,0,400
2023-02-07 03:00:00+00:00,0.3,0,400
2023-02-07 04:00:00+00:00,-0.2,0,400
2023-02-07 05:00:00+00:00,-0.1,0,400
2023-02-07 06:00:00+00:00,-0.1,0,400
2023-02-07 07:00:00+00:00,-0.1,0,400
2023-02-07 08:00:00+00:00,0,0,400
2023-02-07 09:00:00+00:00,0.3,0,400
2023-02-07 10:00:00+00:00,1.1,8,400
2023-02-07 11:00:00+00:00,1.6,34,400
2023-02-07 12:00:00+00:00,2.4,55,400
2023-02-07 13:00:00+00:00,3.5,89,400
2023-02-07 14:00:00+00:00,4,246,400
2023-02-07 15:00:00+00:00,3.9,322,400
2023-02-07 16:00:00+00:00,2.8,269,400
2023-02-07 17:00:00+00:00,1.6,171,400
2023-02-07 18:00:00+00:00,1.2,52,400
2023-02-07 19:00:00+00:00,0.6,1,400
2023-02-07 20:00:00+00:00,0.5,0,400
2023-02-07 21:00:00+00:00,0.2,0,400
2023-02-07 22:00:00+00:00,-0.2,0,400
2023-02-07 23:00:00+00:00,-0.5,0,400
2023-02-08 00:00:00+00:00,-0.6,0,400
2023-02-08 01:00:00+00:00,-0.4,0,400
2023-02-08 02:00:00+00:00,-0.6,0,400
2023-02-08 03:00:00+00:00,-0.7,0,400
2023-02-08 04:00:00+00:00,-0.4,0,400
2023-02-08 05:00:00+00:00,-0.4,0,400
2023-02-08 06:00:00+00:00,-0.4,0,400
2023-02-08 07:00:00+00:00,-0.9,0,400
2023-02-08 08:00:00+00:00,-1.3,0,400
2023-02-08 09:00:00+00:00,-0.2,1,400
2023-02-08 10:00:00+00:00,1.2,39,400
2023-02-08 11:00:00+00:00,2.3,152,400
2023-02-08 12:00:00+00:00,3.1,267,400
2023-02-08 13:00:00+00:00,3.5,334,400
2023-02-08 14:00:00+00:00,3.5,351,400
2023-02-08 15:00:00+00:00,3.3,335,400
2023-02-08 16:00:00+00:00,2.3,282,400
2023-02-08 17:00:00+00:00,1.5,181,400
2023-02-08 18:00:00+00:00,1.4,56,400
2023-02-08 19:00:00+00:00,1.5,1,400
2023-02-08 20:00:00+00:00,1.4,0,400
2023-02-08 21:00:00+00:00,1.2,0,400
2023-02-08 22:00:00+00:00,1,0,400
2023-02-08 23:00:00+00:00,0.5,0,400
2023-02-09 00:00:00+00:00,0.3,0,400
2023-02-09 01:00:00+00:00,0.2,0,400
2023-02-09 02:00:00+00:00,0.2,0,400
2023-02-09 03:00:00+00:00,0.3,0,400
2023-02-09 04:00:00+00:00,0.3,0,400
2023-02-09 05:00:00+00:00,0.3,0,400
2023-02-09 06:00:00+00:00,0.2,0,400
2023-02-09 07:00:00+00:00,0.2,0,400
2023-02-09 08:00:00+00:00,0.3,0,400
2023-02-09 09:00:00+00:00,0.8,1,400
2023-02-09 10:00:00+00:00,1.2,27,400
2023-02-09 11:00:00+00:00,1.6,81,400
2023-02-09 12:00:00+00:00,1.9,118,400
2023-02-09 13:00:00+00:00,2.1,128,400
2023-02-09 14:00:00+00:00,2.3,83,400
2023-02-09 15:00:00+00:00,2.7,45,400
2023-02-09 16:00:00+00:00,3,43,400
2023-02-09 17:00:00+00:00,3.1,39,400
2023-02-09 18:00:00+00:00,3.2,15,400
2023-02-09 19:00:00+00:00,3.6,1,400
2023-02-09 20:00:00+00:00,3.9,0,400
2023-02-09 21:00:00+00:00,3.9,0,400
2023-02-09 22:00:00+00:00,4.3,0,400
2023-02-09 23:00:00+00:00,4,0,400
2023-02-10 00:00:00+00:00,3.9,0,400
2023-02-10 01:00:00+00:00,4.2,0,400
2023-02-10 02:00:00+00:00,4.3,0,400
2023-02-10 03:00:00+00:00,4.4,0,400
2023-02-10 04:00:00+00:00,3.8,0,400
2023-02-10 05:00:00+00:00,3.4,0,400
2023-02-10 06:00:00+00:00,3.2,0,400
2023-02-10 07:00:00+00:00,2.9,0,400
2023-02-10 08:00:00+00:00,3,0,400
2023-02-10 09:00:00+00:00,3.6,1,400
2023-02-10 10:00:00+00:00,4.5,39,400
2023-02-10 11:00:00+00:00,5.3,108,400
2023-02-10 12:00:00+00:00,6,73,400
2023-02-10 13:00:00+00:00,6.2,124,400
2023-02-10 14:00:00+00:00,6.3,150,400
2023-02-10 15:00:00+00:00,6,124,400
2023-02-10 16:00:00+00:00,5.8,101,400
2023-02-10 17:00:00+00:00,5.5,26,400
2023-02-10 18:00:00+00:00,5.4,17,400
2023-02-10 19:00:00+00:00,5.4,1,400
2023-02-10 20:00:00+00:00,4.8,0,400
2023-02-10 21:00:00+00:00,4.8,0,400
2023-02-10 22:00:00+00:00,5.2,0,400
2023-02-10 23:00:00+00:00,5.8,0,400
2023-02-11 00:00:00+00:00,6.3,0,400
2023-02-11 01:00:00+00:00,6.7,0,400
2023-02-11 02:00:00+00:00,6.8,0,400
2023-02-11 03:00:00+00:00,7,0,400
2023-02-11 04:00:00+00:00,6.9,0,400
2023-02-11 05:00:00+00:00,6.8,0,400
2023-02-11 06:00:00+00:00,7.2,0,400
2023-02-11 07:00:00+00:00,7.2,0,400
2023-02-11 08:00:00+00:00,7.1,0,400
2023-02-11 09:00:00+00:00,7.3,1,400
2023-02-11 10:00:00+00:00,8.3,24,400
2023-02-11 11:00:00+00:00,9,90,400
2023-02-11 12:00:00+00:00,9.5,164,400
2023-02-11 13:00:00+00:00,9.8,184,400
2023-02-11 14:00:00+00:00,9.6,189,400
2023-02-11 15:00:00+00:00,9.4,255,400
2023-02-11 16:00:00+00:00,9,190,400
2023-02-11 17:00:00+00:00,8.2,138,400
2023-02-11 18:00:00+00:00,7.3,51,400
2023-02-11 19:00:00+00:00,6.6,5,400
2023-02-11 20:00:00+00:00,6.1,0,400
2023-02-11 21:00:00+00:00,6.1,0,400
2023-02-11 22:00:00+00:00,5.9,0,400
2023-02-11 23:00:00+00:00,5,0,400
2023-02-12 00:00:00+00:00,5.1,0,400
2023-02-12 01:00:00+00:00,5.9,0,400
2023-02-12 02:00:00+00:00,6.3,0,400
2023-02-12 03:00:00+00:00,6.5,0,400
2023-02-12 04:00:00+00:00,6.6,0,400
2023-02-12 05:00:00+00:00,6.3,0,400
2023-02-12 06:00:00+00:00,5.9,0,400
2023-02-12 07:00:00+00:00,5.8,0,400
2023-02-12 08:00:00+00:00,5.7,0,400
2023-02-12 09:00:00+00:00,5.8,1,400
2023-02-12 10:00:00+00:00,6.2,17,400
2023-02-12 11:00:00+00:00,7.5,44,400
2023-02-12 12:00:00+00:00,8.1,86,400
2023-02-12 13:00:00+00:00,7.7,137,400
2023-02-12 14:00:00+00:00,8.1,136,400
2023-02-12 15:00:00+00:00,8.3,122,400
2023-02-12 16:00:00+00:00,8,137,400
2023-02-12 17:00:00+00:00,7.8,76,400
2023-02-12 18:00:00+00:00,7.6,23,400
2023-02-12 19:00:00+00:00,7.4,1,400
2023-02-12 20:00:00+00:00,7.1,0,400
2023-02-12 21:00:00+00:00,6.9,0,400
2023-02-12 22:00:00+00:00,6.6,0,400
2023-02-12 23:00:00+00:00,6.6,0,400
2023-02-13 00:00:00+00:00,6.6,0,400
2023-02-13 01:00:00+00:00,6.4,0,400
2023-02-13 02:00:00+00:00,6.2,0,400
2023-02-13 03:00:00+00:00,5.8,0,400
2023-02-13 04:00:00+00:00,5.6,0,400
2023-02-13 05:00:00+00:00,5.6,0,400
2023-02-13 06:00:00+00:00,5.7,0,400
2023-02-13 07:00:00+00:00,5.9,0,400
2023-02-13 08:00:00+00:00,6,0,400
2023-02-13 09:00:00+00:00,6.2,0,400
2023-02-13 10:00:00+00:00,6.6,14,400
2023-02-13 11:00:00+00:00,7.1,52,400
2023-02-13 12:00:00+00:00,7.3,91,400
2023-02-13 13:00:00+00:00,7.6,140,400
2023-02-13 14:00:00+00:00,7.3,179,400
2023-02-13 15:00:00+00:00,7,253,400
2023-02-13 16:00:00+00:00,6.6,126,400
2023-02-13 17:00:00+00:00,6.2,74,400
2023-02-13 18:00:00+00:00,5.8,29,400
2023-02-13 19:00:00+00:00,5.6,2,400
2023-02-13 20:00:00+00:00,5.3,0,400
2023-02-13 21:00:00+00:00,5.1,0,400
2023-02-13 22:00:00+00:00,4.9,0,400
2023-02-13 23:00:00+00:00,4.8,0,400
2023-02-14 00:00:00+00:00,4.7,0,400
2023-02-14 01:00:00+00:00,4.6,0,400
2023-02-14 02:00:00+00:00,4.4,0,400
2023-02-14 03:00:00+00:00,4.3,0,400
2023-02-14 04:00:00+00:00,4.2,0,400
2023-02-14 05:00:00+00:00,4.1,0,400
2023-02-14 06:00:00+00:00,3.8,0,400
2023-02-14 07:00:00+00:00,3.7,0,400
2023-02-14 08:00:00+00:00,3.5,0,400
2023-02-14 09:00:00+00:00,3.5,0,400
2023-02-14 10:00:00+00:00,3.5,9,400
2023-02-14 11:00:00+00:00,3.5,29,400
2023-02-14 12:00:00+00:00,3.4,47,400
2023-02-14 13:00:00+00:00,3.4,68,400
2023-02-14 14:00:00+00:00,3.3,71,400
2023-02-14 15:00:00+00:00,3.4,71,400
2023-02-14 16:00:00+00:00,3.6,72,400
2023-02-14 17:00:00+00:00,3.4,55,400
2023-02-14 18:00:00+00:00,3.2,21,400
2023-02-14 19:00:00+00:00,2.9,1,400
2023-02-14 20:00:00+00:00,2.5,0,400
2023-02-14 21:00:00+00:00,1.2,0,400
2023-02-14 22:00:00+00:00,-0.1,0,400
2023-02-14 23:00:00+00:00,-0.2,0,400
2023-02-15 00:00:00+00:00,-0.5,0,400
2023-02-15 01:00:00+00:00,-0.6,0,400
2023-02-15 02:00:00+00:00,-0.2,0,400
2023-02-15 03:00:00+00:00,0,0,400
2023-02-15 04:00:00+00:00,-0.2,0,400
2023-02-15 05:00:00+00:00,-0.2,0,400
2023-02-15 06:00:00+00:00,-0.3,0,400
2023-02-15 07:00:00+00:00,-0.2,0,400
2023-02-15 08:00:00+00:00,0.2,0,400
2023-02-15 09:00:00+00:00,1.1,1,400
2023-02-15 10:00:00+00:00,1.7,17,400
2023-02-15 11:00:00+00:00,2.5,57,400
2023-02-15 12:00:00+00:00,3.4,80,400
2023-02-15 13:00:00+00:00,4.2,117,400
2023-02-15 14:00:00+00:00,4.7,152,400
2023-02-15 15:00:00+00:00,4.3,138,400
2023-02-15 16:00:00+00:00,2.8,116,400
2023-02-15 17:00:00+00:00,2,64,400
2023-02-15 18:00:00+00:00,1.6,26,400
2023-02-15 19:00:00+00:00,1.5,2,400
2023-02-15 20:00:00+00:00,2,0,400
2023-02-15 21:00:00+00:00,2.8,0,400
2023-02-15 22:00:00+00:00,3.2,0,400
2023-02-15 23:00:00+00:00,3.4,0,400
2023-02-16 00:00:00+00:00,3.5,0,400
2023-02-16 01:00:00+00:00,3.4,0,400
2023-02-16 02:00:00+00:00,3.1,0,400
2023-02-16 03:00:00+00:00,2.7,0,400
2023-02-16 04:00:00+00:00,2.5,0,400
2023-02-16 05:00:00+00:00,3,0,400
2023-02-16 06:00:00+00:00,3.6,0,400
2023-02-16 07:00:00+00:00,4.1,0,400
2023-02-16 08:00:00+00:00,4.5,0,400
2023-02-16 09:00:00+00:00,5,0,400
2023-02-16 10:00:00+00:00,5.1,14,400
2023-02-16 11:00:00+00:00,5.2,26,400
2023-02-16 12:00:00+00:00,5.2,32,400
2023-02-16 13:00:00+00:00,5.4,32,400
2023-02-16 14:00:00+00:00,5.7,36,400
2023-02-16 15:00:00+00:00,5.8,47,400
2023-02-16 16:00:00+00:00,5.9,36,400
2023-02-16 17:00:00+00:00,5.9,42,400
2023-02-16 18:00:00+00:00,5.7,36,400
2023-02-16 19:00:00+00:00,5.5,2,400
2023-02-16 20:00:00+00:00,5.5,0,400
2023-02-16 21:00:00+00:00,5.2,0,400
2023-02-16 22:00:00+00:00,5.4,0,400
2023-02-16 23:00:00+00:00,5.7,0,400
2023-02-17 00:00:00+00:00,5.8,0,400
2023-02-17 01:00:00+00:00,5.8,0,400
2023-02-17 02:00:00+00:00,6.1,0,400
2023-02-17 03:00:00+00:00,6.4,0,400
2023-02-17 04:00:00+00:00,6.7,0,400
2023-02-17 05:00:00+00:00,6.9,0,400
2023-02-17 06:00:00+00:00,7.2,0,400
2023-02-17 07:00:00+00:00,7.3,0,400
2023-02-17 08:00:00+00:00,7.3,0,400
2023-02-17 09:00:00+00:00,7.4,0,400
2023-02-17 10:00:00+00:00,7.9,5,400
2023-02-17 11:00:00+00:00,8.3,19,400
2023-02-17 12:00:00+00:00,8.7,36,400
2023-02-17 13:00:00+00:00,9.9,46,400
2023-02-17 14:00:00+00:00,10,28,400
2023-02-17 15:00:00+00:00,9.3,77,400
2023-02-17 16:00:00+00:00,8.3,129,400
2023-02-17 17:00:00+00:00,7.6,119,400
2023-02-17 18:00:00+00:00,6.8,29,400
2023-02-17 19:00:00+00:00,6.7,4,400
2023-02-17 20:00:00+00:00,6.6,0,400
2023-02-17 21:00:00+00:00,6.9,0,400
2023-02-17 22:00:00+00:00,6.7,0,400
2023-02-17 23:00:00+00:00,6.5,0,400
2023-02-18 00:00:00+00:00,6.1,0,400
2023-02-18 01:00:00+00:00,5.8,0,400
2023-02-18 02:00:00+00:00,5.5,0,400
2023-02-18 03:00:00+00:00,5.1,0,400
2023-02-18 04:00:00+00:00,5,0,400
2023-02-18 05:00:00+00:00,5.1,0,400
2023-02-18 06:00:00+00:00,4.9,0,400
2023-02-18 07:00:00+00:00,5,0,400
2023-02-18 08:00:00+00:00,5.1,0,400
2023-02-18 09:00:00+00:00,5.3,2,400
2023-02-18 10:00:00+00:00,5.6,27,400
2023-02-18 11:00:00+00:00,5.1,58,400
2023-02-18 12:00:00+00:00,4.7,44,400
2023-02-18 13:00:00+00:00,5,103,400
2023-02-18 14:00:00+00:00,6,93,400
2023-02-18 15:00:00+00:00,6.1,281,400
2023-02-18 16:00:00+00:00,6,326,400
2023-02-18 17:00:00+00:00,5.3,165,400
2023-02-18 18:00:00+00:00,4.3,66,400
2023-02-18 19:00:00+00:00,3.7,7,400
2023-02-18 20:00:00+00:00,3.1,0,400
2023-02-18 21:00:00+00:00,2.7,0,400
2023-02-18 22:00:00+00:00,2.5,0,400
2023-02-18 23:00:00+00:00,2.3,0,400
2023-02-19 00:00:00+00:00,2,0,400
2023-02-19 01:00:00+00:00,2,0,400
2023-02-19 02:00:00+00:00,2,0,400
2023-02-19 03:00:00+00:00,1.9,0,400
2023-02-19 04:00:00+00:00,1.9,0,400
2023-02-19 05:00:00+00:00,1.8,0,400
2023-02-19 06:00:00+00:00,1.4,0,400
2023-02-19 07:00:00+00:00,1.2,0,400
2023-02-19 08:00:00+00:00,1.2,0,400
2023-02-19 09:00:00+00:00,2.3,4,400
2023-02-19 10:00:00+00:00,4,75,400
2023-02-19 11:00:00+00:00,4.9,228,400
2023-02-19 12:00:00+00:00,5.8,336,400
2023-02-19 13:00:00+00:00,6.4,403,400
2023-02-19 14:00:00+00:00,6.3,420,400
2023-02-19 15:00:00+00:00,6.1,419,400
2023-02-19 16:00:00+00:00,5.6,245,400
2023-02-19 17:00:00+00:00,4.6,146,400
2023-02-19 18:00:00+00:00,3.9,81,400
2023-02-19 19:00:00+00:00,3.6,7,400
2023-02-19 20:00:00+00:00,3.9,0,400
2023-02-19 21:00:00+00:00,4.1,0,400
2023-02-19 22:00:00+00:00,4.2,0,400
2023-02-19 23:00:00+00:00,4.4,0,400
2023-02-20 00:00:00+00:00,4.4,0,400
2023-02-20 01:00:00+00:00,4.7,0,400
2023-02-20 02:00:00+00:00,5.5,0,400
2023-02-20 03:00:00+00:00,6.1,0,400
2023-02-20 04:00:00+00:00,6.4,0,400
2023-02-20 05:00:00+00:00,6.7,0,400
2023-02-20 06:00:00+00:00,7,0,400
2023-02-20 07:00:00+00:00,7.4,0,400
2023-02-20 08:00:00+00:00,7.9,0,400
2023-02-20 09:00:00+00:00,8.2,0,400
2023-02-20 10:00:00+00:00,8.4,11,400
2023-02-20 11:00:00+00:00,8.6,19,400
2023-02-20 12:00:00+00:00,8.8,26,400
2023-02-20 13:00:00+00:00,8.6,59,400
2023-02-20 14:00:00+00:00,8.3,73,400
2023-02-20 15:00:00+00:00,8.9,65,400
2023-02-20 16:00:00+00:00,8.8,76,400
2023-02-20 17:00:00+00:00,8,163,400
2023-02-20 18:00:00+00:00,7.3,73,400
2023-02-20 19:00:00+00:00,7,10,400
2023-02-20 20:00:00+00:00,6.3,0,400
2023-02-20 21:00:00+00:00,5.8,0,400
2023-02-20 22:00:00+00:00,5.7,0,400
2023-02-20 23:00:00+00:00,5.6,0,400
2023-02-21 00:00:00+00:00,5.5,0,400
2023-02-21 01:00:00+00:00,5.5,0,400
2023-02-21 02:00:00+00:00,5.5,0,400
2023-02-21 03:00:00+00:00,5.7,0,400
2023-02-21 04:00:00+00:00,5.8,0,400
2023-02-21 05:00:00+00:00,5.7,0,400
2023-02-21 06:00:00+00:00,5.3,0,400
2023-02-21 07:00:00+00:00,5.5,0,400
2023-02-21 08:00:00+00:00,5.8,0,400
2023-02-21 09:00:00+00:00,6.6,6,400
2023-02-21 10:00:00+00:00,7.3,85,400
2023-02-21 11:00:00+00:00,8,215,400
2023-02-21 12:00:00+00:00,8.6,277,400
2023-02-21 13:00:00+00:00,8.7,362,400
2023-02-21 14:00:00+00:00,8.6,398,400
2023-02-21 15:00:00+00:00,8.4,297,400
2023-02-21 16:00:00+00:00,8.1,265,400
2023-02-21 17:00:00+00:00,7.4,123,400
2023-02-21 18:00:00+00:00,6.6,45,400
2023-02-21 19:00:00+00:00,6,7,400
2023-02-21 20:00:00+00:00,5.4,0,400
2023-02-21 21:00:00+00:00,3.9,0,400
2023-02-21 22:00:00+00:00,2.7,0,400
2023-02-21 23:00:00+00:00,2.7,0,400
2023-02-22 00:00:00+00:00,2.1,0,400
2023-02-22 01:00:00+00:00,1.9,0,400
2023-02-22 02:00:00+00:00,1.1,0,400
2023-02-22 03:00:00+00:00,0.4,0,400
2023-02-22 04:00:00+00:00,-0.2,0,400
2023-02-22 05:00:00+00:00,1,0,400
2023-02-22 06:00:00+00:00,3,0,400
2023-02-22 07:00:00+00:00,4.1,0,400
2023-02-22 08:00:00+00:00,4.6,0,400
2023-02-22 09:00:00+00:00,5.4,6,400
2023-02-22 10:00:00+00:00,6.3,42,400
2023-02-22 11:00:00+00:00,6.9,132,400
2023-02-22 12:00:00+00:00,7.8,177,400
2023-02-22 13:00:00+00:00,7.7,251,400
2023-02-22 14:00:00+00:00,7.4,346,400
2023-02-22 15:00:00+00:00,6.2,275,400
2023-02-22 16:00:00+00:00,5.1,121,400
2023-02-22 17:00:00+00:00,4.8,36,400
2023-02-22 18:00:00+00:00,4.5,19,400
2023-02-22 19:00:00+00:00,4.2,3,400
2023-02-22 20:00:00+00:00,4.1,0,400
2023-02-22 21:00:00+00:00,4.3,0,400
2023-02-22 22:00:00+00:00,4.4,0,400
2023-02-22 23:00:00+00:00,4.6,0,400
2023-02-23 00:00:00+00:00,4.8,0,400
2023-02-23 01:00:00+00:00,5,0,400
2023-02-23 02:00:00+00:00,5.4,0,400
2023-02-23 03:00:00+00:00,5.5,0,400
2023-02-23 04:00:00+00:00,5.2,0,400
2023-02-23 05:00:00+00:00,5.2,0,400
2023-02-23 06:00:00+00:00,5.3,0,400
2023-02-23 07:00:00+00:00,5.3,0,400
2023-02-23 08:00:00+00:00,5.4,0,400
2023-02-23 09:00:00+00:00,5.6,1,400
2023-02-23 10:00:00+00:00,6,7,400
2023-02-23 11:00:00+00:00,6.3,21,400
2023-02-23 12:00:00+00:00,6.4,54,400
2023-02-23 13:00:00+00:00,6.5,61,400
2023-02-23 14:00:00+00:00,6.8,49,400
2023-02-23 15:00:00+00:00,7,78,400
2023-02-23 16:00:00+00:00,6.7,45,400
2023-02-23 17:00:00+00:00,5.3,61,400
2023-02-23 18:00:00+00:00,4,73,400
2023-02-23 19:00:00+00:00,2.7,7,400
2023-02-23 20:00:00+00:00,2.7,0,400
2023-02-23 21:00:00+00:00,3.1,0,400
2023-02-23 22:00:00+00:00,3.2,0,400
2023-02-23 23:00:00+00:00,3.3,0,400
2023-02-24 00:00:00+00:00,3.3,0,400
2023-02-24 01:00:00+00:00,3.4,0,400
2023-02-24 02:00:00+00:00,3.5,0,400
2023-02-24 03:00:00+00:00,3.5,0,400
2023-02-24 04:00:00+00:00,3.4,0,400
2023-02-24 05:00:00+00:00,3.5,0,400
2023-02-24 06:00:00+00:00,3.5,0,400
2023-02-24 07:00:00+00:00,3.2,0,400
2023-02-24 08:00:00+00:00,3.5,0,400
2023-02-24 09:00:00+00:00,4.7,2,400
2023-02-24 10:00:00+00:00,5.9,13,400
2023-02-24 11:00:00+00:00,6.5,157,400
2023-02-24 12:00:00+00:00,6,207,400
2023-02-24 13:00:00+00:00,6.1,254,400
2023-02-24 14:00:00+00:00,6.9,193,400
2023-02-24 15:00:00+00:00,7.3,207,400
2023-02-24 16:00:00+00:00,5.7,274,400
2023-02-24 17:00:00+00:00,4.5,243,400
2023-02-24 18:00:00+00:00,3.4,48,400
2023-02-24 19:00:00+00:00,2.9,6,400
2023-02-24 20:00:00+00:00,2.9,0,400
2023-02-24 21:00:00+00:00,2.3,0,400
2023-02-24 22:00:00+00:00,2.1,0,400
2023-02-24 23:00:00+00:00,2.2,0,400
2023-02-25 00:00:00+00:00,2.2,0,400
2023-02-25 01:00:00+00:00,1.9,0,400
2023-02-25 02:00:00+00:00,1.6,0,400
2023-02-25 03:00:00+00:00,1.3,0,400
2023-02-25 04:00:00+00:00,1.1,0,400
2023-02-25 05:00:00+00:00,1,0,400
2023-02-25 06:00:00+00:00,1.2,0,400
2023-02-25 07:00:00+00:00,1.1,0,400
2023-02-25 08:00:00+00:00,0.8,0,400
2023-02-25 09:00:00+00:00,0.8,3,400
2023-02-25 10:00:00+00:00,1.5,47,400
2023-02-25 11:00:00+00:00,2.2,101,400
2023-02-25 12:00:00+00:00,2.6,274,400
2023-02-25 13:00:00+00:00,2.8,422,400
2023-02-25 14:00:00+00:00,2.7,445,400
2023-02-25 15:00:00+00:00,2.6,410,400
2023-02-25 16:00:00+00:00,2.5,298,400
2023-02-25 17:00:00+00:00,1.8,139,400
2023-02-25 18:00:00+00:00,1.3,147,400
2023-02-25 19:00:00+00:00,1.2,30,400
2023-02-25 20:00:00+00:00,0.9,0,400
2023-02-25 21:00:00+00:00,0.7,0,400
2023-02-25 22:00:00+00:00,0.7,0,400
2023-02-25 23:00:00+00:00,0.6,0,400
2023-02-26 00:00:00+00:00,0.4,0,400
2023-02-26 01:00:00+00:00,0.3,0,400
2023-02-26 02:00:00+00:00,0,0,400
2023-02-26 03:00:00+00:00,0.7,0,400
2023-02-26 04:00:00+00:00,0.8,0,400
2023-02-26 05:00:00+00:00,0.6,0,400
2023-02-26 06:00:00+00:00,0,0,400
2023-02-26 07:00:00+00:00,-0.7,0,400
2023-02-26 08:00:00+00:00,0,0,400
2023-02-26 09:00:00+00:00,1.8,16,400
2023-02-26 10:00:00+00:00,2.2,116,400
2023-02-26 11:00:00+00:00,2.4,266,400
2023-02-26 12:00:00+00:00,2.8,242,400
2023-02-26 13:00:00+00:00,3.3,228,400
2023-02-26 14:00:00+00:00,3.7,320,400
2023-02-26 15:00:00+00:00,3.8,417,400
2023-02-26 16:00:00+00:00,3.4,383,400
2023-02-26 17:00:00+00:00,2.9,292,400
2023-02-26 18:00:00+00:00,2,124,400
2023-02-26 19:00:00+00:00,1.2,30,400
2023-02-26 20:00:00+00:00,0.6,0,400
2023-02-26 21:00:00+00:00,-0.3,0,400
2023-02-26 22:00:00+00:00,-0.4,0,400
2023-02-26 23:00:00+00:00,-0.5,0,400
2023-02-27 00:00:00+00:00,-0.1,0,400
2023-02-27 01:00:00+00:00,0.2,0,400
2023-02-27 02:00:00+00:00,0.5,0,400
2023-02-27 03:00:00+00:00,0.5,0,400
2023-02-27 04:00:00+00:00,0.1,0,400
2023-02-27 05:00:00+00:00,-0.6,0,400
2023-02-27 06:00:00+00:00,-1.4,0,400
2023-02-27 07:00:00+00:00,-0.6,0,400
2023-02-27 08:00:00+00:00,-0.4,0,400
2023-02-27 09:00:00+00:00,0.9,11,400
2023-02-27 10:00:00+00:00,2,67,400
2023-02-27 11:00:00+00:00,3.9,129,400
2023-02-27 12:00:00+00:00,6.8,200,400
2023-02-27 13:00:00+00:00,7.7,321,400
2023-02-27 14:00:00+00:00,7.6,449,400
2023-02-27 15:00:00+00:00,7.2,437,400
2023-02-27 16:00:00+00:00,7.1,226,400
2023-02-27 17:00:00+00:00,6,159,400
2023-02-27 18:00:00+00:00,4.8,90,400
2023-02-27 19:00:00+00:00,4.2,17,400
2023-02-27 20:00:00+00:00,3.6,0,400
2023-02-27 21:00:00+00:00,2.1,0,400
2023-02-27 22:00:00+00:00,1.9,0,400
2023-02-27 23:00:00+00:00,2.5,0,400
2023-02-28 00:00:00+00:00,2.5,0,400
2023-02-28 01:00:00+00:00,1.5,0,400
2023-02-28 02:00:00+00:00,0.1,0,400
2023-02-28 03:00:00+00:00,-1,0,400
2023-02-28 04:00:00+00:00,-1.3,0,400
2023-02-28 05:00:00+00:00,-1.5,0,400
2023-02-28 06:00:00+00:00,-1.4,0,400
2023-02-28 07:00:00+00:00,-2,0,400
2023-02-28 08:00:00+00:00,-0.7,0,400
2023-02-28 09:00:00+00:00,1.9,18,400
2023-02-28 10:00:00+00:00,4.1,145,400
2023-02-28 11:00:00+00:00,6,283,400
2023-02-28 12:00:00+00:00,7.4,390,400
2023-02-28 13:00:00+00:00,8.2,451,400
2023-02-28 14:00:00+00:00,8.7,471,400
2023-02-28 15:00:00+00:00,8.9,451,400
2023-02-28 16:00:00+00:00,8.7,393,400
2023-02-28 17:00:00+00:00,7.7,294,400
2023-02-28 18:00:00+00:00,5.5,168,400
2023-02-28 19:00:00+00:00,3.9,37,400
2023-02-28 20:00:00+00:00,2.7,0,400
2023-02-28 21:00:00+00:00,2,0,400
2023-02-28 22:00:00+00:00,1.4,0,400
2023-02-28 23:00:00+00:00,0.8,0,400
2023-03-01 00:00:00+00:00,0.4,0,400
2023-03-01 01:00:00+00:00,-0.5,0,400
2023-03-01 02:00:00+00:00,-0.8,0,400
2023-03-01 03:00:00+00:00,-0.9,0,400
2023-03-01 04:00:00+00:00,-1.4,0,400
2023-03-01 05:00:00+00:00,-1.5,0,400
2023-03-01 06:00:00+00:00,-1.1,0,400
2023-03-01 07:00:00+00:00,-0.7,0,400
2023-03-01 08:00:00+00:00,-0.5,0,400
2023-03-01 09:00:00+00:00,-0.3,13,400
2023-03-01 10:00:00+00:00,0.2,62,400
2023-03-01 11:00:00+00:00,1,117,400
2023-03-01 12:00:00+00:00,1.5,160,400
2023-03-01 13:00:00+00:00,1.9,164,400
2023-03-01 14:00:00+00:00,3.4,178,400
2023-03-01 15:00:00+00:00,5.4,344,400
2023-03-01 16:00:00+00:00,5.8,402,400
2023-03-01 17:00:00+00:00,5,298,400
2023-03-01 18:00:00+00:00,3.2,170,400
2023-03-01 19:00:00+00:00,2.1,40,400
2023-03-01 20:00:00+00:00,1.2,0,400
2023-03-01 21:00:00+00:00,0,0,400
2023-03-01 22:00:00+00:00,0,0,400
2023-03-01 23:00:00+00:00,-0.4,0,400
2023-03-02 00:00:00+00:00,-1.5,0,400
2023-03-02 01:00:00+00:00,-2.1,0,400
2023-03-02 02:00:00+00:00,-1.8,0,400
2023-03-02 03:00:00+00:00,-1.2,0,400
2023-03-02 04:00:00+00:00,-1.1,0,400
2023-03-02 05:00:00+00:00,-1.7,0,400
2023-03-02 06:00:00+00:00,-1.9,0,400
2023-03-02 07:00:00+00:00,-2,0,400
2023-03-02 08:00:00+00:00,-0.7,0,400
2023-03-02 09:00:00+00:00,1.8,21,400
2023-03-02 10:00:00+00:00,4.1,137,400
2023-03-02 11:00:00+00:00,6,302,400
2023-03-02 12:00:00+00:00,7.5,408,400
2023-03-02 13:00:00+00:00,7.7,470,400
2023-03-02 14:00:00+00:00,8,490,400
2023-03-02 15:00:00+00:00,8,469,400
2023-03-02 16:00:00+00:00,7.7,411,400
2023-03-02 17:00:00+00:00,6.8,311,400
2023-03-02 18:00:00+00:00,4.6,179,400
2023-03-02 19:00:00+00:00,2.4,43,400
2023-03-02 20:00:00+00:00,2,0,400
2023-03-02 21:00:00+00:00,1.6,0,400
2023-03-02 22:00:00+00:00,1.8,0,400
2023-03-02 23:00:00+00:00,1.6,0,400
2023-03-03 00:00:00+00:00,0.8,0,400
2023-03-03 01:00:00+00:00,0.1,0,400
2023-03-03 02:00:00+00:00,-0.5,0,400
2023-03-03 03:00:00+00:00,-1,0,400
2023-03-03 04:00:00+00:00,-1.1,0,400
2023-03-03 05:00:00+00:00,-0.9,0,400
2023-03-03 06:00:00+00:00,-1,0,400
2023-03-03 07:00:00+00:00,0,0,400
2023-03-03 08:00:00+00:00,1,0,400
2023-03-03 09:00:00+00:00,2.1,10,400
2023-03-03 10:00:00+00:00,2.9,46,400
2023-03-03 11:00:00+00:00,3.9,117,400
2023-03-03 12:00:00+00:00,5.7,183,400
2023-03-03 13:00:00+00:00,7,295,400
2023-03-03 14:00:00+00:00,8,485,400
2023-03-03 15:00:00+00:00,8.6,473,400
2023-03-03 16:00:00+00:00,8.4,402,400
2023-03-03 17:00:00+00:00,7.4,307,400
2023-03-03 18:00:00+00:00,6.1,166,400
2023-03-03 19:00:00+00:00,5,47,400
2023-03-03 20:00:00+00:00,4.1,1,400
2023-03-03 21:00:00+00:00,3.7,0,400
2023-03-03 22:00:00+00:00,3.6,0,400
2023-03-03 23:00:00+00:00,3.9,0,400
2023-03-04 00:00:00+00:00,4.5,0,400
2023-03-04 01:00:00+00:00,4.9,0,400
2023-03-04 02:00:00+00:00,4.9,0,400
2023-03-04 03:00:00+00:00,4.2,0,400
2023-03-04 04:00:00+00:00,3.4,0,400
2023-03-04 05:00:00+00:00,3.1,0,400
2023-03-04 06:00:00+00:00,2.8,0,400
2023-03-04 07:00:00+00:00,2.5,0,400
2023-03-04 08:00:00+00:00,2.8,0,400
2023-03-04 09:00:00+00:00,3.7,35,400
2023-03-04 10:00:00+00:00,4.4,129,400
2023-03-04 11:00:00+00:00,4.6,310,400
2023-03-04 12:00:00+00:00,4.5,434,400
2023-03-04 13:00:00+00:00,4.4,496,400
2023-03-04 14:00:00+00:00,4.3,493,400
2023-03-04 15:00:00+00:00,3.6,496,400
2023-03-04 16:00:00+00:00,3.4,318,400
2023-03-04 17:00:00+00:00,2.9,122,400
2023-03-04 18:00:00+00:00,2.5,51,400
2023-03-04 19:00:00+00:00,2.3,7,400
2023-03-04 20:00:00+00:00,1.3,0,400
2023-03-04 21:00:00+00:00,0.4,0,400
2023-03-04 22:00:00+00:00,0.3,0,400
2023-03-04 23:00:00+00:00,0.8,0,400
2023-03-05 00:00:00+00:00,0.9,0,400
2023-03-05 01:00:00+00:00,0.4,0,400
2023-03-05 02:00:00+00:00,0.1,0,400
2023-03-05 03:00:00+00:00,-0.5,0,400
2023-03-05 04:00:00+00:00,-1.1,0,400
2023-03-05 05:00:00+00:00,-1.3,0,400
2023-03-05 06:00:00+00:00,-1.4,0,400
2023-03-05 07:00:00+00:00,-1.6,0,400
2023-03-05 08:00:00+00:00,-0.5,1,400
2023-03-05 09:00:00+00:00,1,51,400
2023-03-05 10:00:00+00:00,1.5,196,400
2023-03-05 11:00:00+00:00,1.7,334,400
2023-03-05 12:00:00+00:00,2.1,393,400
2023-03-05 13:00:00+00:00,2.4,424,400
2023-03-05 14:00:00+00:00,2.9,446,400
2023-03-05 15:00:00+00:00,3.1,426,400
2023-03-05 16:00:00+00:00,2.9,444,400
2023-03-05 17:00:00+00:00,1.6,338,400
2023-03-05 18:00:00+00:00,-0.7,163,400
2023-03-05 19:00:00+00:00,-1.5,21,400
2023-03-05 20:00:00+00:00,-1.4,0,400
2023-03-05 21:00:00+00:00,-2.1,0,400
2023-03-05 22:00:00+00:00,-2.3,0,400
2023-03-05 23:00:00+00:00,-3,0,400
2023-03-06 00:00:00+00:00,-3.6,0,400
2023-03-06 01:00:00+00:00,-4.4,0,400
2023-03-06 02:00:00+00:00,-3.9,0,400
2023-03-06 03:00:00+00:00,-4.5,0,400
2023-03-06 04:00:00+00:00,-4.1,0,400
2023-03-06 05:00:00+00:00,-3.1,0,400
2023-03-06 06:00:00+00:00,-3,0,400
2023-03-06 07:00:00+00:00,-2.6,0,400
2023-03-06 08:00:00+00:00,-1.7,1,400
2023-03-06 09:00:00+00:00,-0.1,52,400
2023-03-06 10:00:00+00:00,1.8,143,400
2023-03-06 11:00:00+00:00,2.7,339,400
2023-03-06 12:00:00+00:00,3.5,447,400
2023-03-06 13:00:00+00:00,4,514,400
2023-03-06 14:00:00+00:00,4.5,564,400
2023-03-06 15:00:00+00:00,4.4,492,400
2023-03-06 16:00:00+00:00,4.3,428,400
2023-03-06 17:00:00+00:00,3,265,400
2023-03-06 18:00:00+00:00,2.4,196,400
2023-03-06 19:00:00+00:00,1.9,31,400
2023-03-06 20:00:00+00:00,1.6,0,400
2023-03-06 21:00:00+00:00,1.6,0,400
2023-03-06 22:00:00+00:00,2,0,400
2023-03-06 23:00:00+00:00,2.1,0,400
2023-03-07 00:00:00+00:00,1.6,0,400
2023-03-07 01:00:00+00:00,0.3,0,400
2023-03-07 02:00:00+00:00,0.4,0,400
2023-03-07 03:00:00+00:00,1.1,0,400
2023-03-07 04:00:00+00:00,1.5,0,400
2023-03-07 05:00:00+00:00,1.5,0,400
2023-03-07 06:00:00+00:00,1.7,0,400
2023-03-07 07:00:00+00:00,2.2,0,400
2023-03-07 08:00:00+00:00,2.6,0,400
2023-03-07 09:00:00+00:00,2.7,18,400
2023-03-07 10:00:00+00:00,2.3,68,400
2023-03-07 11:00:00+00:00,2.2,117,400
2023-03-07 12:00:00+00:00,2.6,140,400
2023-03-07 13:00:00+00:00,2,236,400
2023-03-07 14:00:00+00:00,1.7,329,400
2023-03-07 15:00:00+00:00,1.5,198,400
2023-03-07 16:00:00+00:00,0.7,278,400
2023-03-07 17:00:00+00:00,-0.3,317,400
2023-03-07 18:00:00+00:00,-0.2,183,400
2023-03-07 19:00:00+00:00,-0.8,59,400
2023-03-07 20:00:00+00:00,-1.2,1,400
2023-03-07 21:00:00+00:00,-1.7,0,400
2023-03-07 22:00:00+00:00,-2.2,0,400
2023-03-07 23:00:00+00:00,-2.7,0,400
2023-03-08 00:00:00+00:00,-2.9,0,400
2023-03-08 01:00:00+00:00,-2.9,0,400
2023-03-08 02:00:00+00:00,-3.1,0,400
2023-03-08 03:00:00+00:00,-3.8,0,400
2023-03-08 04:00:00+00:00,-3.5,0,400
2023-03-08 05:00:00+00:00,-3.6,0,400
2023-03-08 06:00:00+00:00,-4,0,400
2023-03-08 07:00:00+00:00,-4.1,0,400
2023-03-08 08:00:00+00:00,-1.2,1,400
2023-03-08 09:00:00+00:00,0.1,50,400
2023-03-08 10:00:00+00:00,1.3,215,400
2023-03-08 11:00:00+00:00,2.3,361,400
2023-03-08 12:00:00+00:00,2,460,400
2023-03-08 13:00:00+00:00,2.8,492,400
2023-03-08 14:00:00+00:00,3.4,215,400
2023-03-08 15:00:00+00:00,3.1,438,400
2023-03-08 16:00:00+00:00,2.1,525,400
2023-03-08 17:00:00+00:00,1.2,402,400
2023-03-08 18:00:00+00:00,-0.1,170,400
2023-03-08 19:00:00+00:00,-1.3,54,400
2023-03-08 20:00:00+00:00,-2,1,400
2023-03-08 21:00:00+00:00,-2.6,0,400
2023-03-08 22:00:00+00:00,-3.6,0,400
2023-03-08 23:00:00+00:00,-3.6,0,400
2023-03-09 00:00:00+00:00,-2.7,0,400
2023-03-09 01:00:00+00:00,-3.6,0,400
2023-03-09 02:00:00+00:00,-3.9,0,400
2023-03-09 03:00:00+00:00,-3.5,0,400
2023-03-09 04:00:00+00:00,-4.2,0,400
2023-03-09 05:00:00+00:00,-5.1,0,400
2023-03-09 06:00:00+00:00,-5.5,0,400
2023-03-09 07:00:00+00:00,-4.3,0,400
2023-03-09 08:00:00+00:00,-1.2,1,400
2023-03-09 09:00:00+00:00,1,67,400
2023-03-09 10:00:00+00:00,1.9,220,400
2023-03-09 11:00:00+00:00,2.5,360,400
2023-03-09 12:00:00+00:00,2.8,443,400
2023-03-09 13:00:00+00:00,2.8,386,400
2023-03-09 14:00:00+00:00,3,384,400
2023-03-09 15:00:00+00:00,2.6,361,400
2023-03-09 16:00:00+00:00,2.2,363,400
2023-03-09 17:00:00+00:00,1.5,192,400
2023-03-09 18:00:00+00:00,0.6,118,400
2023-03-09 19:00:00+00:00,0.1,32,400
2023-03-09 20:00:00+00:00,-0.2,0,400
2023-03-09 21:00:00+00:00,-0.1,0,400
2023-03-09 22:00:00+00:00,-0.2,0,400
2023-03-09 23:00:00+00:00,-0.5,0,400
2023-03-10 00:00:00+00:00,-0.8,0,400
2023-03-10 01:00:00+00:00,-1.5,0,400
2023-03-10 02:00:00+00:00,-2.6,0,400
2023-03-10 03:00:00+00:00,-2.8,0,400
2023-03-10 04:00:00+00:00,-2.9,0,400
2023-03-10 05:00:00+00:00,-2.7,0,400
2023-03-10 06:00:00+00:00,-2.2,0,400
2023-03-10 07:00:00+00:00,-2.2,0,400
2023-03-10 08:00:00+00:00,-0.5,1,400
2023-03-10 09:00:00+00:00,0.6,65,400
2023-03-10 10:00:00+00:00,1.2,158,400
2023-03-10 11:00:00+00:00,1.9,234,400
2023-03-10 12:00:00+00:00,2,257,400
2023-03-10 13:00:00+00:00,2.5,212,400
2023-03-10 14:00:00+00:00,2.3,265,400
2023-03-10 15:00:00+00:00,2.4,252,400
2023-03-10 16:00:00+00:00,2,147,400
2023-03-10 17:00:00+00:00,1.7,133,400
2023-03-10 18:00:00+00:00,1.3,65,400
2023-03-10 19:00:00+00:00,1.1,14,400
2023-03-10 20:00:00+00:00,1,0,400
2023-03-10 21:00:00+00:00,0.6,0,400
2023-03-10 22:00:00+00:00,-0.1,0,400
2023-03-10 23:00:00+00:00,-0.1,0,400
2023-03-11 00:00:00+00:00,-0.3,0,400
2023-03-11 01:00:00+00:00,-0.7,0,400
2023-03-11 02:00:00+00:00,-0.8,0,400
2023-03-11 03:00:00+00:00,-1.1,0,400
2023-03-11 04:00:00+00:00,-1.3,0,400
2023-03-11 05:00:00+00:00,-2.3,0,400
2023-03-11 06:00:00+00:00,-2.4,0,400
2023-03-11 07:00:00+00:00,-1.9,0,400
2023-03-11 08:00:00+00:00,-1.2,2,400
2023-03-11 09:00:00+00:00,0,69,400
2023-03-11 10:00:00+00:00,1.4,248,400
2023-03-11 11:00:00+00:00,2.7,388,400
2023-03-11 12:00:00+00:00,3.9,493,400
2023-03-11 13:00:00+00:00,4.2,551,400
2023-03-11 14:00:00+00:00,3.7,521,400
2023-03-11 15:00:00+00:00,3,284,400
2023-03-11 16:00:00+00:00,2.4,328,400
2023-03-11 17:00:00+00:00,2.4,168,400
2023-03-11 18:00:00+00:00,1.6,158,400
2023-03-11 19:00:00+00:00,0.8,43,400
2023-03-11 20:00:00+00:00,0.5,2,400
2023-03-11 21:00:00+00:00,0,0,400
2023-03-11 22:00:00+00:00,-0.3,0,400
2023-03-11 23:00:00+00:00,-0.4,0,400
2023-03-12 00:00:00+00:00,-0.6,0,400
2023-03-12 01:00:00+00:00,-0.4,0,400
2023-03-12 02:00:00+00:00,-0.8,0,400
2023-03-12 03:00:00+00:00,-1.2,0,400
2023-03-12 04:00:00+00:00,-1.8,0,400
2023-03-12 05:00:00+00:00,-1.4,0,400
2023-03-12 06:00:00+00:00,-1.8,0,400
2023-03-12 07:00:00+00:00,-1.6,0,400
2023-03-12 08:00:00+00:00,0,4,400
2023-03-12 09:00:00+00:00,1.8,73,400
2023-03-12 10:00:00+00:00,2.9,202,400
2023-03-12 11:00:00+00:00,3.6,344,400
2023-03-12 12:00:00+00:00,3.3,409,400
2023-03-12 13:00:00+00:00,2.9,420,400
2023-03-12 14:00:00+00:00,1.8,272,400
2023-03-12 15:00:00+00:00,1.8,154,400
2023-03-12 16:00:00+00:00,1.8,137,400
2023-03-12 17:00:00+00:00,0.8,66,400
2023-03-12 18:00:00+00:00,0.6,41,400
2023-03-12 19:00:00+00:00,0.6,13,400
2023-03-12 20:00:00+00:00,0.9,0,400
2023-03-12 21:00:00+00:00,1.6,0,400
2023-03-12 22:00:00+00:00,2.7,0,400
2023-03-12 23:00:00+00:00,4.4,0,400
2023-03-13 00:00:00+00:00,5.1,0,400
2023-03-13 01:00:00+00:00,5.6,0,400
2023-03-13 02:00:00+00:00,5.7,0,400
2023-03-13 03:00:00+00:00,5.8,0,400
2023-03-13 04:00:00+00:00,5.9,0,400
2023-03-13 05:00:00+00:00,6.1,0,400
2023-03-13 06:00:00+00:00,6.2,0,400
2023-03-13 07:00:00+00:00,6.5,0,400
2023-03-13 08:00:00+00:00,6.9,0,400
2023-03-13 09:00:00+00:00,7.3,9,400
2023-03-13 10:00:00+00:00,8.5,31,400
2023-03-13 11:00:00+00:00,9.4,61,400
2023-03-13 12:00:00+00:00,10,40,400
2023-03-13 13:00:00+00:00,11.1,75,400
2023-03-13 14:00:00+00:00,11.5,144,400
2023-03-13 15:00:00+00:00,11.3,257,400
2023-03-13 16:00:00+00:00,10.1,173,400
2023-03-13 17:00:00+00:00,9.8,64,400
2023-03-13 18:00:00+00:00,9.3,26,400
2023-03-13 19:00:00+00:00,9.4,12,400
2023-03-13 20:00:00+00:00,9.9,0,400
2023-03-13 21:00:00+00:00,9.8,0,400
2023-03-13 22:00:00+00:00,9.4,0,400
2023-03-13 23:00:00+00:00,9.5,0,400
2023-03-14 00:00:00+00:00,9.4,0,400
2023-03-14 01:00:00+00:00,9,0,400
2023-03-14 02:00:00+00:00,8.8,0,400
2023-03-14 03:00:00+00:00,8.6,0,400
2023-03-14 04:00:00+00:00,8.9,0,400
2023-03-14 05:00:00+00:00,9.2,0,400
2023-03-14 06:00:00+00:00,8.7,0,400
2023-03-14 07:00:00+00:00,7.8,0,400
2023-03-14 08:00:00+00:00,4.6,1,400
2023-03-14 09:00:00+00:00,2.4,20,400
2023-03-14 10:00:00+00:00,2.2,25,400
2023-03-14 11:00:00+00:00,3.5,82,400
2023-03-14 12:00:00+00:00,4.6,167,400
2023-03-14 13:00:00+00:00,4.9,313,400
2023-03-14 14:00:00+00:00,5.4,254,400
2023-03-14 15:00:00+00:00,5.3,249,400
2023-03-14 16:00:00+00:00,4.5,343,400
2023-03-14 17:00:00+00:00,4.1,268,400
2023-03-14 18:00:00+00:00,2.9,197,400
2023-03-14 19:00:00+00:00,2.4,81,400
2023-03-14 20:00:00+00:00,2.4,4,400
2023-03-14 21:00:00+00:00,2.3,0,400
2023-03-14 22:00:00+00:00,2,0,400
2023-03-14 23:00:00+00:00,1.8,0,400
2023-03-15 00:00:00+00:00,1.5,0,400
2023-03-15 01:00:00+00:00,1,0,400
2023-03-15 02:00:00+00:00,0.5,0,400
2023-03-15 03:00:00+00:00,0.9,0,400
2023-03-15 04:00:00+00:00,0.9,0,400
2023-03-15 05:00:00+00:00,0.7,0,400
2023-03-15 06:00:00+00:00,0.6,0,400
2023-03-15 07:00:00+00:00,0.9,0,400
2023-03-15 08:00:00+00:00,1.8,6,400
2023-03-15 09:00:00+00:00,2.4,107,400
2023-03-15 10:00:00+00:00,3.1,219,400
2023-03-15 11:00:00+00:00,3,374,400
2023-03-15 12:00:00+00:00,3.7,394,400
2023-03-15 13:00:00+00:00,4.4,333,400
2023-03-15 14:00:00+00:00,4.1,537,400
2023-03-15 15:00:00+00:00,3.2,350,400
2023-03-15 16:00:00+00:00,3.1,286,400
2023-03-15 17:00:00+00:00,4.5,144,400
2023-03-15 18:00:00+00:00,4.1,77,400
2023-03-15 19:00:00+00:00,4.3,34,400
2023-03-15 20:00:00+00:00,3.6,6,400
2023-03-15 21:00:00+00:00,2,0,400
2023-03-15 22:00:00+00:00,2.3,0,400
2023-03-15 23:00:00+00:00,2.3,0,400
2023-03-16 00:00:00+00:00,1.7,0,400
2023-03-16 01:00:00+00:00,1.1,0,400
2023-03-16 02:00:00+00:00,1,0,400
2023-03-16 03:00:00+00:00,0.4,0,400
2023-03-16 04:00:00+00:00,-0.1,0,400
2023-03-16 05:00:00+00:00,0.8,0,400
2023-03-16 06:00:00+00:00,0.9,0,400
2023-03-16 07:00:00+00:00,1.3,0,400
2023-03-16 08:00:00+00:00,2.4,6,400
2023-03-16 09:00:00+00:00,3.6,68,400
2023-03-16 10:00:00+00:00,4.7,155,400
2023-03-16 11:00:00+00:00,5.2,207,400
2023-03-16 12:00:00+00:00,5.6,275,400
2023-03-16 13:00:00+00:00,5.9,235,400
2023-03-16 14:00:00+00:00,5.8,281,400
2023-03-16 15:00:00+00:00,5.9,261,400
2023-03-16 16:00:00+00:00,5.8,226,400
2023-03-16 17:00:00+00:00,5.9,157,400
2023-03-16 18:00:00+00:00,6.1,68,400
2023-03-16 19:00:00+00:00,6.1,20,400
2023-03-16 20:00:00+00:00,5.9,1,400
2023-03-16 21:00:00+00:00,6,0,400
2023-03-16 22:00:00+00:00,5.8,0,400
2023-03-16 23:00:00+00:00,5.6,0,400
2023-03-17 00:00:00+00:00,5.4,0,400
2023-03-17 01:00:00+00:00,5.2,0,400
2023-03-17 02:00:00+00:00,5,0,400
2023-03-17 03:00:00+00:00,4.7,0,400
2023-03-17 04:00:00+00:00,4.5,0,400
2023-03-17 05:00:00+00:00,4.5,0,400
2023-03-17 06:00:00+00:00,4.4,0,400
2023-03-17 07:00:00+00:00,4.4,0,400
2023-03-17 08:00:00+00:00,4.9,1,400
2023-03-17 09:00:00+00:00,6,35,400
2023-03-17 10:00:00+00:00,6.6,181,400
2023-03-17 11:00:00+00:00,7.6,342,400
2023-03-17 12:00:00+00:00,8.6,268,400
2023-03-17 13:00:00+00:00,9.6,373,400
2023-03-17 14:00:00+00:00,9.1,340,400
2023-03-17 15:00:00+00:00,9.1,375,400
2023-03-17 16:00:00+00:00,9.7,191,400
2023-03-17 17:00:00+00:00,9.8,138,400
2023-03-17 18:00:00+00:00,9.3,107,400
2023-03-17 19:00:00+00:00,9,67,400
2023-03-17 20:00:00+00:00,8.8,2,400
2023-03-17 21:00:00+00:00,8.7,0,400
2023-03-17 22:00:00+00:00,8.5,0,400
2023-03-17 23:00:00+00:00,8.7,0,400
2023-03-18 00:00:00+00:00,8.8,0,400
2023-03-18 01:00:00+00:00,8.3,0,400
2023-03-18 02:00:00+00:00,7.8,0,400
2023-03-18 03:00:00+00:00,7.7,0,400
2023-03-18 04:00:00+00:00,7.6,0,400
2023-03-18 05:00:00+00:00,7.3,0,400
2023-03-18 06:00:00+00:00,7,0,400
2023-03-18 07:00:00+00:00,7,0,400
2023-03-18 08:00:00+00:00,7.4,2,400
2023-03-18 09:00:00+00:00,7.9,15,400
2023-03-18 10:00:00+00:00,9,54,400
2023-03-18 11:00:00+00:00,9.6,118,400
2023-03-18 12:00:00+00:00,10.2,201,400
2023-03-18 13:00:00+00:00,11.6,189,400
2023-03-18 14:00:00+00:00,11.8,194,400
2023-03-18 15:00:00+00:00,11.4,516,400
2023-03-18 16:00:00+00:00,11.4,262,400
2023-03-18 17:00:00+00:00,11,150,400
2023-03-18 18:00:00+00:00,10.1,120,400
2023-03-18 19:00:00+00:00,9.2,37,400
2023-03-18 20:00:00+00:00,7.9,4,400
2023-03-18 21:00:00+00:00,7,0,400
2023-03-18 22:00:00+00:00,6.6,0,400
2023-03-18 23:00:00+00:00,6,0,400
2023-03-19 00:00:00+00:00,4.9,0,400
2023-03-19 01:00:00+00:00,4,0,400
2023-03-19 02:00:00+00:00,5.3,0,400
2023-03-19 03:00:00+00:00,5.9,0,400
2023-03-19 04:00:00+00:00,6.5,0,400
2023-03-19 05:00:00+00:00,8,0,400
2023-03-19 06:00:00+00:00,8,0,400
2023-03-19 07:00:00+00:00,7.9,0,400
2023-03-19 08:00:00+00:00,7.8,8,400
2023-03-19 09:00:00+00:00,8.1,52,400
2023-03-19 10:00:00+00:00,9.6,159,400
2023-03-19 11:00:00+00:00,11.7,85,400
2023-03-19 12:00:00+00:00,11.9,308,400
2023-03-19 13:00:00+00:00,11.8,346,400
2023-03-19 14:00:00+00:00,11,263,400
2023-03-19 15:00:00+00:00,11.1,140,400
2023-03-19 16:00:00+00:00,11.4,136,400
2023-03-19 17:00:00+00:00,11.5,166,400
2023-03-19 18:00:00+00:00,10.8,158,400
2023-03-19 19:00:00+00:00,9.8,65,400
2023-03-19 20:00:00+00:00,8.7,3,400
2023-03-19 21:00:00+00:00,8.1,0,400
2023-03-19 22:00:00+00:00,6.9,0,400
2023-03-19 23:00:00+00:00,6.5,0,400
2023-03-20 00:00:00+00:00,6.7,0,400
2023-03-20 01:00:00+00:00,6.6,0,400
2023-03-20 02:00:00+00:00,6.3,0,400
2023-03-20 03:00:00+00:00,5.8,0,400
2023-03-20 04:00:00+00:00,5.3,0,400
2023-03-20 05:00:00+00:00,5.3,0,400
2023-03-20 06:00:00+00:00,5.5,0,400
2023-03-20 07:00:00+00:00,5.5,0,400
2023-03-20 08:00:00+00:00,5.5,3,400
2023-03-20 09:00:00+00:00,5.8,8,400
2023-03-20 10:00:00+00:00,6.2,23,400
2023-03-20 11:00:00+00:00,6.7,59,400
2023-03-20 12:00:00+00:00,7.4,72,400
2023-03-20 13:00:00+00:00,7.5,149,400
2023-03-20 14:00:00+00:00,7.5,203,400
2023-03-20 15:00:00+00:00,7.3,147,400
2023-03-20 16:00:00+00:00,7,87,400
2023-03-20 17:00:00+00:00,6.9,28,400
2023-03-20 18:00:00+00:00,6.7,25,400
2023-03-20 19:00:00+00:00,6.4,8,400
2023-03-20 20:00:00+00:00,6.3,1,400
2023-03-20 21:00:00+00:00,6.2,0,400
2023-03-20 22:00:00+00:00,6,0,400
2023-03-20 23:00:00+00:00,5.6,0,400
2023-03-21 00:00:00+00:00,5.7,0,400
2023-03-21 01:00:00+00:00,5.6,0,400
2023-03-21 02:00:00+00:00,5.5,0,400
2023-03-21 03:00:00+00:00,5.5,0,400
2023-03-21 04:00:00+00:00,5.4,0,400
2023-03-21 05:00:00+00:00,5.2,0,400
2023-03-21 06:00:00+00:00,5.2,0,400
2023-03-21 07:00:00+00:00,5.4,0,400
2023-03-21 08:00:00+00:00,6.1,4,400
2023-03-21 09:00:00+00:00,7.1,31,400
2023-03-21 10:00:00+00:00,7.5,113,400
2023-03-21 11:00:00+00:00,7.7,192,400
2023-03-21 12:00:00+00:00,8.1,134,400
2023-03-21 13:00:00+00:00,8.2,143,400
2023-03-21 14:00:00+00:00,8.4,120,400
2023-03-21 15:00:00+00:00,8.6,98,400
2023-03-21 16:00:00+00:00,8.8,92,400
2023-03-21 17:00:00+00:00,8.9,72,400
2023-03-21 18:00:00+00:00,8.7,53,400
2023-03-21 19:00:00+00:00,8.4,28,400
2023-03-21 20:00:00+00:00,8.1,2,400
2023-03-21 21:00:00+00:00,8,0,400
2023-03-21 22:00:00+00:00,8.3,0,400
2023-03-21 23:00:00+00:00,8.4,0,400
2023-03-22 00:00:00+00:00,8.4,0,400
2023-03-22 01:00:00+00:00,8.4,0,400
2023-03-22 02:00:00+00:00,8.6,0,400
2023-03-22 03:00:00+00:00,8.6,0,400
2023-03-22 04:00:00+00:00,8.5,0,400
2023-03-22 05:00:00+00:00,8.4,0,400
2023-03-22 06:00:00+00:00,8.3,0,400
2023-03-22 07:00:00+00:00,8.2,0,400
2023-03-22 08:00:00+00:00,8.5,4,400
2023-03-22 09:00:00+00:00,8.4,16,400
2023-03-22 10:00:00+00:00,8.8,48,400
2023-03-22 11:00:00+00:00,9,103,400
2023-03-22 12:00:00+00:00,9.6,150,400
2023-03-22 13:00:00+00:00,9.7,148,400
2023-03-22 14:00:00+00:00,9.7,196,400
2023-03-22 15:00:00+00:00,9.4,146,400
2023-03-22 16:00:00+00:00,9.1,62,400
2023-03-22 17:00:00+00:00,8.9,63,400
2023-03-22 18:00:00+00:00,8.8,37,400
2023-03-22 19:00:00+00:00,8.8,17,400
2023-03-22 20:00:00+00:00,8.9,3,400
2023-03-22 21:00:00+00:00,8.7,0,400
2023-03-22 22:00:00+00:00,9,0,400
2023-03-22 23:00:00+00:00,9.1,0,400
2023-03-23 00:00:00+00:00,8.9,0,400
2023-03-23 01:00:00+00:00,9,0,400
2023-03-23 02:00:00+00:00,9.2,0,400
2023-03-23 03:00:00+00:00,9.1,0,400
2023-03-23 04:00:00+00:00,8.9,0,400
2023-03-23 05:00:00+00:00,8.4,0,400
2023-03-23 06:00:00+00:00,8,0,400
2023-03-23 07:00:00+00:00,8.2,0,400
2023-03-23 08:00:00+00:00,8.3,3,400
2023-03-23 09:00:00+00:00,9,51,400
2023-03-23 10:00:00+00:00,10.2,55,400
2023-03-23 11:00:00+00:00,10.1,217,400
2023-03-23 12:00:00+00:00,10.2,351,400
2023-03-23 13:00:00+00:00,10.9,394,400
2023-03-23 14:00:00+00:00,10.8,528,400
2023-03-23 15:00:00+00:00,10.8,625,400
2023-03-23 16:00:00+00:00,10.2,515,400
2023-03-23 17:00:00+00:00,10,416,400
2023-03-23 18:00:00+00:00,9,270,400
2023-03-23 19:00:00+00:00,8.1,128,400
2023-03-23 20:00:00+00:00,8.1,16,400
2023-03-23 21:00:00+00:00,7.8,0,400
2023-03-23 22:00:00+00:00,7.8,0,400
2023-03-23 23:00:00+00:00,8.1,0,400
2023-03-24 00:00:00+00:00,8.5,0,400
2023-03-24 01:00:00+00:00,8.8,0,400
2023-03-24 02:00:00+00:00,8.9,0,400
2023-03-24 03:00:00+00:00,8.6,0,400
2023-03-24 04:00:00+00:00,8.9,0,400
2023-03-24 05:00:00+00:00,9.1,0,400
2023-03-24 06:00:00+00:00,9.2,0,400
2023-03-24 07:00:00+00:00,9.2,0,400
2023-03-24 08:00:00+00:00,9.7,5,400
2023-03-24 09:00:00+00:00,8.9,15,400
2023-03-24 10:00:00+00:00,8.8,64,400
2023-03-24 11:00:00+00:00,8.8,175,400
2023-03-24 12:00:00+00:00,9.3,308,400
2023-03-24 13:00:00+00:00,9.7,263,400
2023-03-24 14:00:00+00:00,9.9,463,400
2023-03-24 15:00:00+00:00,10.1,527,400
2023-03-24 16:00:00+00:00,9.8,502,400
2023-03-24 17:00:00+00:00,9.3,428,400
2023-03-24 18:00:00+00:00,8.6,279,400
2023-03-24 19:00:00+00:00,7.8,131,400
2023-03-24 20:00:00+00:00,7.6,17,400
2023-03-24 21:00:00+00:00,7.1,0,400
2023-03-24 22:00:00+00:00,7.4,0,400
2023-03-24 23:00:00+00:00,7.2,0,400
2023-03-25 00:00:00+00:00,7.2,0,400
2023-03-25 01:00:00+00:00,7.4,0,400
2023-03-25 02:00:00+00:00,7.8,0,400
2023-03-25 03:00:00+00:00,8,0,400
2023-03-25 04:00:00+00:00,7.9,0,400
2023-03-25 05:00:00+00:00,7.8,0,400
2023-03-25 06:00:00+00:00,7.8,0,400
2023-03-25 07:00:00+00:00,7.8,0,400
2023-03-25 08:00:00+00:00,7.8,4,400
2023-03-25 09:00:00+00:00,7.9,15,400
2023-03-25 10:00:00+00:00,8.6,85,400
2023-03-25 11:00:00+00:00,9.4,162,400
2023-03-25 12:00:00+00:00,9.4,269,400
2023-03-25 13:00:00+00:00,9.8,367,400
2023-03-25 14:00:00+00:00,9.7,369,400
2023-03-25 15:00:00+00:00,9.3,438,400
2023-03-25 16:00:00+00:00,8.8,199,400
2023-03-25 17:00:00+00:00,8.5,202,400
2023-03-25 18:00:00+00:00,7.7,114,400
2023-03-25 19:00:00+00:00,7,66,400
2023-03-25 20:00:00+00:00,6.7,5,400
2023-03-25 21:00:00+00:00,6.6,0,400
2023-03-25 22:00:00+00:00,6.6,0,400
2023-03-25 23:00:00+00:00,6.8,0,400
2023-03-26 00:00:00+00:00,6.8,0,400
2023-03-26 01:00:00+00:00,6.6,0,400
2023-03-26 02:00:00+00:00,6.1,0,400
2023-03-26 03:00:00+00:00,5.5,0,400
2023-03-26 04:00:00+00:00,4.8,0,400
2023-03-26 05:00:00+00:00,3.7,0,400
2023-03-26 06:00:00+00:00,3.6,0,400
2023-03-26 07:00:00+00:00,3.8,0,400
2023-03-26 08:00:00+00:00,4.4,15,400
2023-03-26 09:00:00+00:00,4.9,111,400
2023-03-26 10:00:00+00:00,5,170,400
2023-03-26 11:00:00+00:00,5.3,171,400
2023-03-26 12:00:00+00:00,5.4,160,400
2023-03-26 13:00:00+00:00,5.8,232,400
2023-03-26 14:00:00+00:00,6.3,285,400
2023-03-26 15:00:00+00:00,6.3,280,400
2023-03-26 16:00:00+00:00,6.2,440,400
2023-03-26 17:00:00+00:00,5.8,271,400
2023-03-26 18:00:00+00:00,4.3,215,400
2023-03-26 19:00:00+00:00,3.3,157,400
2023-03-26 20:00:00+00:00,2.6,26,400
2023-03-26 21:00:00+00:00,1.5,0,400
2023-03-26 22:00:00+00:00,1,0,400
2023-03-26 23:00:00+00:00,0.3,0,400
2023-03-27 00:00:00+00:00,-0.5,0,400
2023-03-27 01:00:00+00:00,-0.6,0,400
2023-03-27 02:00:00+00:00,-0.6,0,400
2023-03-27 03:00:00+00:00,-0.9,0,400
2023-03-27 04:00:00+00:00,-1.3,0,400
2023-03-27 05:00:00+00:00,-1.6,0,400
2023-03-27 06:00:00+00:00,-1.8,0,400
2023-03-27 07:00:00+00:00,-0.7,0,400
2023-03-27 08:00:00+00:00,1,44,400
2023-03-27 09:00:00+00:00,2.8,176,400
2023-03-27 10:00:00+00:00,3.9,342,400
2023-03-27 11:00:00+00:00,4.7,478,400
2023-03-27 12:00:00+00:00,5,508,400
2023-03-27 13:00:00+00:00,2.1,566,400
2023-03-27 14:00:00+00:00,2.3,286,400
2023-03-27 15:00:00+00:00,4.2,187,400
2023-03-27 16:00:00+00:00,1.6,303,400
2023-03-27 17:00:00+00:00,2.2,248,400
2023-03-27 18:00:00+00:00,2.4,145,400
2023-03-27 19:00:00+00:00,2.5,162,400
2023-03-27 20:00:00+00:00,2.2,24,400
2023-03-27 21:00:00+00:00,1.5,0,400
2023-03-27 22:00:00+00:00,0.8,0,400
2023-03-27 23:00:00+00:00,0.1,0,400
2023-03-28 00:00:00+00:00,-0.3,0,400
2023-03-28 01:00:00+00:00,-0.8,0,400
2023-03-28 02:00:00+00:00,-1.1,0,400
2023-03-28 03:00:00+00:00,-1.4,0,400
2023-03-28 04:00:00+00:00,-1.5,0,400
2023-03-28 05:00:00+00:00,-1.4,0,400
2023-03-28 06:00:00+00:00,-1.6,0,400
2023-03-28 07:00:00+00:00,-0.3,0,400
2023-03-28 08:00:00+00:00,0.8,46,400
2023-03-28 09:00:00+00:00,2,211,400
2023-03-28 10:00:00+00:00,3.3,296,400
2023-03-28 11:00:00+00:00,4.3,488,400
2023-03-28 12:00:00+00:00,5.1,593,400
2023-03-28 13:00:00+00:00,5.6,643,400
2023-03-28 14:00:00+00:00,6,641,400
2023-03-28 15:00:00+00:00,5.8,551,400
2023-03-28 16:00:00+00:00,5.5,479,400
2023-03-28 17:00:00+00:00,5,188,400
2023-03-28 18:00:00+00:00,4.8,73,400
2023-03-28 19:00:00+00:00,4.2,65,400
2023-03-28 20:00:00+00:00,4,9,400
2023-03-28 21:00:00+00:00,3.8,0,400
2023-03-28 22:00:00+00:00,3.9,0,400
2023-03-28 23:00:00+00:00,4,0,400
2023-03-29 00:00:00+00:00,3,0,400
2023-03-29 01:00:00+00:00,2.7,0,400
2023-03-29 02:00:00+00:00,2.7,0,400
2023-03-29 03:00:00+00:00,2.8,0,400
2023-03-29 04:00:00+00:00,2.7,0,400
2023-03-29 05:00:00+00:00,2.7,0,400
2023-03-29 06:00:00+00:00,3,0,400
2023-03-29 07:00:00+00:00,3.5,0,400
2023-03-29 08:00:00+00:00,4.3,15,400
2023-03-29 09:00:00+00:00,4.8,65,400
2023-03-29 10:00:00+00:00,5.9,152,400
2023-03-29 11:00:00+00:00,6.3,271,400
2023-03-29 12:00:00+00:00,6.2,482,400
2023-03-29 13:00:00+00:00,6.3,285,400
2023-03-29 14:00:00+00:00,6.2,133,400
2023-03-29 15:00:00+00:00,5.8,216,400
2023-03-29 16:00:00+00:00,5.9,125,400
2023-03-29 17:00:00+00:00,5.8,118,400
2023-03-29 18:00:00+00:00,5.8,83,400
2023-03-29 19:00:00+00:00,6,28,400
2023-03-29 20:00:00+00:00,6.2,6,400
2023-03-29 21:00:00+00:00,6.4,0,400
2023-03-29 22:00:00+00:00,6.5,0,400
2023-03-29 23:00:00+00:00,6.8,0,400
2023-03-30 00:00:00+00:00,7,0,400
2023-03-30 01:00:00+00:00,7.1,0,400
2023-03-30 02:00:00+00:00,7.2,0,400
2023-03-30 03:00:00+00:00,7.2,0,400
2023-03-30 04:00:00+00:00,7,0,400
2023-03-30 05:00:00+00:00,7,0,400
2023-03-30 06:00:00+00:00,7.5,0,400
2023-03-30 07:00:00+00:00,7.7,0,400
2023-03-30 08:00:00+00:00,7.9,3,400
2023-03-30 09:00:00+00:00,8.2,20,400
2023-03-30 10:00:00+00:00,8.8,25,400
2023-03-30 11:00:00+00:00,9.5,39,400
2023-03-30 12:00:00+00:00,10.5,61,400
2023-03-30 13:00:00+00:00,10.4,55,400
2023-03-30 14:00:00+00:00,10.1,120,400
2023-03-30 15:00:00+00:00,10,99,400
2023-03-30 16:00:00+00:00,9.7,95,400
2023-03-30 17:00:00+00:00,8.9,114,400
2023-03-30 18:00:00+00:00,8.3,93,400
2023-03-30 19:00:00+00:00,8,32,400
2023-03-30 20:00:00+00:00,7.8,5,400
2023-03-30 21:00:00+00:00,7.6,0,400
2023-03-30 22:00:00+00:00,7.5,0,400
2023-03-30 23:00:00+00:00,7.5,0,400
2023-03-31 00:00:00+00:00,7.6,0,400
2023-03-31 01:00:00+00:00,7.6,0,400
2023-03-31 02:00:00+00:00,7.7,0,400
2023-03-31 03:00:00+00:00,7.7,0,400
2023-03-31 04:00:00+00:00,7.4,0,400
2023-03-31 05:00:00+00:00,7.3,0,400
2023-03-31 06:00:00+00:00,7.6,0,400
2023-03-31 07:00:00+00:00,7.9,0,400
2023-03-31 08:00:00+00:00,8.1,17,400
2023-03-31 09:00:00+00:00,8.3,70,400
2023-03-31 10:00:00+00:00,8.8,62,400
2023-03-31 11:00:00+00:00,9.2,114,400
2023-03-31 12:00:00+00:00,9.5,192,400
2023-03-31 13:00:00+00:00,10.1,126,400
2023-03-31 14:00:00+00:00,10.8,124,400
2023-03-31 15:00:00+00:00,11,154,400
2023-03-31 16:00:00+00:00,9.9,225,400
2023-03-31 17:00:00+00:00,9.5,194,400
2023-03-31 18:00:00+00:00,9.2,88,400
2023-03-31 19:00:00+00:00,8.4,39,400
2023-03-31 20:00:00+00:00,8.7,5,400
2023-03-31 21:00:00+00:00,6.8,0,400
2023-03-31 22:00:00+00:00,5.3,0,400
2023-03-31 23:00:00+00:00,4.7,0,400
2023-04-01 00:00:00+00:00,4.3,0,400
2023-04-01 01:00:00+00:00,3.9,0,400
2023-04-01 02:00:00+00:00,3.6,0,400
2023-04-01 03:00:00+00:00,3.3,0,400
2023-04-01 04:00:00+00:00,3,0,400
2023-04-01 05:00:00+00:00,2.9,0,400
2023-04-01 06:00:00+00:00,2.8,0,400
2023-04-01 07:00:00+00:00,2.6,0,400
2023-04-01 08:00:00+00:00,2.5,4,400
2023-04-01 09:00:00+00:00,2.5,15,400
2023-04-01 10:00:00+00:00,3,39,400
2023-04-01 11:00:00+00:00,3.3,68,400
2023-04-01 12:00:00+00:00,3.6,156,400
2023-04-01 13:00:00+00:00,5.1,163,400
2023-04-01 14:00:00+00:00,5.9,265,400
2023-04-01 15:00:00+00:00,6.2,552,400
2023-04-01 16:00:00+00:00,6.4,568,400
2023-04-01 17:00:00+00:00,5.6,508,400
2023-04-01 18:00:00+00:00,4.7,345,400
2023-04-01 19:00:00+00:00,3.7,195,400
2023-04-01 20:00:00+00:00,2.9,46,400
2023-04-01 21:00:00+00:00,2,0,400
2023-04-01 22:00:00+00:00,1.3,0,400
2023-04-01 23:00:00+00:00,0.8,0,400
2023-04-02 00:00:00+00:00,1.1,0,400
2023-04-02 01:00:00+00:00,1.7,0,400
2023-04-02 02:00:00+00:00,1.6,0,400
2023-04-02 03:00:00+00:00,1.5,0,400
2023-04-02 04:00:00+00:00,1.5,0,400
2023-04-02 05:00:00+00:00,1.2,0,400
2023-04-02 06:00:00+00:00,1.3,0,400
2023-04-02 07:00:00+00:00,2.7,2,400
2023-04-02 08:00:00+00:00,3.9,79,400
2023-04-02 09:00:00+00:00,4.5,239,400
2023-04-02 10:00:00+00:00,4.9,385,400
2023-04-02 11:00:00+00:00,5.2,524,400
2023-04-02 12:00:00+00:00,5.5,623,400
2023-04-02 13:00:00+00:00,5.7,677,400
2023-04-02 14:00:00+00:00,6,699,400
2023-04-02 15:00:00+00:00,6,666,400
2023-04-02 16:00:00+00:00,5.7,607,400
2023-04-02 17:00:00+00:00,5.3,502,400
2023-04-02 18:00:00+00:00,4.5,357,400
2023-04-02 19:00:00+00:00,3.5,197,400
2023-04-02 20:00:00+00:00,2.3,48,400
2023-04-02 21:00:00+00:00,0.7,0,400
2023-04-02 22:00:00+00:00,-0.2,0,400
2023-04-02 23:00:00+00:00,-0.8,0,400
2023-04-03 00:00:00+00:00,-0.9,0,400
2023-04-03 01:00:00+00:00,-1.1,0,400
2023-04-03 02:00:00+00:00,-1.5,0,400
2023-04-03 03:00:00+00:00,-1.8,0,400
2023-04-03 04:00:00+00:00,-2.3,0,400
2023-04-03 05:00:00+00:00,-2.5,0,400
2023-04-03 06:00:00+00:00,-1.3,0,400
2023-04-03 07:00:00+00:00,1.4,2,400
2023-04-03 08:00:00+00:00,3.6,71,400
2023-04-03 09:00:00+00:00,4.7,242,400
2023-04-03 10:00:00+00:00,5.1,385,400
2023-04-03 11:00:00+00:00,5.5,517,400
2023-04-03 12:00:00+00:00,5.7,512,400
2023-04-03 13:00:00+00:00,5.7,639,400
2023-04-03 14:00:00+00:00,5.7,705,400
2023-04-03 15:00:00+00:00,5.5,669,400
2023-04-03 16:00:00+00:00,5,617,400
2023-04-03 17:00:00+00:00,4.3,514,400
2023-04-03 18:00:00+00:00,3.3,369,400
2023-04-03 19:00:00+00:00,2,205,400
2023-04-03 20:00:00+00:00,1.1,40,400
2023-04-03 21:00:00+00:00,0.3,0,400
2023-04-03 22:00:00+00:00,-0.2,0,400
2023-04-03 23:00:00+00:00,-1.3,0,400
2023-04-04 00:00:00+00:00,-1.3,0,400
2023-04-04 01:00:00+00:00,-1.1,0,400
2023-04-04 02:00:00+00:00,-0.7,0,400
2023-04-04 03:00:00+00:00,-0.7,0,400
2023-04-04 04:00:00+00:00,-1.1,0,400
2023-04-04 05:00:00+00:00,-1.3,0,400
2023-04-04 06:00:00+00:00,-1,0,400
2023-04-04 07:00:00+00:00,0.7,2,400
2023-04-04 08:00:00+00:00,2.4,75,400
2023-04-04 09:00:00+00:00,4.3,228,400
2023-04-04 10:00:00+00:00,5.7,317,400
2023-04-04 11:00:00+00:00,6.8,415,400
2023-04-04 12:00:00+00:00,7.2,509,400
2023-04-04 13:00:00+00:00,7.1,657,400
2023-04-04 14:00:00+00:00,7.1,551,400
2023-04-04 15:00:00+00:00,7.2,343,400
2023-04-04 16:00:00+00:00,6.7,216,400
2023-04-04 17:00:00+00:00,6.7,149,400
2023-04-04 18:00:00+00:00,5.9,111,400
2023-04-04 19:00:00+00:00,4.4,134,400
2023-04-04 20:00:00+00:00,2.9,25,400
2023-04-04 21:00:00+00:00,2.7,0,400
2023-04-04 22:00:00+00:00,1.5,0,400
2023-04-04 23:00:00+00:00,0.1,0,400
2023-04-05 00:00:00+00:00,-0.5,0,400
2023-04-05 01:00:00+00:00,-0.8,0,400
2023-04-05 02:00:00+00:00,-1.2,0,400
2023-04-05 03:00:00+00:00,-0.7,0,400
2023-04-05 04:00:00+00:00,0.8,0,400
2023-04-05 05:00:00+00:00,1,0,400
2023-04-05 06:00:00+00:00,2.6,0,400
2023-04-05 07:00:00+00:00,4.4,3,400
2023-04-05 08:00:00+00:00,5.7,95,400
2023-04-05 09:00:00+00:00,6.4,250,400
2023-04-05 10:00:00+00:00,6.9,400,400
2023-04-05 11:00:00+00:00,7,539,400
2023-04-05 12:00:00+00:00,7.2,677,400
2023-04-05 13:00:00+00:00,7.5,714,400
2023-04-05 14:00:00+00:00,7.7,706,400
2023-04-05 15:00:00+00:00,7.7,677,400
2023-04-05 16:00:00+00:00,7.9,614,400
2023-04-05 17:00:00+00:00,7.9,513,400
2023-04-05 18:00:00+00:00,7.5,373,400
2023-04-05 19:00:00+00:00,6,211,400
2023-04-05 20:00:00+00:00,5.2,60,400
2023-04-05 21:00:00+00:00,4.9,0,400
2023-04-05 22:00:00+00:00,4.6,0,400
2023-04-05 23:00:00+00:00,4.4,0,400
2023-04-06 00:00:00+00:00,4.3,0,400
2023-04-06 01:00:00+00:00,4.1,0,400
2023-04-06 02:00:00+00:00,4.2,0,400
2023-04-06 03:00:00+00:00,4.1,0,400
2023-04-06 04:00:00+00:00,3.9,0,400
2023-04-06 05:00:00+00:00,3.8,0,400
2023-04-06 06:00:00+00:00,4.1,0,400
2023-04-06 07:00:00+00:00,4.6,0,400
2023-04-06 08:00:00+00:00,5.4,22,400
2023-04-06 09:00:00+00:00,5.7,154,400
2023-04-06 10:00:00+00:00,7.3,272,400
2023-04-06 11:00:00+00:00,7.6,248,400
2023-04-06 12:00:00+00:00,8,535,400
2023-04-06 13:00:00+00:00,8,485,400
2023-04-06 14:00:00+00:00,8.5,550,400
2023-04-06 15:00:00+00:00,8.2,531,400
2023-04-06 16:00:00+00:00,8.2,619,400
2023-04-06 17:00:00+00:00,7.5,475,400
2023-04-06 18:00:00+00:00,6.6,363,400
2023-04-06 19:00:00+00:00,5.5,205,400
2023-04-06 20:00:00+00:00,5.1,51,400
2023-04-06 21:00:00+00:00,4.6,1,400
2023-04-06 22:00:00+00:00,4.2,0,400
2023-04-06 23:00:00+00:00,4,0,400
2023-04-07 00:00:00+00:00,3.7,0,400
2023-04-07 01:00:00+00:00,3.5,0,400
2023-04-07 02:00:00+00:00,3.3,0,400
2023-04-07 03:00:00+00:00,3,0,400
2023-04-07 04:00:00+00:00,2.6,0,400
2023-04-07 05:00:00+00:00,2.4,0,400
2023-04-07 06:00:00+00:00,2.7,0,400
2023-04-07 07:00:00+00:00,3.9,5,400
2023-04-07 08:00:00+00:00,4.6,100,400
2023-04-07 09:00:00+00:00,5.6,254,400
2023-04-07 10:00:00+00:00,6,398,400
2023-04-07 11:00:00+00:00,6.8,512,400
2023-04-07 12:00:00+00:00,6.9,563,400
2023-04-07 13:00:00+00:00,7.5,688,400
2023-04-07 14:00:00+00:00,7.2,690,400
2023-04-07 15:00:00+00:00,6.2,549,400
2023-04-07 16:00:00+00:00,5.4,356,400
2023-04-07 17:00:00+00:00,5,172,400
2023-04-07 18:00:00+00:00,5,107,400
2023-04-07 19:00:00+00:00,5.1,53,400
2023-04-07 20:00:00+00:00,5.2,14,400
2023-04-07 21:00:00+00:00,5.4,0,400
2023-04-07 22:00:00+00:00,5.5,0,400
2023-04-07 23:00:00+00:00,5.4,0,400
2023-04-08 00:00:00+00:00,5.3,0,400
2023-04-08 01:00:00+00:00,5.3,0,400
2023-04-08 02:00:00+00:00,5.4,0,400
2023-04-08 03:00:00+00:00,5.4,0,400
2023-04-08 04:00:00+00:00,5.4,0,400
2023-04-08 05:00:00+00:00,5.3,0,400
2023-04-08 06:00:00+00:00,5.1,0,400
2023-04-08 07:00:00+00:00,5.6,2,400
2023-04-08 08:00:00+00:00,6.7,26,400
2023-04-08 09:00:00+00:00,8.4,128,400
2023-04-08 10:00:00+00:00,9.3,297,400
2023-04-08 11:00:00+00:00,10.2,555,400
2023-04-08 12:00:00+00:00,10.9,593,400
2023-04-08 13:00:00+00:00,12.1,671,400
2023-04-08 14:00:00+00:00,13,681,400
2023-04-08 15:00:00+00:00,13,659,400
2023-04-08 16:00:00+00:00,12.2,590,400
2023-04-08 17:00:00+00:00,11.5,486,400
2023-04-08 18:00:00+00:00,10.4,348,400
2023-04-08 19:00:00+00:00,8.1,195,400
2023-04-08 20:00:00+00:00,6.7,55,400
2023-04-08 21:00:00+00:00,5.2,2,400
2023-04-08 22:00:00+00:00,4.6,0,400
2023-04-08 23:00:00+00:00,4.2,0,400
2023-04-09 00:00:00+00:00,3.6,0,400
2023-04-09 01:00:00+00:00,2.7,0,400
2023-04-09 02:00:00+00:00,2.1,0,400
2023-04-09 03:00:00+00:00,1.4,0,400
2023-04-09 04:00:00+00:00,1.2,0,400
2023-04-09 05:00:00+00:00,1,0,400
2023-04-09 06:00:00+00:00,2.3,0,400
2023-04-09 07:00:00+00:00,5.1,7,400
2023-04-09 08:00:00+00:00,7.2,103,400
2023-04-09 09:00:00+00:00,8.1,255,400
2023-04-09 10:00:00+00:00,10.2,315,400
2023-04-09 11:00:00+00:00,11.4,377,400
2023-04-09 12:00:00+00:00,12,625,400
2023-04-09 13:00:00+00:00,12.2,675,400
2023-04-09 14:00:00+00:00,12.2,691,400
2023-04-09 15:00:00+00:00,12.2,672,400
2023-04-09 16:00:00+00:00,11.8,591,400
2023-04-09 17:00:00+00:00,10.7,503,400
2023-04-09 18:00:00+00:00,9.2,363,400
2023-04-09 19:00:00+00:00,8.1,198,400
2023-04-09 20:00:00+00:00,7.5,47,400
2023-04-09 21:00:00+00:00,6.5,1,400
2023-04-09 22:00:00+00:00,5.9,0,400
2023-04-09 23:00:00+00:00,5.7,0,400
2023-04-10 00:00:00+00:00,5.9,0,400
2023-04-10 01:00:00+00:00,5.8,0,400
2023-04-10 02:00:00+00:00,5.3,0,400
2023-04-10 03:00:00+00:00,4.7,0,400
2023-04-10 04:00:00+00:00,4.3,0,400
2023-04-10 05:00:00+00:00,4.1,0,400
2023-04-10 06:00:00+00:00,4.6,0,400
2023-04-10 07:00:00+00:00,5.8,7,400
2023-04-10 08:00:00+00:00,7.5,72,400
2023-04-10 09:00:00+00:00,9.1,227,400
2023-04-10 10:00:00+00:00,10.7,325,400
2023-04-10 11:00:00+00:00,12.3,494,400
2023-04-10 12:00:00+00:00,13.3,599,400
2023-04-10 13:00:00+00:00,13.1,699,400
2023-04-10 14:00:00+00:00,13.4,658,400
2023-04-10 15:00:00+00:00,13.4,424,400
2023-04-10 16:00:00+00:00,12.6,405,400
2023-04-10 17:00:00+00:00,11.2,320,400
2023-04-10 18:00:00+00:00,10.8,238,400
2023-04-10 19:00:00+00:00,11.4,131,400
2023-04-10 20:00:00+00:00,12,24,400
2023-04-10 21:00:00+00:00,12.3,1,400
2023-04-10 22:00:00+00:00,11.8,0,400
2023-04-10 23:00:00+00:00,10.3,0,400
2023-04-11 00:00:00+00:00,9.4,0,400
2023-04-11 01:00:00+00:00,9.1,0,400
2023-04-11 02:00:00+00:00,8.5,0,400
2023-04-11 03:00:00+00:00,8.2,0,400
2023-04-11 04:00:00+00:00,7.8,0,400
2023-04-11 05:00:00+00:00,7.6,0,400
2023-04-11 06:00:00+00:00,7.6,0,400
2023-04-11 07:00:00+00:00,7.8,3,400
2023-04-11 08:00:00+00:00,8,22,400
2023-04-11 09:00:00+00:00,8,59,400
2023-04-11 10:00:00+00:00,8.3,114,400
2023-04-11 11:00:00+00:00,9.3,126,400
2023-04-11 12:00:00+00:00,9.8,236,400
2023-04-11 13:00:00+00:00,9.9,413,400
2023-04-11 14:00:00+00:00,11.1,354,400
2023-04-11 15:00:00+00:00,10.7,373,400
2023-04-11 16:00:00+00:00,10.5,565,400
2023-04-11 17:00:00+00:00,9.8,375,400
2023-04-11 18:00:00+00:00,8.9,364,400
2023-04-11 19:00:00+00:00,7.5,235,400
2023-04-11 20:00:00+00:00,7.2,75,400
2023-04-11 21:00:00+00:00,7.1,2,400
2023-04-11 22:00:00+00:00,6.6,0,400
2023-04-11 23:00:00+00:00,6.4,0,400
2023-04-12 00:00:00+00:00,5.7,0,400
2023-04-12 01:00:00+00:00,4.9,0,400
2023-04-12 02:00:00+00:00,4.2,0,400
2023-04-12 03:00:00+00:00,3.9,0,400
2023-04-12 04:00:00+00:00,3.8,0,400
2023-04-12 05:00:00+00:00,4,0,400
2023-04-12 06:00:00+00:00,4.8,0,400
2023-04-12 07:00:00+00:00,5.8,19,400
2023-04-12 08:00:00+00:00,7.4,121,400
2023-04-12 09:00:00+00:00,8.7,245,400
2023-04-12 10:00:00+00:00,9.5,426,400
2023-04-12 11:00:00+00:00,9.4,550,400
2023-04-12 12:00:00+00:00,9.9,522,400
2023-04-12 13:00:00+00:00,10,369,400
2023-04-12 14:00:00+00:00,9.4,329,400
2023-04-12 15:00:00+00:00,8,252,400
2023-04-12 16:00:00+00:00,7.3,108,400
2023-04-12 17:00:00+00:00,7.1,58,400
2023-04-12 18:00:00+00:00,7,54,400
2023-04-12 19:00:00+00:00,6.8,25,400
2023-04-12 20:00:00+00:00,6.9,9,400
2023-04-12 21:00:00+00:00,6.7,0,400
2023-04-12 22:00:00+00:00,6.7,0,400
2023-04-12 23:00:00+00:00,6.7,0,400
2023-04-13 00:00:00+00:00,6.5,0,400
2023-04-13 01:00:00+00:00,5.5,0,400
2023-04-13 02:00:00+00:00,5.2,0,400
2023-04-13 03:00:00+00:00,4.7,0,400
2023-04-13 04:00:00+00:00,4.4,0,400
2023-04-13 05:00:00+00:00,4,0,400
2023-04-13 06:00:00+00:00,4.8,0,400
2023-04-13 07:00:00+00:00,6.1,16,400
2023-04-13 08:00:00+00:00,7.8,113,400
2023-04-13 09:00:00+00:00,8.7,287,400
2023-04-13 10:00:00+00:00,8.4,432,400
2023-04-13 11:00:00+00:00,7.9,458,400
2023-04-13 12:00:00+00:00,7.4,277,400
2023-04-13 13:00:00+00:00,8.2,125,400
2023-04-13 14:00:00+00:00,9.9,87,400
2023-04-13 15:00:00+00:00,10.4,456,400
2023-04-13 16:00:00+00:00,8.7,563,400
2023-04-13 17:00:00+00:00,9.4,239,400
2023-04-13 18:00:00+00:00,9.2,118,400
2023-04-13 19:00:00+00:00,8.1,216,400
2023-04-13 20:00:00+00:00,7,79,400
2023-04-13 21:00:00+00:00,5.9,3,400
2023-04-13 22:00:00+00:00,5.5,0,400
2023-04-13 23:00:00+00:00,5.1,0,400
2023-04-14 00:00:00+00:00,4.9,0,400
2023-04-14 01:00:00+00:00,4.7,0,400
2023-04-14 02:00:00+00:00,4.1,0,400
2023-04-14 03:00:00+00:00,2.8,0,400
2023-04-14 04:00:00+00:00,2.3,0,400
2023-04-14 05:00:00+00:00,2,0,400
2023-04-14 06:00:00+00:00,3,0,400
2023-04-14 07:00:00+00:00,5.6,7,400
2023-04-14 08:00:00+00:00,7.8,69,400
2023-04-14 09:00:00+00:00,8.6,205,400
2023-04-14 10:00:00+00:00,9.3,208,400
2023-04-14 11:00:00+00:00,9.6,275,400
2023-04-14 12:00:00+00:00,9.7,357,400
2023-04-14 13:00:00+00:00,9.5,344,400
2023-04-14 14:00:00+00:00,9.3,291,400
2023-04-14 15:00:00+00:00,9.3,246,400
2023-04-14 16:00:00+00:00,8.5,265,400
2023-04-14 17:00:00+00:00,7.8,165,400
2023-04-14 18:00:00+00:00,7.4,105,400
2023-04-14 19:00:00+00:00,6.8,53,400
2023-04-14 20:00:00+00:00,6.4,15,400
2023-04-14 21:00:00+00:00,6.4,1,400
2023-04-14 22:00:00+00:00,6.4,0,400
2023-04-14 23:00:00+00:00,6.6,0,400
2023-04-15 00:00:00+00:00,6.8,0,400
2023-04-15 01:00:00+00:00,6.9,0,400
2023-04-15 02:00:00+00:00,7.1,0,400
2023-04-15 03:00:00+00:00,7.3,0,400
2023-04-15 04:00:00+00:00,7.5,0,400
2023-04-15 05:00:00+00:00,7.6,0,400
2023-04-15 06:00:00+00:00,7.6,0,400
2023-04-15 07:00:00+00:00,7.8,5,400
2023-04-15 08:00:00+00:00,8.3,26,400
2023-04-15 09:00:00+00:00,9.3,82,400
2023-04-15 10:00:00+00:00,11.4,119,400
2023-04-15 11:00:00+00:00,12.3,321,400
2023-04-15 12:00:00+00:00,13.1,567,400
2023-04-15 13:00:00+00:00,12.6,517,400
2023-04-15 14:00:00+00:00,12.9,553,400
2023-04-15 15:00:00+00:00,12.4,288,400
2023-04-15 16:00:00+00:00,11.2,335,400
2023-04-15 17:00:00+00:00,10.9,134,400
2023-04-15 18:00:00+00:00,11.1,78,400
2023-04-15 19:00:00+00:00,10.7,54,400
2023-04-15 20:00:00+00:00,10.2,15,400
2023-04-15 21:00:00+00:00,9.3,1,400
2023-04-15 22:00:00+00:00,9.4,0,400
2023-04-15 23:00:00+00:00,9.4,0,400
2023-04-16 00:00:00+00:00,8.8,0,400
2023-04-16 01:00:00+00:00,8.3,0,400
2023-04-16 02:00:00+00:00,8,0,400
2023-04-16 03:00:00+00:00,7.8,0,400
2023-04-16 04:00:00+00:00,7.8,0,400
2023-04-16 05:00:00+00:00,7.8,0,400
2023-04-16 06:00:00+00:00,7.7,0,400
2023-04-16 07:00:00+00:00,8.1,4,400
2023-04-16 08:00:00+00:00,9.1,30,400
2023-04-16 09:00:00+00:00,10.1,107,400
2023-04-16 10:00:00+00:00,10,309,400
2023-04-16 11:00:00+00:00,10.1,321,400
2023-04-16 12:00:00+00:00,10.3,212,400
2023-04-16 13:00:00+00:00,11.2,216,400
2023-04-16 14:00:00+00:00,11.3,274,400
2023-04-16 15:00:00+00:00,10.8,500,400
2023-04-16 16:00:00+00:00,10.3,322,400
2023-04-16 17:00:00+00:00,9.1,408,400
2023-04-16 18:00:00+00:00,8.4,237,400
2023-04-16 19:00:00+00:00,8.1,104,400
2023-04-16 20:00:00+00:00,7.9,33,400
2023-04-16 21:00:00+00:00,7.7,2,400
2023-04-16 22:00:00+00:00,7.4,0,400
2023-04-16 23:00:00+00:00,7.1,0,400
2023-04-17 00:00:00+00:00,7,0,400
2023-04-17 01:00:00+00:00,7.1,0,400
2023-04-17 02:00:00+00:00,7.1,0,400
2023-04-17 03:00:00+00:00,6.8,0,400
2023-04-17 04:00:00+00:00,6.1,0,400
2023-04-17 05:00:00+00:00,5.6,0,400
2023-04-17 06:00:00+00:00,6.3,0,400
2023-04-17 07:00:00+00:00,7.3,25,400
2023-04-17 08:00:00+00:00,8.8,145,400
2023-04-17 09:00:00+00:00,10,292,400
2023-04-17 10:00:00+00:00,10.6,433,400
2023-04-17 11:00:00+00:00,11.2,557,400
2023-04-17 12:00:00+00:00,11.6,657,400
2023-04-17 13:00:00+00:00,11.9,724,400
2023-04-17 14:00:00+00:00,12.3,735,400
2023-04-17 15:00:00+00:00,12.2,702,400
2023-04-17 16:00:00+00:00,11.5,635,400
2023-04-17 17:00:00+00:00,10.8,543,400
2023-04-17 18:00:00+00:00,9.6,408,400
2023-04-17 19:00:00+00:00,8.4,248,400
2023-04-17 20:00:00+00:00,6.9,95,400
2023-04-17 21:00:00+00:00,6.3,8,400
2023-04-17 22:00:00+00:00,5.1,0,400
2023-04-17 23:00:00+00:00,3.8,0,400
2023-04-18 00:00:00+00:00,3.1,0,400
2023-04-18 01:00:00+00:00,3,0,400
2023-04-18 02:00:00+00:00,2.9,0,400
2023-04-18 03:00:00+00:00,1.9,0,400
2023-04-18 04:00:00+00:00,2.8,0,400
2023-04-18 05:00:00+00:00,2.9,0,400
2023-04-18 06:00:00+00:00,4.8,0,400
2023-04-18 07:00:00+00:00,6.9,28,400
2023-04-18 08:00:00+00:00,8.7,149,400
2023-04-18 09:00:00+00:00,9.9,302,400
2023-04-18 10:00:00+00:00,10.7,448,400
2023-04-18 11:00:00+00:00,11.4,576,400
2023-04-18 12:00:00+00:00,11.8,670,400
2023-04-18 13:00:00+00:00,12.1,734,400
2023-04-18 14:00:00+00:00,11.8,742,400
2023-04-18 15:00:00+00:00,11.7,720,400
2023-04-18 16:00:00+00:00,11.8,659,400
2023-04-18 17:00:00+00:00,11.4,565,400
2023-04-18 18:00:00+00:00,10.5,400,400
2023-04-18 19:00:00+00:00,9.2,221,400
2023-04-18 20:00:00+00:00,8,80,400
2023-04-18 21:00:00+00:00,6.8,6,400
2023-04-18 22:00:00+00:00,6,0,400
2023-04-18 23:00:00+00:00,6.5,0,400
2023-04-19 00:00:00+00:00,4.1,0,400
2023-04-19 01:00:00+00:00,2.7,0,400
2023-04-19 02:00:00+00:00,2.2,0,400
2023-04-19 03:00:00+00:00,2.4,0,400
2023-04-19 04:00:00+00:00,3.1,0,400
2023-04-19 05:00:00+00:00,3.7,0,400
2023-04-19 06:00:00+00:00,5.7,0,400
2023-04-19 07:00:00+00:00,8.5,37,400
2023-04-19 08:00:00+00:00,9.5,173,400
2023-04-19 09:00:00+00:00,10.4,329,400
2023-04-19 10:00:00+00:00,10.9,470,400
2023-04-19 11:00:00+00:00,11.1,587,400
2023-04-19 12:00:00+00:00,11.1,701,400
2023-04-19 13:00:00+00:00,11.2,758,400
2023-04-19 14:00:00+00:00,11.6,767,400
2023-04-19 15:00:00+00:00,11.5,737,400
2023-04-19 16:00:00+00:00,11.5,669,400
2023-04-19 17:00:00+00:00,11.3,563,400
2023-04-19 18:00:00+00:00,10.8,432,400
2023-04-19 19:00:00+00:00,9.6,273,400
2023-04-19 20:00:00+00:00,8.5,113,400
2023-04-19 21:00:00+00:00,8.1,12,400
2023-04-19 22:00:00+00:00,8,0,400
2023-04-19 23:00:00+00:00,7.7,0,400
2023-04-20 00:00:00+00:00,7.3,0,400
2023-04-20 01:00:00+00:00,6.7,0,400
2023-04-20 02:00:00+00:00,6,0,400
2023-04-20 03:00:00+00:00,5.7,0,400
2023-04-20 04:00:00+00:00,5.5,0,400
2023-04-20 05:00:00+00:00,5.7,0,400
2023-04-20 06:00:00+00:00,6.7,0,400
2023-04-20 07:00:00+00:00,7.4,34,400
2023-04-20 08:00:00+00:00,8.4,156,400
2023-04-20 09:00:00+00:00,9,303,400
2023-04-20 10:00:00+00:00,10.7,410,400
2023-04-20 11:00:00+00:00,12.6,357,400
2023-04-20 12:00:00+00:00,13.9,663,400
2023-04-20 13:00:00+00:00,15,706,400
2023-04-20 14:00:00+00:00,15.4,733,400
2023-04-20 15:00:00+00:00,15.6,703,400
2023-04-20 16:00:00+00:00,15.4,631,400
2023-04-20 17:00:00+00:00,15.6,524,400
2023-04-20 18:00:00+00:00,14.6,395,400
2023-04-20 19:00:00+00:00,12.7,252,400
2023-04-20 20:00:00+00:00,11.4,98,400
2023-04-20 21:00:00+00:00,10.2,10,400
2023-04-20 22:00:00+00:00,10,0,400
2023-04-20 23:00:00+00:00,9.8,0,400
2023-04-21 00:00:00+00:00,9,0,400
2023-04-21 01:00:00+00:00,8.4,0,400
2023-04-21 02:00:00+00:00,7.7,0,400
2023-04-21 03:00:00+00:00,7.1,0,400
2023-04-21 04:00:00+00:00,6.4,0,400
2023-04-21 05:00:00+00:00,6.3,0,400
2023-04-21 06:00:00+00:00,7.3,0,400
2023-04-21 07:00:00+00:00,8.8,36,400
2023-04-21 08:00:00+00:00,10.3,166,400
2023-04-21 09:00:00+00:00,11.6,325,400
2023-04-21 10:00:00+00:00,13,474,400
2023-04-21 11:00:00+00:00,14.4,588,400
2023-04-21 12:00:00+00:00,15.5,678,400
2023-04-21 13:00:00+00:00,16.1,752,400
2023-04-21 14:00:00+00:00,15.9,761,400
2023-04-21 15:00:00+00:00,15.9,734,400
2023-04-21 16:00:00+00:00,15.3,666,400
2023-04-21 17:00:00+00:00,14.5,568,400
2023-04-21 18:00:00+00:00,13.2,437,400
2023-04-21 19:00:00+00:00,11.4,279,400
2023-04-21 20:00:00+00:00,10,122,400
2023-04-21 21:00:00+00:00,8.7,15,400
2023-04-21 22:00:00+00:00,7.8,0,400
2023-04-21 23:00:00+00:00,7,0,400
2023-04-22 00:00:00+00:00,5.9,0,400
2023-04-22 01:00:00+00:00,5.8,0,400
2023-04-22 02:00:00+00:00,5.4,0,400
2023-04-22 03:00:00+00:00,5.2,0,400
2023-04-22 04:00:00+00:00,6,0,400
2023-04-22 05:00:00+00:00,6.3,0,400
2023-04-22 06:00:00+00:00,7.8,1,400
2023-04-22 07:00:00+00:00,10.2,43,400
2023-04-22 08:00:00+00:00,12.9,180,400
2023-04-22 09:00:00+00:00,14.9,334,400
2023-04-22 10:00:00+00:00,15.9,476,400
2023-04-22 11:00:00+00:00,16.6,594,400
2023-04-22 12:00:00+00:00,17.5,683,400
2023-04-22 13:00:00+00:00,18.3,655,400
2023-04-22 14:00:00+00:00,18.8,683,400
2023-04-22 15:00:00+00:00,18.1,673,400
2023-04-22 16:00:00+00:00,17.2,624,400
2023-04-22 17:00:00+00:00,15.7,341,400
2023-04-23 14:00:00+00:00,13.8,327,400
2023-04-23 18:00:00+00:00,13.5,200,400
2023-04-23 19:00:00+00:00,12.1,657,400
2023-04-23 20:00:00+00:00,10.6,99,400
2023-04-23 21:00:00+00:00,10.1,8,400
2023-04-23 22:00:00+00:00,9.9,0,400
2023-04-23 23:00:00+00:00,9.9,0,400
2023-04-24 00:00:00+00:00,10.1,0,400
2023-04-24 01:00:00+00:00,10.2,0,400
2023-04-24 02:00:00+00:00,10.3,0,400
2023-04-24 03:00:00+00:00,10,0,400
2023-04-24 04:00:00+00:00,9.7,0,400
2023-04-24 05:00:00+00:00,9.7,0,400
2023-04-24 06:00:00+00:00,10.2,0,400
2023-04-24 07:00:00+00:00,11.3,12,400
2023-04-24 08:00:00+00:00,11.3,59,400
2023-04-24 09:00:00+00:00,11.4,220,400
2023-04-24 10:00:00+00:00,11,196,400
2023-04-24 11:00:00+00:00,11.4,201,400
2023-04-24 12:00:00+00:00,11.6,275,400
2023-04-24 13:00:00+00:00,11.7,312,400
2023-04-24 14:00:00+00:00,11.6,264,400
2023-04-24 15:00:00+00:00,11.5,256,400
2023-04-24 16:00:00+00:00,11,202,400
2023-04-24 17:00:00+00:00,10.4,254,400
2023-04-24 18:00:00+00:00,10,178,400
2023-04-24 19:00:00+00:00,9.1,148,400
2023-04-24 20:00:00+00:00,8.7,39,400
2023-04-24 21:00:00+00:00,8.6,1,400
2023-04-24 22:00:00+00:00,7.2,0,400
2023-04-24 23:00:00+00:00,6.4,0,400
2023-04-25 00:00:00+00:00,6.4,0,400
2023-04-25 01:00:00+00:00,6.2,0,400
2023-04-25 02:00:00+00:00,5.9,0,400
2023-04-25 03:00:00+00:00,5.4,0,400
2023-04-25 04:00:00+00:00,5.3,0,400
2023-04-25 05:00:00+00:00,5.2,0,400
2023-04-25 06:00:00+00:00,5.3,0,400
2023-04-25 07:00:00+00:00,5.8,10,400
2023-04-25 08:00:00+00:00,6.3,53,400
2023-04-25 09:00:00+00:00,6.6,217,400
2023-04-25 10:00:00+00:00,6.9,348,400
2023-04-25 11:00:00+00:00,7.3,384,400
2023-04-25 12:00:00+00:00,7.6,347,400
2023-04-25 13:00:00+00:00,7.1,426,400
2023-04-25 14:00:00+00:00,7.2,420,400
2023-04-25 15:00:00+00:00,7.1,316,400
2023-04-25 16:00:00+00:00,7,332,400
2023-04-25 17:00:00+00:00,6.9,207,400
2023-04-25 18:00:00+00:00,6.4,164,400
2023-04-25 19:00:00+00:00,5.9,134,400
2023-04-25 20:00:00+00:00,5.3,66,400
2023-04-25 21:00:00+00:00,4.9,12,400
2023-04-25 22:00:00+00:00,4.6,0,400
2023-04-25 23:00:00+00:00,4.3,0,400
2023-04-26 00:00:00+00:00,3.9,0,400
2023-04-26 01:00:00+00:00,3.6,0,400
2023-04-26 02:00:00+00:00,3.4,0,400
2023-04-26 03:00:00+00:00,3.4,0,400
2023-04-26 04:00:00+00:00,3.1,0,400
2023-04-26 05:00:00+00:00,3.2,0,400
2023-04-26 06:00:00+00:00,4.1,2,400
2023-04-26 07:00:00+00:00,5.3,58,400
2023-04-26 08:00:00+00:00,6.3,208,400
2023-04-26 09:00:00+00:00,7,358,400
2023-04-26 10:00:00+00:00,7.6,481,400
2023-04-26 11:00:00+00:00,7.9,516,400
2023-04-26 12:00:00+00:00,7.7,672,400
2023-04-26 13:00:00+00:00,7.9,805,400
2023-04-26 14:00:00+00:00,8.5,596,400
2023-04-26 15:00:00+00:00,8.6,593,400
2023-04-26 16:00:00+00:00,8.1,597,400
2023-04-26 17:00:00+00:00,7.7,467,400
2023-04-26 18:00:00+00:00,7,301,400
2023-04-26 19:00:00+00:00,5.9,224,400
2023-04-26 20:00:00+00:00,4.7,114,400
2023-04-26 21:00:00+00:00,3.6,17,400
2023-04-26 22:00:00+00:00,3.1,0,400
2023-04-26 23:00:00+00:00,2.6,0,400
2023-04-27 00:00:00+00:00,2.1,0,400
2023-04-27 01:00:00+00:00,1.7,0,400
2023-04-27 02:00:00+00:00,2.2,0,400
2023-04-27 03:00:00+00:00,1.9,0,400
2023-04-27 04:00:00+00:00,1.8,0,400
2023-04-27 05:00:00+00:00,2.5,0,400
2023-05-02 10:00:00+00:00,9.2,2,400
2023-05-02 11:00:00+00:00,10,57,400
2023-05-02 12:00:00+00:00,10.8,579,400
2023-05-02 13:00:00+00:00,11.2,591,400
2023-05-02 14:00:00+00:00,11.5,598,400
2023-05-02 15:00:00+00:00,11.4,601,400
2023-05-02 16:00:00+00:00,11,382,400
2023-05-02 17:00:00+00:00,10.9,365,400
2023-05-02 18:00:00+00:00,10.5,251,400
2023-05-02 19:00:00+00:00,9.4,341,400
2023-05-02 20:00:00+00:00,8.1,162,400
2023-05-02 21:00:00+00:00,6.7,37,400
2023-05-02 22:00:00+00:00,5.8,0,400
2023-05-02 23:00:00+00:00,5,0,400
2023-05-03 00:00:00+00:00,4.5,0,400
2023-05-03 01:00:00+00:00,4,0,400
2023-05-03 02:00:00+00:00,3.8,0,400
2023-05-03 03:00:00+00:00,3.6,0,400
2023-05-03 04:00:00+00:00,3.5,0,400
2023-05-03 05:00:00+00:00,4.1,0,400
2023-05-03 06:00:00+00:00,5.5,6,400
2023-05-03 07:00:00+00:00,7,87,400
2023-05-03 08:00:00+00:00,8.2,242,400
2023-05-03 09:00:00+00:00,9,406,400
2023-05-03 10:00:00+00:00,9.3,554,400
2023-05-03 11:00:00+00:00,9.7,602,400
2023-05-03 12:00:00+00:00,10.2,458,400
2023-05-03 13:00:00+00:00,10.9,463,400
2023-05-03 14:00:00+00:00,11.1,448,400
2023-05-03 15:00:00+00:00,11.5,505,400
2023-05-03 16:00:00+00:00,12,410,400
2023-05-03 17:00:00+00:00,12.1,372,400
2023-05-03 18:00:00+00:00,11.6,508,400
2023-05-03 19:00:00+00:00,10.4,370,400
2023-05-03 20:00:00+00:00,8.7,174,400
2023-05-03 21:00:00+00:00,6.4,37,400
2023-05-03 22:00:00+00:00,4.7,1,400
2023-05-03 23:00:00+00:00,4.6,0,400
2023-05-04 00:00:00+00:00,4,0,400
2023-05-04 01:00:00+00:00,3.2,0,400
2023-05-04 02:00:00+00:00,2.2,0,400
2023-05-04 03:00:00+00:00,1.6,0,400
2023-05-04 04:00:00+00:00,1.7,0,400
2023-05-04 05:00:00+00:00,2.7,0,400
2023-05-04 06:00:00+00:00,5.5,7,400
2023-05-04 07:00:00+00:00,7.5,75,400
2023-05-04 08:00:00+00:00,8.6,181,400
2023-05-04 09:00:00+00:00,9.7,292,400
2023-05-04 10:00:00+00:00,10.2,315,400
2023-05-04 11:00:00+00:00,10.8,377,400
2023-05-04 12:00:00+00:00,11.7,306,400
2023-05-04 13:00:00+00:00,12.1,333,400
2023-05-04 14:00:00+00:00,12.1,428,400
2023-05-04 15:00:00+00:00,12,467,400
2023-05-04 16:00:00+00:00,11.4,373,400
2023-05-04 17:00:00+00:00,10.9,381,400
2023-05-04 18:00:00+00:00,10.3,187,400
2023-05-04 19:00:00+00:00,10,132,400
2023-05-04 20:00:00+00:00,9.6,58,400
2023-05-04 21:00:00+00:00,9.5,14,400
2023-05-04 22:00:00+00:00,8.7,0,400
2023-05-04 23:00:00+00:00,7.5,0,400
2023-05-05 00:00:00+00:00,7,0,400
2023-05-05 01:00:00+00:00,6.8,0,400
2023-05-05 02:00:00+00:00,6.5,0,400
2023-05-05 03:00:00+00:00,6.6,0,400
2023-05-05 04:00:00+00:00,6.7,0,400
2023-05-05 05:00:00+00:00,6.7,0,400
2023-05-05 06:00:00+00:00,7,7,400
2023-05-05 07:00:00+00:00,7.4,49,400
2023-05-05 08:00:00+00:00,7.8,109,400
2023-05-05 09:00:00+00:00,7.9,212,400
2023-05-05 10:00:00+00:00,8.3,269,400
2023-05-05 11:00:00+00:00,8.2,341,400
2023-05-05 12:00:00+00:00,8.3,564,400
2023-05-05 13:00:00+00:00,8.4,567,400
2023-05-05 14:00:00+00:00,8.2,677,400
2023-05-05 15:00:00+00:00,7.6,596,400
2023-05-05 16:00:00+00:00,7.2,467,400
2023-05-05 17:00:00+00:00,6.7,344,400
2023-05-05 18:00:00+00:00,6.4,243,400
2023-05-05 19:00:00+00:00,5.8,122,400
2023-05-05 20:00:00+00:00,5.4,91,400
2023-05-05 21:00:00+00:00,5.3,28,400
2023-05-05 22:00:00+00:00,5.3,0,400
2023-05-05 23:00:00+00:00,5.3,0,400
2023-05-06 00:00:00+00:00,5.2,0,400
2023-05-06 01:00:00+00:00,5,0,400
2023-05-06 02:00:00+00:00,4.7,0,400
2023-05-06 03:00:00+00:00,4.7,0,400
2023-05-06 04:00:00+00:00,4.9,0,400
2023-05-06 05:00:00+00:00,5,0,400
2023-05-06 06:00:00+00:00,5.5,1,400
2023-05-06 07:00:00+00:00,6.3,22,400
2023-05-06 08:00:00+00:00,6.6,52,400
2023-05-06 09:00:00+00:00,7,123,400
2023-05-06 10:00:00+00:00,7.5,90,400
2023-05-06 11:00:00+00:00,7.8,118,400
2023-05-06 12:00:00+00:00,7.9,133,400
2023-05-06 13:00:00+00:00,7.7,156,400
2023-05-06 14:00:00+00:00,8,183,400
2023-05-06 15:00:00+00:00,8.1,213,400
2023-05-06 16:00:00+00:00,8.1,279,400
2023-05-06 17:00:00+00:00,7.9,298,400
2023-05-06 18:00:00+00:00,7.2,217,400
2023-05-06 19:00:00+00:00,6.9,193,400
2023-05-06 20:00:00+00:00,6.6,48,400
2023-05-06 21:00:00+00:00,6.2,15,400
2023-05-06 22:00:00+00:00,6,1,400
2023-05-06 23:00:00+00:00,5.8,0,400
2023-05-07 00:00:00+00:00,5.8,0,400
2023-05-07 01:00:00+00:00,6.1,0,400
2023-05-07 02:00:00+00:00,6.3,0,400
2023-05-07 03:00:00+00:00,6.4,0,400
2023-05-07 04:00:00+00:00,6.1,0,400
2023-05-07 05:00:00+00:00,6.3,0,400
2023-05-07 06:00:00+00:00,6.8,6,400
2023-05-07 07:00:00+00:00,7.8,80,400
2023-05-07 08:00:00+00:00,9.5,149,400
2023-05-07 09:00:00+00:00,10.5,345,400
2023-05-07 10:00:00+00:00,11.4,533,400
2023-05-07 11:00:00+00:00,12.1,624,400
2023-05-07 12:00:00+00:00,13.2,672,400
2023-05-07 13:00:00+00:00,13.7,712,400
2023-05-07 14:00:00+00:00,13.9,709,400
2023-05-07 15:00:00+00:00,13.8,640,400
2023-05-07 16:00:00+00:00,13.6,630,400
2023-05-07 17:00:00+00:00,12.9,560,400
2023-05-07 18:00:00+00:00,12,442,400
2023-05-07 19:00:00+00:00,10.8,334,400
2023-05-07 20:00:00+00:00,9.7,186,400
2023-05-07 21:00:00+00:00,9,48,400
2023-05-07 22:00:00+00:00,8.5,1,400
2023-05-07 23:00:00+00:00,8,0,400
2023-05-08 00:00:00+00:00,7.7,0,400
2023-05-08 01:00:00+00:00,7.5,0,400
2023-05-08 02:00:00+00:00,7.3,0,400
2023-05-08 03:00:00+00:00,6.8,0,400
2023-05-08 04:00:00+00:00,6.5,0,400
2023-05-08 05:00:00+00:00,7.4,0,400
2023-05-08 06:00:00+00:00,9.6,14,400
2023-05-08 07:00:00+00:00,11,118,400
2023-05-08 08:00:00+00:00,11.7,279,400
2023-05-08 09:00:00+00:00,12.6,438,400
2023-05-08 10:00:00+00:00,13.4,564,400
2023-05-08 11:00:00+00:00,13.9,644,400
2023-05-08 12:00:00+00:00,14.7,716,400
2023-05-08 13:00:00+00:00,15.3,737,400
2023-05-08 14:00:00+00:00,16.1,730,400
2023-05-08 15:00:00+00:00,16.4,659,400
2023-05-08 16:00:00+00:00,16.4,643,400
2023-05-08 17:00:00+00:00,15.2,574,400
2023-05-08 18:00:00+00:00,13.9,445,400
2023-05-08 19:00:00+00:00,12.1,342,400
2023-05-08 20:00:00+00:00,10.9,186,400
2023-05-08 21:00:00+00:00,10.5,41,400
2023-05-08 22:00:00+00:00,10.3,1,400
2023-05-08 23:00:00+00:00,10.3,0,400
2023-05-09 00:00:00+00:00,10.4,0,400
2023-05-09 01:00:00+00:00,10.7,0,400
2023-05-09 02:00:00+00:00,10.6,0,400
2023-05-09 03:00:00+00:00,10.1,0,400
2023-05-09 04:00:00+00:00,9.6,0,400
2023-05-09 05:00:00+00:00,9.5,0,400
2023-05-09 06:00:00+00:00,10.3,12,400
2023-05-09 07:00:00+00:00,11.8,81,400
2023-05-09 08:00:00+00:00,13.2,249,400
2023-05-09 09:00:00+00:00,14.3,435,400
2023-05-09 10:00:00+00:00,15,566,400
2023-05-09 11:00:00+00:00,15.8,640,400
2023-05-09 12:00:00+00:00,16.8,706,400
2023-05-09 13:00:00+00:00,17.2,732,400
2023-05-09 14:00:00+00:00,17.5,706,400
2023-05-09 15:00:00+00:00,17.8,628,400
2023-05-09 16:00:00+00:00,17.6,595,400
2023-05-09 17:00:00+00:00,17.3,475,400
2023-05-09 18:00:00+00:00,16.7,357,400
2023-05-09 19:00:00+00:00,15.2,245,400
2023-05-09 20:00:00+00:00,13.3,152,400
2023-05-09 21:00:00+00:00,12,51,400
2023-05-09 22:00:00+00:00,12.1,1,400
2023-05-09 23:00:00+00:00,12.4,0,400
2023-05-10 00:00:00+00:00,12.4,0,400
2023-05-10 01:00:00+00:00,11.9,0,400
2023-05-10 02:00:00+00:00,11.3,0,400
2023-05-10 03:00:00+00:00,10.2,0,400
2023-05-10 04:00:00+00:00,9.8,0,400
2023-05-10 05:00:00+00:00,10.6,0,400
2023-05-10 06:00:00+00:00,12,17,400
2023-05-10 07:00:00+00:00,13.5,113,400
2023-05-10 08:00:00+00:00,14.5,280,400
2023-05-10 09:00:00+00:00,15.3,440,400
2023-05-10 10:00:00+00:00,15.8,580,400
2023-05-10 11:00:00+00:00,16.4,604,400
2023-05-10 12:00:00+00:00,17.1,685,400
2023-05-10 13:00:00+00:00,17,738,400
2023-05-10 14:00:00+00:00,17,728,400
2023-05-10 15:00:00+00:00,16.8,654,400
2023-05-10 16:00:00+00:00,16.6,496,400
2023-05-10 17:00:00+00:00,15.5,234,400
2023-05-10 18:00:00+00:00,14.1,89,400
2023-05-10 19:00:00+00:00,13.5,27,400
2023-05-10 20:00:00+00:00,13,21,400
2023-05-10 21:00:00+00:00,12.8,10,400
2023-05-10 22:00:00+00:00,12.5,0,400
2023-05-10 23:00:00+00:00,12.1,0,400
2023-05-11 00:00:00+00:00,12.3,0,400
2023-05-11 01:00:00+00:00,12.3,0,400
2023-05-11 02:00:00+00:00,11.5,0,400
2023-05-11 03:00:00+00:00,10.9,0,400
2023-05-11 04:00:00+00:00,10.9,0,400
2023-05-11 05:00:00+00:00,11.4,0,400
2023-05-11 06:00:00+00:00,11.5,7,400
2023-05-11 07:00:00+00:00,11.8,26,400
2023-05-11 08:00:00+00:00,12,41,400
2023-05-11 09:00:00+00:00,12.9,51,400
2023-05-11 10:00:00+00:00,13.4,135,400
2023-05-11 11:00:00+00:00,14.3,195,400
2023-05-11 12:00:00+00:00,15.3,175,400
2023-05-11 13:00:00+00:00,16.3,269,400
2023-05-11 14:00:00+00:00,17.8,298,400
2023-05-11 15:00:00+00:00,18.1,416,400
2023-05-11 16:00:00+00:00,18,624,400
2023-05-11 17:00:00+00:00,18.2,489,400
2023-05-11 18:00:00+00:00,17.2,391,400
2023-05-11 19:00:00+00:00,15.6,278,400
2023-05-11 20:00:00+00:00,13.9,198,400
2023-05-11 21:00:00+00:00,13.2,47,400
2023-05-11 22:00:00+00:00,12.7,3,400
2023-05-11 23:00:00+00:00,13,0,400
2023-05-12 00:00:00+00:00,13.1,0,400
2023-05-12 01:00:00+00:00,12.9,0,400
2023-05-12 02:00:00+00:00,12.9,0,400
2023-05-12 03:00:00+00:00,12.3,0,400
2023-05-12 04:00:00+00:00,11.4,0,400
2023-05-12 05:00:00+00:00,11.4,0,400
2023-05-12 06:00:00+00:00,12.8,13,400
2023-05-12 07:00:00+00:00,14.5,91,400
2023-05-12 08:00:00+00:00,16.5,288,400
2023-05-12 09:00:00+00:00,17.7,415,400
2023-05-12 10:00:00+00:00,19,545,400
2023-05-12 11:00:00+00:00,19.6,626,400
2023-05-12 12:00:00+00:00,20,698,400
2023-05-12 13:00:00+00:00,20.1,728,400
2023-05-12 14:00:00+00:00,19.9,722,400
2023-05-12 15:00:00+00:00,19.6,650,400
2023-05-12 16:00:00+00:00,19.1,637,400
2023-05-12 17:00:00+00:00,18.6,570,400
2023-05-12 18:00:00+00:00,17.9,446,400
2023-05-12 19:00:00+00:00,16.2,343,400
2023-05-12 20:00:00+00:00,13.7,197,400
2023-05-12 21:00:00+00:00,10.7,69,400
2023-05-12 22:00:00+00:00,9.7,3,400
2023-05-12 23:00:00+00:00,8.8,0,400
2023-05-13 00:00:00+00:00,8.3,0,400
2023-05-13 01:00:00+00:00,7.8,0,400
2023-05-13 02:00:00+00:00,7.6,0,400
2023-05-13 03:00:00+00:00,7.2,0,400
2023-05-13 04:00:00+00:00,7.1,0,400
2023-05-13 05:00:00+00:00,9.2,0,400
2023-05-13 06:00:00+00:00,10.9,19,400
2023-05-13 07:00:00+00:00,13,126,400
2023-05-13 08:00:00+00:00,15.6,278,400
2023-05-13 09:00:00+00:00,17.3,427,400
2023-05-13 10:00:00+00:00,19,553,400
2023-05-13 11:00:00+00:00,20.1,630,400
2023-05-13 12:00:00+00:00,20.4,701,400
2023-05-13 13:00:00+00:00,20.3,734,400
2023-05-13 14:00:00+00:00,20.4,731,400
2023-05-13 15:00:00+00:00,20.1,656,400
2023-05-13 16:00:00+00:00,20.1,638,400
2023-05-13 17:00:00+00:00,19.5,567,400
2023-05-13 18:00:00+00:00,18.8,424,400
2023-05-13 19:00:00+00:00,17.4,326,400
2023-05-13 20:00:00+00:00,15.1,180,400
2023-05-13 21:00:00+00:00,13.5,59,400
2023-05-13 22:00:00+00:00,12.3,3,400
2023-05-13 23:00:00+00:00,11.2,0,400
2023-05-14 00:00:00+00:00,10,0,400
2023-05-14 01:00:00+00:00,10.4,0,400
2023-05-14 02:00:00+00:00,10.1,0,400
2023-05-14 03:00:00+00:00,8.4,0,400
2023-05-14 04:00:00+00:00,7.2,0,400
2023-05-14 05:00:00+00:00,8.7,0,400
2023-05-14 06:00:00+00:00,11.4,17,400
2023-05-14 07:00:00+00:00,14.8,87,400
2023-05-14 08:00:00+00:00,17.4,253,400
2023-05-14 09:00:00+00:00,17.5,389,400
2023-05-14 10:00:00+00:00,18.4,360,400
2023-05-14 11:00:00+00:00,20.2,411,400
2023-05-14 12:00:00+00:00,20.9,695,400
2023-05-14 13:00:00+00:00,21,724,400
2023-05-14 14:00:00+00:00,21.1,788,400
2023-05-14 15:00:00+00:00,21,650,400
2023-05-14 16:00:00+00:00,20.7,599,400
2023-05-14 17:00:00+00:00,20.3,517,400
2023-05-14 18:00:00+00:00,19.1,361,400
2023-05-14 19:00:00+00:00,17.8,314,400
2023-05-14 20:00:00+00:00,15,156,400
2023-05-14 21:00:00+00:00,13.3,51,400
2023-05-14 22:00:00+00:00,12,2,400
2023-05-14 23:00:00+00:00,10.8,0,400
2023-05-15 00:00:00+00:00,9.6,0,400
2023-05-15 01:00:00+00:00,8.8,0,400
2023-05-15 02:00:00+00:00,9.6,0,400
2023-05-15 03:00:00+00:00,10.7,0,400
2023-05-15 04:00:00+00:00,10.9,0,400
2023-05-15 05:00:00+00:00,9.7,0,400
2023-05-15 06:00:00+00:00,12.2,19,400
2023-05-15 07:00:00+00:00,15.2,79,400
2023-05-15 08:00:00+00:00,17,271,400
2023-05-15 09:00:00+00:00,18.5,279,400
2023-05-15 10:00:00+00:00,19.2,481,400
2023-05-15 11:00:00+00:00,19.6,592,400
2023-05-15 12:00:00+00:00,20.5,657,400
2023-05-15 13:00:00+00:00,20.9,603,400
2023-05-15 14:00:00+00:00,20,695,400
2023-05-15 15:00:00+00:00,19,651,400
2023-05-15 16:00:00+00:00,18.2,295,400
2023-05-15 17:00:00+00:00,17.8,181,400
2023-05-15 18:00:00+00:00,16.8,118,400
2023-05-15 19:00:00+00:00,15.8,86,400
2023-05-15 20:00:00+00:00,14.5,58,400
2023-05-15 21:00:00+00:00,13.6,20,400
2023-05-15 22:00:00+00:00,11.8,2,400
2023-05-15 23:00:00+00:00,10.5,0,400
2023-05-16 00:00:00+00:00,9.4,0,400
2023-05-16 01:00:00+00:00,9.1,0,400
2023-05-16 02:00:00+00:00,8.9,0,400
2023-05-16 03:00:00+00:00,8.5,0,400
2023-05-16 04:00:00+00:00,8.7,0,400
2023-05-16 05:00:00+00:00,9,0,400
2023-05-16 06:00:00+00:00,9.4,8,400
2023-05-16 07:00:00+00:00,9.3,47,400
2023-05-16 08:00:00+00:00,9,119,400
2023-05-16 09:00:00+00:00,9.3,91,400
2023-05-16 10:00:00+00:00,9.5,96,400
2023-05-16 11:00:00+00:00,9.9,147,400
2023-05-16 12:00:00+00:00,9.9,171,400
2023-05-16 13:00:00+00:00,9.9,208,400
2023-05-16 14:00:00+00:00,10.2,156,400
2023-05-16 15:00:00+00:00,10.4,147,400
2023-05-16 16:00:00+00:00,10.3,190,400
2023-05-16 17:00:00+00:00,10.4,145,400
2023-05-16 18:00:00+00:00,9.8,74,400
2023-05-16 19:00:00+00:00,9.4,42,400
2023-05-16 20:00:00+00:00,9.4,34,400
2023-05-16 21:00:00+00:00,9.1,25,400
2023-05-16 22:00:00+00:00,8.5,4,400
2023-05-16 23:00:00+00:00,7.7,0,400
2023-05-17 00:00:00+00:00,6.6,0,400
2023-05-17 01:00:00+00:00,5.8,0,400
2023-05-17 02:00:00+00:00,5.3,0,400
2023-05-17 03:00:00+00:00,5.8,0,400
2023-05-17 04:00:00+00:00,6.1,0,400
2023-05-17 05:00:00+00:00,6.3,0,400
2023-05-17 06:00:00+00:00,6.6,15,400
2023-05-17 07:00:00+00:00,7.3,92,400
2023-05-17 08:00:00+00:00,8.2,154,400
2023-05-17 09:00:00+00:00,9.3,310,400
2023-05-17 10:00:00+00:00,10.2,477,400
2023-05-17 11:00:00+00:00,11,491,400
2023-05-17 12:00:00+00:00,11.6,676,400
2023-05-17 13:00:00+00:00,11.8,715,400
2023-05-17 14:00:00+00:00,11.9,666,400
2023-05-17 15:00:00+00:00,11.9,570,400
2023-05-17 16:00:00+00:00,11.5,575,400
2023-05-17 17:00:00+00:00,11.1,515,400
2023-05-17 18:00:00+00:00,10.2,328,400
2023-05-17 19:00:00+00:00,8.8,320,400
2023-05-17 20:00:00+00:00,7.1,206,400
2023-05-17 21:00:00+00:00,6,77,400
2023-05-17 22:00:00+00:00,5,5,400
2023-05-17 23:00:00+00:00,4.4,0,400
2023-05-18 00:00:00+00:00,3.8,0,400
2023-05-18 01:00:00+00:00,2.6,0,400
2023-05-18 02:00:00+00:00,2.3,0,400
2023-05-18 03:00:00+00:00,2.3,0,400
2023-05-18 04:00:00+00:00,2.4,0,400
2023-05-18 05:00:00+00:00,3.2,0,400
2023-05-18 06:00:00+00:00,5.8,32,400
2023-05-18 07:00:00+00:00,7.2,153,400
2023-05-18 08:00:00+00:00,8.6,269,400
2023-05-18 09:00:00+00:00,10.1,370,400
2023-05-18 10:00:00+00:00,11.2,535,400
2023-05-18 11:00:00+00:00,12.4,690,400
2023-05-18 12:00:00+00:00,13.2,753,400
2023-05-18 13:00:00+00:00,14.3,819,400
2023-05-18 14:00:00+00:00,14.6,660,400
2023-05-18 15:00:00+00:00,14.8,651,400
2023-05-18 16:00:00+00:00,14.9,732,400
2023-05-18 17:00:00+00:00,14.9,636,400
2023-05-18 18:00:00+00:00,14.5,497,400
2023-05-18 19:00:00+00:00,13,348,400
2023-05-18 20:00:00+00:00,11,198,400
2023-05-18 21:00:00+00:00,8.6,74,400
2023-05-18 22:00:00+00:00,7.1,6,400
2023-05-18 23:00:00+00:00,6.1,0,400
2023-05-19 00:00:00+00:00,5.2,0,400
2023-05-19 01:00:00+00:00,4.4,0,400
2023-05-19 02:00:00+00:00,4.1,0,400
2023-05-19 03:00:00+00:00,3.5,0,400
2023-05-19 04:00:00+00:00,3.7,0,400
2023-05-19 05:00:00+00:00,6.1,0,400
2023-05-19 06:00:00+00:00,8.8,30,400
2023-05-19 07:00:00+00:00,10.8,138,400
2023-05-19 08:00:00+00:00,10.9,262,400
2023-05-19 09:00:00+00:00,11.8,408,400
2023-05-19 10:00:00+00:00,12.9,272,400
2023-05-19 11:00:00+00:00,13.9,375,400
2023-05-19 12:00:00+00:00,14.4,479,400
2023-05-19 13:00:00+00:00,15.1,565,400
2023-05-19 14:00:00+00:00,15.5,622,400
2023-05-19 15:00:00+00:00,14.9,727,400
2023-05-19 16:00:00+00:00,14.8,613,400
2023-05-19 17:00:00+00:00,14.7,496,400
2023-05-19 18:00:00+00:00,14.2,493,400
2023-05-19 19:00:00+00:00,13.1,370,400
2023-05-19 20:00:00+00:00,11.1,214,400
2023-05-19 21:00:00+00:00,9.1,79,400
2023-05-19 22:00:00+00:00,7.2,7,400
2023-05-19 23:00:00+00:00,6.2,0,400
2023-05-20 00:00:00+00:00,5.2,0,400
2023-05-20 01:00:00+00:00,4.9,0,400
2023-05-20 02:00:00+00:00,4.3,0,400
2023-05-20 03:00:00+00:00,4.5,0,400
2023-05-20 04:00:00+00:00,4.4,0,400
2023-05-20 05:00:00+00:00,6.7,0,400
2023-05-20 06:00:00+00:00,9.8,24,400
2023-05-20 07:00:00+00:00,12.3,136,400
2023-05-20 08:00:00+00:00,14.1,300,400
2023-05-20 09:00:00+00:00,15,441,400
2023-05-20 10:00:00+00:00,15.5,578,400
2023-05-20 11:00:00+00:00,16,678,400
2023-05-20 12:00:00+00:00,16.4,742,400
2023-05-20 13:00:00+00:00,16.4,763,400
2023-05-20 14:00:00+00:00,16.2,800,400
2023-05-20 15:00:00+00:00,16.1,706,400
2023-05-20 16:00:00+00:00,16,585,400
2023-05-20 17:00:00+00:00,15.7,610,400
2023-05-20 18:00:00+00:00,15.2,508,400
2023-05-20 19:00:00+00:00,14.1,386,400
2023-05-20 20:00:00+00:00,12.1,221,400
2023-05-20 21:00:00+00:00,10.9,76,400
2023-05-20 22:00:00+00:00,10.1,7,400
2023-05-20 23:00:00+00:00,9.4,0,400
2023-05-21 00:00:00+00:00,9.5,0,400
2023-05-21 01:00:00+00:00,9.9,0,400
2023-05-21 02:00:00+00:00,10.1,0,400
2023-05-21 03:00:00+00:00,9.8,0,400
2023-05-21 04:00:00+00:00,9.6,0,400
2023-05-21 05:00:00+00:00,10.2,0,400
2023-05-21 06:00:00+00:00,11.9,15,400
2023-05-21 07:00:00+00:00,13.5,99,400
2023-05-21 08:00:00+00:00,14.9,278,400
2023-05-21 09:00:00+00:00,15.5,493,400
2023-05-21 10:00:00+00:00,16.9,522,400
2023-05-21 11:00:00+00:00,18.7,462,400
2023-05-21 12:00:00+00:00,20.1,659,400
2023-05-21 13:00:00+00:00,20.5,627,400
2023-05-21 14:00:00+00:00,20.4,590,400
2023-05-21 15:00:00+00:00,19.9,574,400
2023-05-21 16:00:00+00:00,19.2,467,400
2023-05-21 17:00:00+00:00,18.5,322,400
2023-05-21 18:00:00+00:00,17.5,281,400
2023-05-21 19:00:00+00:00,16.6,168,400
2023-05-21 20:00:00+00:00,15.3,89,400
2023-05-21 21:00:00+00:00,14.5,47,400
2023-05-21 22:00:00+00:00,14.8,8,400
2023-05-21 23:00:00+00:00,14.6,0,400
2023-05-22 00:00:00+00:00,14,0,400
2023-05-22 01:00:00+00:00,13,0,400
2023-05-22 02:00:00+00:00,13.2,0,400
2023-05-22 03:00:00+00:00,13.6,0,400
2023-05-22 04:00:00+00:00,13.7,0,400
2023-05-22 05:00:00+00:00,13.9,0,400
2023-05-22 06:00:00+00:00,14.4,19,400
2023-05-22 07:00:00+00:00,15.2,76,400
2023-05-22 08:00:00+00:00,16.6,163,400
2023-05-22 09:00:00+00:00,17.3,274,400
2023-05-22 10:00:00+00:00,20,465,400
2023-05-22 11:00:00+00:00,21.4,514,400
2023-05-22 12:00:00+00:00,21.1,773,400
2023-05-22 13:00:00+00:00,21.5,717,400
2023-05-22 14:00:00+00:00,21.1,776,400
2023-05-22 15:00:00+00:00,20.8,719,400
2023-05-22 16:00:00+00:00,20,411,400
2023-05-22 17:00:00+00:00,19.4,299,400
2023-05-22 18:00:00+00:00,18.4,248,400
2023-05-22 19:00:00+00:00,17.4,116,400
2023-05-22 20:00:00+00:00,16.1,63,400
2023-05-22 21:00:00+00:00,15.4,22,400
2023-05-22 22:00:00+00:00,14.9,2,400
2023-05-22 23:00:00+00:00,14.3,0,400
2023-05-23 00:00:00+00:00,13.5,0,400
2023-05-23 01:00:00+00:00,13.2,0,400
2023-05-23 02:00:00+00:00,12.9,0,400
2023-05-23 03:00:00+00:00,12.8,0,400
2023-05-23 04:00:00+00:00,12.5,0,400
2023-05-23 05:00:00+00:00,12.2,0,400
2023-05-23 06:00:00+00:00,13.5,19,400
2023-05-23 07:00:00+00:00,13.9,53,400
2023-05-23 08:00:00+00:00,12.8,160,400
2023-05-23 09:00:00+00:00,11.5,90,400
2023-05-23 10:00:00+00:00,10.9,63,400
2023-05-23 11:00:00+00:00,10.8,61,400
2023-05-23 12:00:00+00:00,11.6,142,400
2023-05-23 13:00:00+00:00,13.1,204,400
2023-05-23 14:00:00+00:00,13.8,391,400
2023-05-23 15:00:00+00:00,13.3,518,400
2023-05-23 16:00:00+00:00,12.5,577,400
2023-05-23 17:00:00+00:00,11.8,424,400
2023-05-23 18:00:00+00:00,11.4,242,400
2023-05-23 19:00:00+00:00,10.9,109,400
2023-05-23 20:00:00+00:00,10.6,41,400
2023-05-23 21:00:00+00:00,10.2,20,400
2023-05-23 22:00:00+00:00,9.2,3,400
2023-05-23 23:00:00+00:00,8.8,0,400
2023-05-24 00:00:00+00:00,8.8,0,400
2023-05-24 01:00:00+00:00,9,0,400
2023-05-24 02:00:00+00:00,9.2,0,400
2023-05-24 03:00:00+00:00,9.3,0,400
2023-05-24 04:00:00+00:00,9.5,0,400
2023-05-24 05:00:00+00:00,9.8,0,400
2023-05-24 06:00:00+00:00,10.7,18,400
2023-05-24 07:00:00+00:00,11.4,122,400
2023-05-24 08:00:00+00:00,12.4,166,400
2023-05-24 09:00:00+00:00,13.5,115,400
2023-05-24 10:00:00+00:00,14.4,333,400
2023-05-24 11:00:00+00:00,15.5,505,400
2023-05-24 12:00:00+00:00,15.9,422,400
2023-05-24 13:00:00+00:00,16.7,542,400
2023-05-24 14:00:00+00:00,17.3,270,400
2023-05-24 15:00:00+00:00,18.2,533,400
2023-05-24 16:00:00+00:00,18.6,522,400
2023-05-24 17:00:00+00:00,18.3,639,400
2023-05-24 18:00:00+00:00,18.3,565,400
2023-05-24 19:00:00+00:00,16.9,334,400
2023-05-24 20:00:00+00:00,15.3,248,400
2023-05-24 21:00:00+00:00,14.6,86,400
2023-05-24 22:00:00+00:00,12.9,12,400
2023-05-24 23:00:00+00:00,11.2,0,400
2023-05-25 00:00:00+00:00,9.8,0,400
2023-05-25 01:00:00+00:00,8.9,0,400
2023-05-25 02:00:00+00:00,8.1,0,400
2023-05-25 03:00:00+00:00,7.7,0,400
2023-05-25 04:00:00+00:00,7.7,0,400
2023-05-25 05:00:00+00:00,8.5,1,400
2023-05-25 06:00:00+00:00,10,34,400
2023-05-25 07:00:00+00:00,11.2,148,400
2023-05-25 08:00:00+00:00,12.2,278,400
2023-05-25 09:00:00+00:00,13.3,451,400
2023-05-25 10:00:00+00:00,14.2,583,400
2023-05-25 11:00:00+00:00,15.1,694,400
2023-05-25 12:00:00+00:00,16.1,777,400
2023-05-25 13:00:00+00:00,17,828,400
2023-05-25 14:00:00+00:00,17.6,851,400
2023-05-25 15:00:00+00:00,17.7,817,400
2023-05-25 16:00:00+00:00,17.4,747,400
2023-05-25 17:00:00+00:00,16.6,655,400
2023-05-25 18:00:00+00:00,15.4,511,400
2023-05-25 19:00:00+00:00,13.7,381,400
2023-05-25 20:00:00+00:00,11.8,215,400
2023-05-25 21:00:00+00:00,10.2,82,400
2023-05-25 22:00:00+00:00,8.8,11,400
2023-05-25 23:00:00+00:00,7.8,0,400
2023-05-26 00:00:00+00:00,6.9,0,400
2023-05-26 01:00:00+00:00,6.7,0,400
2023-05-26 02:00:00+00:00,6.2,0,400
2023-05-26 03:00:00+00:00,4.7,0,400
2023-05-26 04:00:00+00:00,4.5,0,400
2023-05-26 05:00:00+00:00,6.1,0,400
2023-05-26 06:00:00+00:00,8,26,400
2023-05-26 07:00:00+00:00,10.4,120,400
2023-05-26 08:00:00+00:00,11.6,260,400
2023-05-26 09:00:00+00:00,12.4,415,400
2023-05-26 10:00:00+00:00,13.4,558,400
2023-05-26 11:00:00+00:00,14.2,612,400
2023-05-26 12:00:00+00:00,14.6,707,400
2023-05-26 13:00:00+00:00,15.4,741,400
2023-05-26 14:00:00+00:00,16,723,400
2023-05-26 15:00:00+00:00,16.2,781,400
2023-05-26 16:00:00+00:00,16,779,400
2023-05-26 17:00:00+00:00,15.5,662,400
2023-05-26 18:00:00+00:00,14.8,489,400
2023-05-26 19:00:00+00:00,13.8,333,400
2023-05-26 20:00:00+00:00,12.1,212,400
2023-05-26 21:00:00+00:00,10.4,92,400
2023-05-26 22:00:00+00:00,9.3,12,400
2023-05-26 23:00:00+00:00,8.4,0,400
2023-05-27 00:00:00+00:00,7.5,0,400
2023-05-27 01:00:00+00:00,6.3,0,400
2023-05-27 02:00:00+00:00,5.8,0,400
2023-05-27 03:00:00+00:00,5.2,0,400
2023-05-27 04:00:00+00:00,4.8,0,400
2023-05-27 05:00:00+00:00,5.8,1,400
2023-05-27 06:00:00+00:00,7.7,33,400
2023-05-27 07:00:00+00:00,9.6,139,400
2023-05-27 08:00:00+00:00,11.3,278,400
2023-05-27 09:00:00+00:00,12.8,434,400
2023-05-27 10:00:00+00:00,14.2,552,400
2023-05-27 11:00:00+00:00,15.4,635,400
2023-05-27 12:00:00+00:00,16.3,753,400
2023-05-27 13:00:00+00:00,17.1,806,400
2023-05-27 14:00:00+00:00,17.6,820,400
2023-05-27 15:00:00+00:00,18,788,400
2023-05-27 16:00:00+00:00,18.2,732,400
2023-05-27 17:00:00+00:00,17.9,647,400
2023-05-27 18:00:00+00:00,17.2,517,400
2023-05-27 19:00:00+00:00,15.7,384,400
2023-05-27 20:00:00+00:00,13.3,223,400
2023-05-27 21:00:00+00:00,11.5,91,400
2023-05-27 22:00:00+00:00,10.2,12,400
2023-05-27 23:00:00+00:00,9,0,400
2023-05-28 00:00:00+00:00,7.9,0,400
2023-05-28 01:00:00+00:00,8,0,400
2023-05-28 02:00:00+00:00,8.2,0,400
2023-05-28 03:00:00+00:00,8.2,0,400
2023-05-28 04:00:00+00:00,8.3,0,400
2023-05-28 05:00:00+00:00,8.6,0,400
2023-05-28 06:00:00+00:00,9.6,28,400
2023-05-28 07:00:00+00:00,11.4,62,400
2023-05-28 08:00:00+00:00,13.2,205,400
2023-05-28 09:00:00+00:00,14.8,375,400
2023-05-28 10:00:00+00:00,16.3,537,400
2023-05-28 11:00:00+00:00,16.8,649,400
2023-05-28 12:00:00+00:00,16.2,701,400
2023-05-28 13:00:00+00:00,16.6,583,400
2023-05-28 14:00:00+00:00,16.6,308,400
2023-05-28 15:00:00+00:00,17.1,404,400
2023-05-28 16:00:00+00:00,17.4,411,400
2023-05-28 17:00:00+00:00,17,295,400
2023-05-28 18:00:00+00:00,15.7,395,400
2023-05-28 19:00:00+00:00,14.3,441,400
2023-05-28 20:00:00+00:00,12.3,248,400
2023-05-28 21:00:00+00:00,10.5,101,400
2023-05-28 22:00:00+00:00,9.6,11,400
2023-05-28 23:00:00+00:00,8.9,0,400
2023-05-29 00:00:00+00:00,8,0,400
2023-05-29 01:00:00+00:00,6.6,0,400
2023-05-29 02:00:00+00:00,6,0,400
2023-05-29 03:00:00+00:00,5.6,0,400
2023-05-29 04:00:00+00:00,5.8,0,400
2023-05-29 05:00:00+00:00,7.3,3,400
2023-05-29 06:00:00+00:00,9.7,64,400
2023-05-29 07:00:00+00:00,11.2,218,400
2023-05-29 08:00:00+00:00,12.8,324,400
2023-05-29 09:00:00+00:00,14.2,391,400
2023-05-29 10:00:00+00:00,15.3,577,400
2023-05-29 11:00:00+00:00,16,642,400
2023-05-29 12:00:00+00:00,16.5,785,400
2023-05-29 13:00:00+00:00,17.4,834,400
2023-05-29 14:00:00+00:00,17.8,848,400
2023-05-29 15:00:00+00:00,18.2,815,400
2023-05-29 16:00:00+00:00,18.3,752,400
2023-05-29 17:00:00+00:00,17.8,670,400
2023-05-29 18:00:00+00:00,16.5,517,400
2023-05-29 19:00:00+00:00,14.8,325,400
2023-05-29 20:00:00+00:00,13,203,400
2023-05-29 21:00:00+00:00,11.7,79,400
2023-05-29 22:00:00+00:00,10.6,14,400
2023-05-29 23:00:00+00:00,9.7,0,400
2023-05-30 00:00:00+00:00,9,0,400
2023-05-30 01:00:00+00:00,9.6,0,400
2023-05-30 02:00:00+00:00,10,0,400
2023-05-30 03:00:00+00:00,9.8,0,400
2023-05-30 04:00:00+00:00,9.8,0,400
2023-05-30 05:00:00+00:00,10.3,1,400
2023-05-30 06:00:00+00:00,11.1,22,400
2023-05-30 07:00:00+00:00,11.7,109,400
2023-05-30 08:00:00+00:00,12.4,176,400
2023-05-30 09:00:00+00:00,13.2,273,400
2023-05-30 10:00:00+00:00,14.6,326,400
2023-05-30 11:00:00+00:00,16.1,483,400
2023-05-30 12:00:00+00:00,16.9,736,400
2023-05-30 13:00:00+00:00,17.9,807,400
2023-05-30 14:00:00+00:00,18.3,813,400
2023-05-30 15:00:00+00:00,19,815,400
2023-05-30 16:00:00+00:00,19.3,698,400
2023-05-30 17:00:00+00:00,19,676,400
2023-05-30 18:00:00+00:00,18.5,541,400
2023-05-30 19:00:00+00:00,17,408,400
2023-05-30 20:00:00+00:00,15.2,243,400
2023-05-30 21:00:00+00:00,13.2,111,400
2023-05-30 22:00:00+00:00,12,17,400
2023-05-30 23:00:00+00:00,11.8,0,400
2023-05-31 00:00:00+00:00,11.2,0,400
2023-05-31 01:00:00+00:00,11,0,400
2023-05-31 02:00:00+00:00,10.8,0,400
2023-05-31 03:00:00+00:00,10.3,0,400
2023-05-31 04:00:00+00:00,9.8,0,400
2023-05-31 05:00:00+00:00,10.9,2,400
2023-05-31 06:00:00+00:00,11.9,46,400
2023-05-31 07:00:00+00:00,12.6,169,400
2023-05-31 08:00:00+00:00,14,250,400
2023-05-31 09:00:00+00:00,15.5,370,400
2023-05-31 10:00:00+00:00,16.5,571,400
2023-05-31 11:00:00+00:00,17.5,650,400
2023-05-31 12:00:00+00:00,17.6,763,400
2023-05-31 13:00:00+00:00,18.5,808,400
2023-05-31 14:00:00+00:00,19.6,602,400
2023-05-31 15:00:00+00:00,20.1,726,400
2023-05-31 16:00:00+00:00,19.9,691,400
2023-05-31 17:00:00+00:00,19.7,682,400
2023-05-31 18:00:00+00:00,18.4,537,400
2023-05-31 19:00:00+00:00,16.3,407,400
2023-05-31 20:00:00+00:00,14,253,400
2023-05-31 21:00:00+00:00,11.9,85,400
2023-05-31 22:00:00+00:00,10.6,21,400
2023-05-31 23:00:00+00:00,9.6,0,400
2023-06-01 00:00:00+00:00,8.9,0,400
2023-06-01 01:00:00+00:00,8.7,0,400
2023-06-01 02:00:00+00:00,8.6,0,400
2023-06-01 03:00:00+00:00,8.4,0,400
2023-06-01 04:00:00+00:00,8.5,0,400
2023-06-01 05:00:00+00:00,9.4,1,400
2023-06-01 06:00:00+00:00,10.5,44,400
2023-06-01 07:00:00+00:00,11.8,166,400
2023-06-01 08:00:00+00:00,13,305,400
2023-06-01 09:00:00+00:00,13.6,458,400
2023-06-01 10:00:00+00:00,14.7,577,400
2023-06-01 11:00:00+00:00,16.2,661,400
2023-06-01 12:00:00+00:00,17.1,769,400
2023-06-01 13:00:00+00:00,18.1,821,400
2023-06-01 14:00:00+00:00,18.8,841,400
2023-06-01 15:00:00+00:00,19.3,822,400
2023-06-01 16:00:00+00:00,18,652,400
2023-06-01 17:00:00+00:00,16.7,588,400
2023-06-01 18:00:00+00:00,15.8,342,400
2023-06-01 19:00:00+00:00,14.7,240,400
2023-06-01 20:00:00+00:00,13.9,225,400
2023-06-01 21:00:00+00:00,13,67,400
2023-06-01 22:00:00+00:00,12.1,20,400
2023-06-01 23:00:00+00:00,11.2,0,400
2023-06-02 00:00:00+00:00,11.5,0,400
2023-06-02 01:00:00+00:00,11.9,0,400
2023-06-02 02:00:00+00:00,11.4,0,400
2023-06-02 03:00:00+00:00,11.2,0,400
2023-06-02 04:00:00+00:00,11.1,0,400
2023-06-02 05:00:00+00:00,11.3,1,400
2023-06-02 06:00:00+00:00,11.8,18,400
2023-06-02 07:00:00+00:00,12.7,163,400
2023-06-02 08:00:00+00:00,13.8,305,400
2023-06-02 09:00:00+00:00,14.7,459,400
2023-06-02 10:00:00+00:00,15.2,590,400
2023-06-02 11:00:00+00:00,16,663,400
2023-06-02 12:00:00+00:00,16.3,790,400
2023-06-02 13:00:00+00:00,16.3,846,400
2023-06-02 14:00:00+00:00,16.3,864,400
2023-06-02 15:00:00+00:00,16.5,818,400
2023-06-02 16:00:00+00:00,16.3,775,400
2023-06-02 17:00:00+00:00,15.8,692,400
2023-06-02 18:00:00+00:00,15,560,400
2023-06-02 19:00:00+00:00,14,426,400
2023-06-02 20:00:00+00:00,11.9,254,400
2023-06-02 21:00:00+00:00,9.5,116,400
2023-06-02 22:00:00+00:00,7.9,20,400
2023-06-02 23:00:00+00:00,6.7,0,400
2023-06-03 00:00:00+00:00,6.4,0,400
2023-06-03 01:00:00+00:00,5.7,0,400
2023-06-03 02:00:00+00:00,5.2,0,400
2023-06-03 03:00:00+00:00,4.7,0,400
2023-06-03 04:00:00+00:00,5.2,0,400
2023-06-03 05:00:00+00:00,8.7,2,400
2023-06-03 06:00:00+00:00,12.2,54,400
2023-06-03 07:00:00+00:00,14.1,168,400
2023-06-03 08:00:00+00:00,15.4,308,400
2023-06-03 09:00:00+00:00,16.2,452,400
2023-06-03 10:00:00+00:00,16.8,576,400
2023-06-03 11:00:00+00:00,17.6,663,400
2023-06-03 12:00:00+00:00,18.3,760,400
2023-06-03 13:00:00+00:00,18.1,826,400
2023-06-03 14:00:00+00:00,18.3,741,400
2023-06-03 15:00:00+00:00,18.5,460,400
2023-06-03 16:00:00+00:00,18.1,420,400
2023-06-03 17:00:00+00:00,17.9,446,400
2023-06-03 18:00:00+00:00,17,372,400
2023-06-03 19:00:00+00:00,15.7,362,400
2023-06-03 20:00:00+00:00,13.5,248,400
2023-06-03 21:00:00+00:00,11.5,109,400
2023-06-03 22:00:00+00:00,10.7,20,400
2023-06-03 23:00:00+00:00,10,0,400
2023-06-04 00:00:00+00:00,9,0,400
2023-06-04 01:00:00+00:00,7.5,0,400
2023-06-04 02:00:00+00:00,7,0,400
2023-06-04 03:00:00+00:00,5.9,0,400
2023-06-04 04:00:00+00:00,6,0,400
2023-06-04 05:00:00+00:00,7.3,2,400
2023-06-04 06:00:00+00:00,8.9,43,400
2023-06-04 07:00:00+00:00,9.9,151,400
2023-06-04 08:00:00+00:00,11,255,400
2023-06-04 09:00:00+00:00,11.6,333,400
2023-06-04 10:00:00+00:00,12.2,521,400
2023-06-04 11:00:00+00:00,13.5,565,400
2023-06-04 12:00:00+00:00,14.8,519,400
2023-06-04 13:00:00+00:00,15.9,679,400
2023-06-04 14:00:00+00:00,17.1,789,400
2023-06-04 15:00:00+00:00,18.2,799,400
2023-06-04 16:00:00+00:00,18.4,740,400
2023-06-04 17:00:00+00:00,17.7,645,400
2023-06-04 18:00:00+00:00,17.8,403,400
2023-06-04 19:00:00+00:00,17.2,392,400
2023-06-04 20:00:00+00:00,15.4,247,400
2023-06-04 21:00:00+00:00,13.3,108,400
2023-06-04 22:00:00+00:00,11.4,20,400
2023-06-04 23:00:00+00:00,10.6,0,400
2023-06-05 00:00:00+00:00,10.2,0,400
2023-06-05 01:00:00+00:00,9.5,0,400
2023-06-05 02:00:00+00:00,8.8,0,400
2023-06-05 03:00:00+00:00,8,0,400
2023-06-05 04:00:00+00:00,7.3,0,400
2023-06-05 05:00:00+00:00,9.4,3,400
2023-06-05 06:00:00+00:00,11.4,49,400
2023-06-05 07:00:00+00:00,13.3,103,400
2023-06-05 08:00:00+00:00,14.8,176,400
2023-06-05 09:00:00+00:00,16.2,268,400
2023-06-05 10:00:00+00:00,17.5,535,400
2023-06-05 11:00:00+00:00,18.6,587,400
2023-06-05 12:00:00+00:00,19,764,400
2023-06-05 13:00:00+00:00,19.9,741,400
2023-06-05 14:00:00+00:00,19.9,523,400
2023-06-05 15:00:00+00:00,20.7,597,400
2023-06-05 16:00:00+00:00,20.4,397,400
2023-06-05 17:00:00+00:00,20,600,400
2023-06-05 18:00:00+00:00,19.7,476,400
2023-06-05 19:00:00+00:00,18.5,359,400
2023-06-05 20:00:00+00:00,16.5,252,400
2023-06-05 21:00:00+00:00,14.7,113,400
2023-06-05 22:00:00+00:00,14.1,22,400
2023-06-05 23:00:00+00:00,13,0,400
2023-06-06 00:00:00+00:00,12.1,0,400
2023-06-06 01:00:00+00:00,11,0,400
2023-06-06 02:00:00+00:00,9.8,0,400
2023-06-06 03:00:00+00:00,9.1,0,400
2023-06-06 04:00:00+00:00,9,0,400
2023-06-06 05:00:00+00:00,9.6,3,400
2023-06-06 06:00:00+00:00,10.6,52,400
2023-06-06 07:00:00+00:00,12.5,169,400
2023-06-06 08:00:00+00:00,14.4,305,400
2023-06-06 09:00:00+00:00,15.9,461,400
2023-06-06 10:00:00+00:00,17.3,592,400
2023-06-06 11:00:00+00:00,18.5,672,400
2023-06-06 12:00:00+00:00,19.6,786,400
2023-06-06 13:00:00+00:00,20.4,838,400
2023-06-06 14:00:00+00:00,21,852,400
2023-06-06 15:00:00+00:00,21.2,821,400
2023-06-06 16:00:00+00:00,21.2,765,400
2023-06-06 17:00:00+00:00,20.9,683,400
2023-06-06 18:00:00+00:00,20,560,400
2023-06-06 19:00:00+00:00,18.2,427,400
2023-06-06 20:00:00+00:00,15.1,272,400
2023-06-06 21:00:00+00:00,12.6,126,400
2023-06-06 22:00:00+00:00,11.3,26,400
2023-06-06 23:00:00+00:00,10.3,0,400
2023-06-07 00:00:00+00:00,9.2,0,400
2023-06-07 01:00:00+00:00,8.5,0,400
2023-06-07 02:00:00+00:00,7.9,0,400
2023-06-07 03:00:00+00:00,8,0,400
2023-06-07 04:00:00+00:00,8.8,0,400
2023-06-07 05:00:00+00:00,8.8,1,400
2023-06-07 06:00:00+00:00,8.9,13,400
2023-06-07 07:00:00+00:00,9.4,37,400
2023-06-07 08:00:00+00:00,11,84,400
2023-06-07 09:00:00+00:00,13.1,192,400
2023-06-07 10:00:00+00:00,14.2,420,400
2023-06-07 11:00:00+00:00,15.1,654,400
2023-06-07 12:00:00+00:00,16.4,805,400
2023-06-07 13:00:00+00:00,17.1,849,400
2023-06-07 14:00:00+00:00,17.3,855,400
2023-06-07 15:00:00+00:00,18.5,835,400
2023-06-07 16:00:00+00:00,19.7,780,400
2023-06-07 17:00:00+00:00,20.3,690,400
2023-06-07 18:00:00+00:00,19.4,562,400
2023-06-07 19:00:00+00:00,17.5,428,400
2023-06-07 20:00:00+00:00,15.4,266,400
2023-06-07 21:00:00+00:00,13.2,120,400
2023-06-07 22:00:00+00:00,12,24,400
2023-06-07 23:00:00+00:00,10.9,1,400
2023-06-08 00:00:00+00:00,9.9,0,400
2023-06-08 01:00:00+00:00,9.3,0,400
2023-06-08 02:00:00+00:00,9,0,400
2023-06-08 03:00:00+00:00,9,0,400
2023-06-08 04:00:00+00:00,8.7,0,400
2023-06-08 05:00:00+00:00,8.5,2,400
2023-06-08 06:00:00+00:00,8.5,24,400
2023-06-08 07:00:00+00:00,9.1,67,400
2023-06-08 08:00:00+00:00,10.4,143,400
2023-06-08 09:00:00+00:00,14.5,232,400
2023-06-08 10:00:00+00:00,18.3,477,400
2023-06-08 11:00:00+00:00,20.5,674,400
2023-06-08 12:00:00+00:00,21.8,784,400
2023-06-08 13:00:00+00:00,22.8,836,400
2023-06-08 14:00:00+00:00,23.4,857,400
2023-06-08 15:00:00+00:00,23.7,827,400
2023-06-08 16:00:00+00:00,23.8,779,400
2023-06-08 17:00:00+00:00,23.9,689,400
2023-06-08 18:00:00+00:00,22.5,561,400
2023-06-08 19:00:00+00:00,21.3,426,400
2023-06-08 20:00:00+00:00,18.7,268,400
2023-06-08 21:00:00+00:00,16.2,125,400
2023-06-08 22:00:00+00:00,14.5,23,400
2023-06-08 23:00:00+00:00,12.7,0,400
2023-06-09 00:00:00+00:00,11.4,0,400
2023-06-09 01:00:00+00:00,9.9,0,400
2023-06-09 02:00:00+00:00,9.2,0,400
2023-06-09 03:00:00+00:00,8.8,0,400
2023-06-09 04:00:00+00:00,9.3,0,400
2023-06-09 05:00:00+00:00,10.7,4,400
2023-06-09 06:00:00+00:00,13.4,30,400
2023-06-09 07:00:00+00:00,16.1,64,400
2023-06-09 08:00:00+00:00,18.7,237,400
2023-06-09 09:00:00+00:00,20.3,444,400
2023-06-09 10:00:00+00:00,20.6,579,400
2023-06-09 11:00:00+00:00,20.5,658,400
2023-06-09 12:00:00+00:00,20.4,751,400
2023-06-09 13:00:00+00:00,20.4,798,400
2023-06-09 14:00:00+00:00,20.5,818,400
2023-06-09 15:00:00+00:00,20,778,400
2023-06-09 16:00:00+00:00,19.7,725,400
2023-06-09 17:00:00+00:00,19.3,641,400
2023-06-09 18:00:00+00:00,18.1,531,400
2023-06-09 19:00:00+00:00,16.6,437,400
2023-06-09 20:00:00+00:00,15.4,262,400
2023-06-09 21:00:00+00:00,14.3,126,400
2023-06-09 22:00:00+00:00,13.1,27,400
2023-06-09 23:00:00+00:00,12.2,1,400
2023-06-10 00:00:00+00:00,12.6,0,400
2023-06-10 01:00:00+00:00,12,0,400
2023-06-10 02:00:00+00:00,11.1,0,400
2023-06-10 03:00:00+00:00,10.5,0,400
2023-06-10 04:00:00+00:00,10.7,0,400
2023-06-10 05:00:00+00:00,12.4,4,400
2023-06-10 06:00:00+00:00,14,54,400
2023-06-10 07:00:00+00:00,15.3,176,400
2023-06-10 08:00:00+00:00,16.7,307,400
2023-06-10 09:00:00+00:00,18,452,400
2023-06-10 10:00:00+00:00,19.5,578,400
2023-06-10 11:00:00+00:00,20.5,653,400
2023-06-10 12:00:00+00:00,21.3,753,400
2023-06-10 13:00:00+00:00,22.1,834,400
2023-06-10 14:00:00+00:00,22.3,830,400
2023-06-10 15:00:00+00:00,21.7,802,400
2023-06-10 16:00:00+00:00,20.4,745,400
2023-06-10 17:00:00+00:00,19.4,655,400
2023-06-10 18:00:00+00:00,18.4,536,400
2023-06-10 19:00:00+00:00,16.9,404,400
2023-06-10 20:00:00+00:00,15.4,254,400
2023-06-10 21:00:00+00:00,14.7,94,400
2023-06-10 22:00:00+00:00,14,18,400
2023-06-10 23:00:00+00:00,13,1,400
2023-06-11 00:00:00+00:00,12.3,0,400
2023-06-11 01:00:00+00:00,12,0,400
2023-06-11 02:00:00+00:00,11.8,0,400
2023-06-11 03:00:00+00:00,11.4,0,400
2023-06-11 04:00:00+00:00,11.4,0,400
2023-06-11 05:00:00+00:00,12.7,4,400
2023-06-11 06:00:00+00:00,13.9,55,400
2023-06-11 07:00:00+00:00,15.4,180,400
2023-06-11 08:00:00+00:00,16.6,288,400
2023-06-11 09:00:00+00:00,18.4,427,400
2023-06-11 10:00:00+00:00,19.8,500,400
2023-06-11 11:00:00+00:00,20.6,704,400
2023-06-11 12:00:00+00:00,20.7,763,400
2023-06-11 13:00:00+00:00,20.5,823,400
2023-06-11 14:00:00+00:00,20.3,841,400
2023-06-11 15:00:00+00:00,20.3,810,400
2023-06-11 16:00:00+00:00,19.7,796,400
2023-06-11 17:00:00+00:00,19,698,400
2023-06-11 18:00:00+00:00,18.2,577,400
2023-06-11 19:00:00+00:00,17,445,400
2023-06-11 20:00:00+00:00,15.7,290,400
2023-06-11 21:00:00+00:00,14.3,139,400
2023-06-11 22:00:00+00:00,13,34,400
2023-06-11 23:00:00+00:00,12.1,1,400
2023-06-12 00:00:00+00:00,11.4,0,400
2023-06-12 01:00:00+00:00,11,0,400
2023-06-12 02:00:00+00:00,11,0,400
2023-06-12 03:00:00+00:00,10.5,0,400
2023-06-12 04:00:00+00:00,11,0,400
2023-06-12 05:00:00+00:00,12.5,4,400
2023-06-12 06:00:00+00:00,14.3,56,400
2023-06-12 07:00:00+00:00,16,173,400
2023-06-12 08:00:00+00:00,17.4,303,400
2023-06-12 09:00:00+00:00,18.9,445,400
2023-06-12 10:00:00+00:00,20.3,572,400
2023-06-12 11:00:00+00:00,21.4,650,400
2023-06-12 12:00:00+00:00,22.1,758,400
2023-06-12 13:00:00+00:00,23.3,810,400
2023-06-12 14:00:00+00:00,23.6,826,400
2023-06-12 15:00:00+00:00,23.1,798,400
2023-06-12 16:00:00+00:00,22.6,745,400
2023-06-12 17:00:00+00:00,21.8,664,400
2023-06-12 18:00:00+00:00,20.6,550,400
2023-06-12 19:00:00+00:00,18.9,419,400
2023-06-12 20:00:00+00:00,17.2,269,400
2023-06-12 21:00:00+00:00,15.9,125,400
2023-06-12 22:00:00+00:00,14.8,27,400
2023-06-12 23:00:00+00:00,14.2,1,400
2023-06-13 00:00:00+00:00,12.5,0,400
2023-06-13 01:00:00+00:00,11,0,400
2023-06-13 02:00:00+00:00,9.9,0,400
2023-06-13 03:00:00+00:00,8.3,0,400
2023-06-13 04:00:00+00:00,9.2,0,400
2023-06-13 05:00:00+00:00,12.3,4,400
2023-06-13 06:00:00+00:00,15.1,60,400
2023-06-13 07:00:00+00:00,17,191,400
2023-06-13 08:00:00+00:00,18.6,324,400
2023-06-13 09:00:00+00:00,19.3,472,400
2023-06-13 10:00:00+00:00,20.5,604,400
2023-06-13 11:00:00+00:00,21.3,677,400
2023-06-13 12:00:00+00:00,21.8,785,400
2023-06-13 13:00:00+00:00,22.1,836,400
2023-06-13 14:00:00+00:00,22.2,847,400
2023-06-13 15:00:00+00:00,22.3,819,400
2023-06-13 16:00:00+00:00,21.8,767,400
2023-06-13 17:00:00+00:00,21.3,684,400
2023-06-13 18:00:00+00:00,20.6,561,400
2023-06-13 19:00:00+00:00,19.5,427,400
2023-06-13 20:00:00+00:00,18,274,400
2023-06-13 21:00:00+00:00,15.9,128,400
2023-06-13 22:00:00+00:00,14.8,30,400
2023-06-13 23:00:00+00:00,13.8,1,400
2023-06-14 00:00:00+00:00,12.4,0,400
2023-06-14 01:00:00+00:00,11.4,0,400
2023-06-14 02:00:00+00:00,10.5,0,400
2023-06-14 03:00:00+00:00,9.6,0,400
2023-06-14 04:00:00+00:00,9.5,0,400
2023-06-14 05:00:00+00:00,13,4,400
2023-06-14 06:00:00+00:00,15.3,59,400
2023-06-14 07:00:00+00:00,17.1,182,400
2023-06-14 08:00:00+00:00,18.7,310,400
2023-06-14 09:00:00+00:00,20.1,453,400
2023-06-14 10:00:00+00:00,20.9,583,400
2023-06-14 11:00:00+00:00,22,657,400
2023-06-14 12:00:00+00:00,22.2,769,400
2023-06-14 13:00:00+00:00,22.6,822,400
2023-06-14 14:00:00+00:00,22.7,836,400
2023-06-14 15:00:00+00:00,22.9,807,400
2023-06-14 16:00:00+00:00,22.8,751,400
2023-06-14 17:00:00+00:00,22.5,669,400
2023-06-14 18:00:00+00:00,21.8,550,400
2023-06-14 19:00:00+00:00,21,417,400
2023-06-14 20:00:00+00:00,18.7,268,400
2023-06-14 21:00:00+00:00,14.9,127,400
2023-06-14 22:00:00+00:00,12.8,31,400
2023-06-14 23:00:00+00:00,11.7,1,400
2023-06-15 00:00:00+00:00,10.8,0,400
2023-06-15 01:00:00+00:00,10.5,0,400
2023-06-15 02:00:00+00:00,9.7,0,400
2023-06-15 03:00:00+00:00,9.9,0,400
2023-06-15 04:00:00+00:00,11.3,0,400
2023-06-15 05:00:00+00:00,13.5,4,400
2023-06-15 06:00:00+00:00,15.5,39,400
2023-06-15 07:00:00+00:00,17.3,106,400
2023-06-15 08:00:00+00:00,17.1,104,400
2023-06-15 09:00:00+00:00,18.8,160,400
2023-06-15 10:00:00+00:00,20,303,400
2023-06-15 11:00:00+00:00,21.2,600,400
2023-06-15 12:00:00+00:00,22.3,549,400
2023-06-15 13:00:00+00:00,22.5,784,400
2023-06-15 14:00:00+00:00,23,838,400
2023-06-15 15:00:00+00:00,23.2,809,400
2023-06-15 16:00:00+00:00,23.5,674,400
2023-06-15 17:00:00+00:00,23.4,626,400
2023-06-15 18:00:00+00:00,22.6,526,400
2023-06-15 19:00:00+00:00,21.5,396,400
2023-06-15 20:00:00+00:00,19.8,258,400
2023-06-15 21:00:00+00:00,17.1,119,400
2023-06-15 22:00:00+00:00,16,25,400
2023-06-15 23:00:00+00:00,14.1,1,400
2023-06-16 00:00:00+00:00,13.5,0,400
2023-06-16 01:00:00+00:00,12.4,0,400
2023-06-16 02:00:00+00:00,11.1,0,400
2023-06-16 03:00:00+00:00,11.3,0,400
2023-06-16 04:00:00+00:00,11.9,0,400
2023-06-16 05:00:00+00:00,13.4,2,400
2023-06-16 06:00:00+00:00,14.7,22,400
2023-06-16 07:00:00+00:00,16.5,70,400
2023-06-16 08:00:00+00:00,18.7,159,400
2023-06-16 09:00:00+00:00,20.4,189,400
2023-06-16 10:00:00+00:00,20.1,319,400
2023-06-16 11:00:00+00:00,20.7,388,400
2023-06-16 12:00:00+00:00,20.9,396,400
2023-06-16 13:00:00+00:00,20.7,554,400
2023-06-16 14:00:00+00:00,21.4,361,400
2023-06-16 15:00:00+00:00,21.8,357,400
2023-06-16 16:00:00+00:00,22.4,321,400
2023-06-16 17:00:00+00:00,23,298,400
2023-06-16 18:00:00+00:00,21.7,428,400
2023-06-16 19:00:00+00:00,20,389,400
2023-06-16 20:00:00+00:00,18.3,109,400
2023-06-16 21:00:00+00:00,16.5,72,400
2023-06-16 22:00:00+00:00,15,14,400
2023-06-16 23:00:00+00:00,13.7,0,400
2023-06-17 00:00:00+00:00,12.3,0,400
2023-06-17 01:00:00+00:00,11.5,0,400
2023-06-17 02:00:00+00:00,10.5,0,400
2023-06-17 03:00:00+00:00,9.9,0,400
2023-06-17 04:00:00+00:00,10.5,0,400
2023-06-17 05:00:00+00:00,13.6,4,400
2023-06-17 06:00:00+00:00,17.4,55,400
2023-06-17 07:00:00+00:00,19.4,172,400
2023-06-17 08:00:00+00:00,21.1,297,400
2023-06-17 09:00:00+00:00,22.3,435,400
2023-06-17 10:00:00+00:00,23.4,554,400
2023-06-17 11:00:00+00:00,23.7,677,400
2023-06-17 12:00:00+00:00,24.1,775,400
2023-06-17 13:00:00+00:00,24.3,740,400
2023-06-17 14:00:00+00:00,23.7,599,400
2023-06-17 15:00:00+00:00,24.5,663,400
2023-06-17 16:00:00+00:00,23.7,465,400
2023-06-17 17:00:00+00:00,22.9,575,400
2023-06-17 18:00:00+00:00,22.1,521,400
2023-06-17 19:00:00+00:00,21.3,400,400
2023-06-17 20:00:00+00:00,19.6,216,400
2023-06-17 21:00:00+00:00,16.8,113,400
2023-06-17 22:00:00+00:00,15.5,28,400
2023-06-17 23:00:00+00:00,16.8,1,400
2023-06-18 00:00:00+00:00,16.5,0,400
2023-06-18 01:00:00+00:00,14.5,0,400
2023-06-18 02:00:00+00:00,14,0,400
2023-06-18 03:00:00+00:00,14.3,0,400
2023-06-18 04:00:00+00:00,15.4,0,400
2023-06-18 05:00:00+00:00,16.1,1,400
2023-06-18 06:00:00+00:00,18.4,27,400
2023-06-18 07:00:00+00:00,20.1,148,400
2023-06-18 08:00:00+00:00,21.3,298,400
2023-06-18 09:00:00+00:00,22.8,407,400
2023-06-18 10:00:00+00:00,23.7,550,400
2023-06-18 11:00:00+00:00,23.5,638,400
2023-06-18 12:00:00+00:00,23.7,558,400
2023-06-18 13:00:00+00:00,24.2,791,400
2023-06-18 14:00:00+00:00,24.1,815,400
2023-06-18 15:00:00+00:00,24.2,633,400
2023-06-18 16:00:00+00:00,23.7,591,400
2023-06-18 17:00:00+00:00,22.6,640,400
2023-06-18 18:00:00+00:00,21.3,486,400
2023-06-18 19:00:00+00:00,20.1,340,400
2023-06-18 20:00:00+00:00,18.6,247,400
2023-06-18 21:00:00+00:00,16.9,104,400
2023-06-18 22:00:00+00:00,15.2,29,400
2023-06-18 23:00:00+00:00,14.3,1,400
2023-06-19 00:00:00+00:00,13.7,0,400
2023-06-19 01:00:00+00:00,12.8,0,400
2023-06-19 02:00:00+00:00,12.1,0,400
2023-06-19 03:00:00+00:00,11.6,0,400
2023-06-19 04:00:00+00:00,12.7,0,400
2023-06-19 05:00:00+00:00,15.8,4,400
2023-06-19 06:00:00+00:00,18.4,51,400
2023-06-19 07:00:00+00:00,20.4,162,400
2023-06-19 08:00:00+00:00,21.4,296,400
2023-06-19 09:00:00+00:00,20.4,436,400
2023-06-19 10:00:00+00:00,20,375,400
2023-06-19 11:00:00+00:00,19.4,125,400
2023-06-19 12:00:00+00:00,19.8,147,400
2023-06-19 13:00:00+00:00,21.6,168,400
2023-06-19 14:00:00+00:00,21.8,280,400
2023-06-19 15:00:00+00:00,22.6,569,400
2023-06-19 16:00:00+00:00,22.7,371,400
2023-06-19 17:00:00+00:00,23,483,400
2023-06-19 18:00:00+00:00,21.3,323,400
2023-06-19 19:00:00+00:00,20.3,235,400
2023-06-19 20:00:00+00:00,19,72,400
2023-06-19 21:00:00+00:00,17.2,66,400
2023-06-19 22:00:00+00:00,15.6,32,400
2023-06-19 23:00:00+00:00,15,1,400
2023-06-20 00:00:00+00:00,16.1,0,400
2023-06-20 01:00:00+00:00,16.6,0,400
2023-06-20 02:00:00+00:00,16.7,0,400
2023-06-20 03:00:00+00:00,16.5,0,400
2023-06-20 04:00:00+00:00,16.6,0,400
2023-06-20 05:00:00+00:00,16.6,2,400
2023-06-20 06:00:00+00:00,16.9,21,400
2023-06-20 07:00:00+00:00,18.4,89,400
2023-06-20 08:00:00+00:00,19.7,215,400
2023-06-20 09:00:00+00:00,21.3,447,400
2023-06-20 10:00:00+00:00,22.4,533,400
2023-06-20 11:00:00+00:00,23.3,652,400
2023-06-20 12:00:00+00:00,23.4,592,400
2023-06-20 13:00:00+00:00,23.1,524,400
2023-06-20 14:00:00+00:00,23.8,370,400
2023-06-20 15:00:00+00:00,23.4,493,400
2023-06-20 16:00:00+00:00,23.5,567,400
2023-06-20 17:00:00+00:00,23.2,319,400
2023-06-20 18:00:00+00:00,22.7,321,400
2023-06-20 19:00:00+00:00,21.9,301,400
2023-06-20 20:00:00+00:00,20.1,222,400
2023-06-20 21:00:00+00:00,18.4,98,400
2023-06-20 22:00:00+00:00,18.1,16,400
2023-06-20 23:00:00+00:00,18,0,400
2023-06-21 00:00:00+00:00,17.6,0,400
2023-06-21 01:00:00+00:00,17.4,0,400
2023-06-21 02:00:00+00:00,17.7,0,400
2023-06-21 03:00:00+00:00,18,0,400
2023-06-21 04:00:00+00:00,18.1,0,400
2023-06-21 05:00:00+00:00,18.4,3,400
2023-06-21 06:00:00+00:00,19.3,13,400
2023-06-21 07:00:00+00:00,20.2,40,400
2023-06-21 08:00:00+00:00,19.9,149,400
2023-06-21 09:00:00+00:00,20.2,246,400
2023-06-21 10:00:00+00:00,21.8,218,400
2023-06-21 11:00:00+00:00,22.7,370,400
2023-06-21 12:00:00+00:00,22.5,536,400
2023-06-21 13:00:00+00:00,21.1,595,400
2023-06-21 14:00:00+00:00,21.1,702,400
2023-06-21 15:00:00+00:00,21,537,400
2023-06-21 16:00:00+00:00,21,589,400
2023-06-21 17:00:00+00:00,21,668,400
2023-06-21 18:00:00+00:00,20.7,588,400
2023-06-21 19:00:00+00:00,19.9,422,400
2023-06-21 20:00:00+00:00,18.4,272,400
2023-06-21 21:00:00+00:00,16.4,129,400
2023-06-21 22:00:00+00:00,15,32,400
2023-06-21 23:00:00+00:00,14.7,1,400
2023-06-22 00:00:00+00:00,14,0,400
2023-06-22 01:00:00+00:00,13.8,0,400
2023-06-22 02:00:00+00:00,13.7,0,400
2023-06-22 03:00:00+00:00,14.5,0,400
2023-06-22 04:00:00+00:00,15,0,400
2023-06-22 05:00:00+00:00,15.2,3,400
2023-06-22 06:00:00+00:00,15.9,28,400
2023-06-22 07:00:00+00:00,17,73,400
2023-06-22 08:00:00+00:00,19,182,400
2023-06-22 09:00:00+00:00,20.8,354,400
2023-06-22 10:00:00+00:00,22.3,588,400
2023-06-22 11:00:00+00:00,23.4,684,400
2023-06-22 12:00:00+00:00,23.7,769,400
2023-06-22 13:00:00+00:00,24.4,791,400
2023-06-22 14:00:00+00:00,23.3,688,400
2023-06-22 15:00:00+00:00,23.4,583,400
2023-06-22 16:00:00+00:00,23.8,372,400
2023-06-22 17:00:00+00:00,23.8,505,400
2023-06-22 18:00:00+00:00,22.8,510,400
2023-06-22 19:00:00+00:00,21.5,310,400
2023-06-22 20:00:00+00:00,20.5,121,400
2023-06-22 21:00:00+00:00,19.3,60,400
2023-06-22 22:00:00+00:00,18.4,15,400
2023-06-22 23:00:00+00:00,18.6,0,400
2023-06-23 00:00:00+00:00,19,0,400
2023-06-23 01:00:00+00:00,18.6,0,400
2023-06-23 02:00:00+00:00,18.1,0,400
2023-06-23 03:00:00+00:00,17.2,0,400
2023-06-23 04:00:00+00:00,16.7,0,400
2023-06-23 05:00:00+00:00,16.9,1,400
2023-06-23 06:00:00+00:00,17.8,20,400
2023-06-23 07:00:00+00:00,18,90,400
2023-06-23 08:00:00+00:00,18.7,242,400
2023-06-23 09:00:00+00:00,19.8,218,400
2023-06-23 10:00:00+00:00,20.8,266,400
2023-06-23 11:00:00+00:00,20.6,465,400
2023-06-23 12:00:00+00:00,20.2,529,400
2023-06-23 13:00:00+00:00,20.6,381,400
2023-06-23 14:00:00+00:00,21.7,325,400
2023-06-23 15:00:00+00:00,23.4,407,400
2023-06-23 16:00:00+00:00,23.3,548,400
2023-06-23 17:00:00+00:00,22.8,712,400
2023-06-23 18:00:00+00:00,21.1,567,400
2023-06-23 19:00:00+00:00,19.2,425,400
2023-06-23 20:00:00+00:00,17.2,181,400
2023-06-23 21:00:00+00:00,15.5,96,400
2023-06-23 22:00:00+00:00,14,18,400
2023-06-23 23:00:00+00:00,13.3,1,400
2023-06-24 00:00:00+00:00,12.9,0,400
2023-06-24 01:00:00+00:00,12.4,0,400
2023-06-24 02:00:00+00:00,12.3,0,400
2023-06-24 03:00:00+00:00,11.6,0,400
2023-06-24 04:00:00+00:00,11.1,0,400
2023-06-24 05:00:00+00:00,13.3,3,400
2023-06-24 06:00:00+00:00,15.1,61,400
2023-06-24 07:00:00+00:00,16.8,149,400
2023-06-24 08:00:00+00:00,18.8,248,400
2023-06-24 09:00:00+00:00,19.7,406,400
2023-06-24 10:00:00+00:00,21,547,400
2023-06-24 11:00:00+00:00,21.6,651,400
2023-06-24 12:00:00+00:00,21.7,783,400
2023-06-24 13:00:00+00:00,22.7,790,400
2023-06-24 14:00:00+00:00,23,627,400
2023-06-24 15:00:00+00:00,23.3,667,400
2023-06-24 16:00:00+00:00,22.9,477,400
2023-06-24 17:00:00+00:00,21.7,396,400
2023-06-24 18:00:00+00:00,21.4,388,400
2023-06-24 19:00:00+00:00,21,256,400
2023-06-24 20:00:00+00:00,20.5,94,400
2023-06-24 21:00:00+00:00,20,65,400
2023-06-24 22:00:00+00:00,18.9,17,400
2023-06-24 23:00:00+00:00,16.7,1,400
2023-06-25 00:00:00+00:00,15.6,0,400
2023-06-25 01:00:00+00:00,15,0,400
2023-06-25 02:00:00+00:00,14.1,0,400
2023-06-25 03:00:00+00:00,13.5,0,400
2023-06-25 04:00:00+00:00,13.7,0,400
2023-06-25 05:00:00+00:00,16,4,400
2023-06-25 06:00:00+00:00,18.6,54,400
2023-06-25 07:00:00+00:00,20.5,170,400
2023-06-25 08:00:00+00:00,21.4,326,400
2023-06-25 09:00:00+00:00,22.4,327,400
2023-06-25 10:00:00+00:00,22.9,474,400
2023-06-25 11:00:00+00:00,23.3,550,400
2023-06-25 12:00:00+00:00,24.2,422,400
2023-06-25 13:00:00+00:00,23.9,440,400
2023-06-25 14:00:00+00:00,24.9,500,400
2023-06-25 15:00:00+00:00,23.4,320,400
2023-06-25 16:00:00+00:00,24.1,642,400
2023-06-25 17:00:00+00:00,23.9,259,400
2023-06-25 18:00:00+00:00,24.4,365,400
2023-06-25 19:00:00+00:00,23.5,261,400
2023-06-25 20:00:00+00:00,22.2,287,400
2023-06-25 21:00:00+00:00,20.3,102,400
2023-06-25 22:00:00+00:00,19,31,400
2023-06-25 23:00:00+00:00,17.8,1,400
2023-06-26 00:00:00+00:00,17.6,0,400
2023-06-26 01:00:00+00:00,17.8,0,400
2023-06-26 02:00:00+00:00,18.1,0,400
2023-06-26 03:00:00+00:00,18.8,0,400
2023-06-26 04:00:00+00:00,19.2,0,400
2023-06-26 05:00:00+00:00,20.4,4,400
2023-06-26 06:00:00+00:00,21.8,46,400
2023-06-26 07:00:00+00:00,23.8,154,400
2023-06-26 08:00:00+00:00,25.6,287,400
2023-06-26 09:00:00+00:00,27,427,400
2023-06-26 10:00:00+00:00,27.8,556,400
2023-06-26 11:00:00+00:00,21.2,654,400
2023-06-26 12:00:00+00:00,19.8,608,400
2023-06-26 13:00:00+00:00,19.5,149,400
2023-06-26 14:00:00+00:00,21,70,400
2023-06-26 15:00:00+00:00,21.1,375,400
2023-06-26 16:00:00+00:00,20.1,666,400
2023-06-26 17:00:00+00:00,19.1,545,400
2023-06-26 18:00:00+00:00,18.3,346,400
2023-06-26 19:00:00+00:00,17.4,182,400
2023-06-26 20:00:00+00:00,16.8,150,400
2023-06-26 21:00:00+00:00,15.8,80,400
2023-06-26 22:00:00+00:00,14.6,35,400
2023-06-26 23:00:00+00:00,13.9,2,400
2023-06-27 00:00:00+00:00,13.8,0,400
2023-06-27 01:00:00+00:00,13.4,0,400
2023-06-27 02:00:00+00:00,13,0,400
2023-06-27 03:00:00+00:00,12.4,0,400
2023-06-27 04:00:00+00:00,12.6,0,400
2023-06-27 05:00:00+00:00,13.8,3,400
2023-06-27 06:00:00+00:00,15.3,53,400
2023-06-27 07:00:00+00:00,16.2,175,400
2023-06-27 08:00:00+00:00,17,318,400
2023-06-27 09:00:00+00:00,18,429,400
2023-06-27 10:00:00+00:00,18.5,538,400
2023-06-27 11:00:00+00:00,19.1,622,400
2023-06-27 12:00:00+00:00,19.6,637,400
2023-06-27 13:00:00+00:00,19.9,692,400
2023-06-27 14:00:00+00:00,20.1,880,400
2023-06-27 15:00:00+00:00,19.6,892,400
2023-06-27 16:00:00+00:00,19.1,816,400
2023-06-27 17:00:00+00:00,18.3,597,400
2023-06-27 18:00:00+00:00,17.8,468,400
2023-06-27 19:00:00+00:00,16.9,239,400
2023-06-27 20:00:00+00:00,15.5,188,400
2023-06-27 21:00:00+00:00,14.3,144,400
2023-06-27 22:00:00+00:00,13.5,33,400
2023-06-27 23:00:00+00:00,12.8,1,400
2023-06-28 00:00:00+00:00,12.2,0,400
2023-06-28 01:00:00+00:00,11.8,0,400
2023-06-28 02:00:00+00:00,11.7,0,400
2023-06-28 03:00:00+00:00,11.5,0,400
2023-06-28 04:00:00+00:00,11.8,0,400
2023-06-28 05:00:00+00:00,13,4,400
2023-06-28 06:00:00+00:00,14.8,58,400
2023-06-28 07:00:00+00:00,16.3,184,400
2023-06-28 08:00:00+00:00,17.7,320,400
2023-06-28 09:00:00+00:00,19,465,400
2023-06-28 10:00:00+00:00,20,596,400
2023-06-28 11:00:00+00:00,20.9,696,400
2023-06-28 12:00:00+00:00,21.7,781,400
2023-06-28 13:00:00+00:00,22.4,831,400
2023-06-28 14:00:00+00:00,22.9,847,400
2023-06-28 15:00:00+00:00,23.1,824,400
2023-06-28 16:00:00+00:00,21.8,774,400
2023-06-28 17:00:00+00:00,21,720,400
2023-06-28 18:00:00+00:00,19.5,276,400
2023-06-28 19:00:00+00:00,18.9,243,400
2023-06-28 20:00:00+00:00,17.9,125,400
2023-06-28 21:00:00+00:00,16.7,72,400
2023-06-28 22:00:00+00:00,16.8,20,400
2023-06-28 23:00:00+00:00,16.9,1,400
2023-06-29 00:00:00+00:00,16.9,0,400
2023-06-29 01:00:00+00:00,16.8,0,400
2023-06-29 02:00:00+00:00,16.7,0,400
2023-06-29 03:00:00+00:00,16.9,0,400
2023-06-29 04:00:00+00:00,17,0,400
2023-06-29 05:00:00+00:00,17.2,1,400
2023-06-29 06:00:00+00:00,17.5,9,400
2023-06-29 07:00:00+00:00,18.1,27,400
2023-06-29 08:00:00+00:00,18.8,75,400
2023-06-29 09:00:00+00:00,20.1,137,400
2023-06-29 10:00:00+00:00,20.7,225,400
2023-06-29 11:00:00+00:00,21.5,439,400
2023-06-29 12:00:00+00:00,22,372,400
2023-06-29 13:00:00+00:00,22.4,583,400
2023-06-29 14:00:00+00:00,21.7,451,400
2023-06-29 15:00:00+00:00,21.7,322,400
2023-06-29 16:00:00+00:00,21.4,245,400
2023-06-29 17:00:00+00:00,20.8,287,400
2023-06-29 18:00:00+00:00,20.3,182,400
2023-06-29 19:00:00+00:00,20.1,97,400
2023-06-29 20:00:00+00:00,19.3,95,400
2023-06-29 21:00:00+00:00,18.4,35,400
2023-06-29 22:00:00+00:00,18.1,2,400
2023-06-29 23:00:00+00:00,16.8,0,400
2023-06-30 00:00:00+00:00,16,0,400
2023-06-30 01:00:00+00:00,15.6,0,400
2023-06-30 02:00:00+00:00,15.2,0,400
2023-06-30 03:00:00+00:00,14.2,0,400
2023-06-30 04:00:00+00:00,13.4,0,400
2023-06-30 05:00:00+00:00,13.4,1,400
2023-06-30 06:00:00+00:00,14.2,40,400
2023-06-30 07:00:00+00:00,15.1,131,400
2023-06-30 08:00:00+00:00,15.6,288,400
2023-06-30 09:00:00+00:00,16.7,344,400
2023-06-30 10:00:00+00:00,17.8,441,400
2023-06-30 11:00:00+00:00,18.9,592,400
2023-06-30 12:00:00+00:00,19.6,750,400
2023-06-30 13:00:00+00:00,20.3,765,400
2023-06-30 14:00:00+00:00,19.6,782,400
2023-06-30 15:00:00+00:00,19.2,799,400
2023-06-30 16:00:00+00:00,19.4,425,400
2023-06-30 17:00:00+00:00,19.3,315,400
2023-06-30 18:00:00+00:00,18.6,393,400
2023-06-30 19:00:00+00:00,17.4,356,400
2023-06-30 20:00:00+00:00,16.2,190,400
2023-06-30 21:00:00+00:00,14.9,77,400
2023-06-30 22:00:00+00:00,13.7,25,400
2023-06-30 23:00:00+00:00,13.8,1,400
2023-07-01 00:00:00+00:00,14.3,0,400
2023-07-01 01:00:00+00:00,14.7,0,400
2023-07-01 02:00:00+00:00,14.9,0,400
2023-07-01 03:00:00+00:00,14.4,0,400
2023-07-01 04:00:00+00:00,14,0,400
2023-07-01 05:00:00+00:00,14.1,0,400
2023-07-01 06:00:00+00:00,14.3,5,400
2023-07-01 07:00:00+00:00,14.6,21,400
2023-07-01 08:00:00+00:00,15,78,400
2023-07-01 09:00:00+00:00,15.1,154,400
2023-07-01 10:00:00+00:00,15.4,180,400
2023-07-01 11:00:00+00:00,15.6,160,400
2023-07-01 12:00:00+00:00,15.9,160,400
2023-07-01 13:00:00+00:00,16.3,110,400
2023-07-01 14:00:00+00:00,16.6,176,400
2023-07-01 15:00:00+00:00,17.3,175,400
2023-07-01 16:00:00+00:00,17.3,164,400
2023-07-01 17:00:00+00:00,17.4,155,400
2023-07-01 18:00:00+00:00,17,124,400
2023-07-01 19:00:00+00:00,17.2,115,400
2023-07-01 20:00:00+00:00,16.8,87,400
2023-07-01 21:00:00+00:00,16.4,71,400
2023-07-01 22:00:00+00:00,15.8,19,400
2023-07-01 23:00:00+00:00,15.6,1,400
2023-07-02 00:00:00+00:00,15.1,0,400
2023-07-02 01:00:00+00:00,15.3,0,400
2023-07-02 02:00:00+00:00,15,0,400
2023-07-02 03:00:00+00:00,14.1,0,400
2023-07-02 04:00:00+00:00,14.1,0,400
2023-07-02 05:00:00+00:00,14.4,3,400
2023-07-02 06:00:00+00:00,15.2,23,400
2023-07-02 07:00:00+00:00,15.6,140,400
2023-07-02 08:00:00+00:00,16.4,261,400
2023-07-02 09:00:00+00:00,14.9,376,400
2023-07-02 10:00:00+00:00,15.5,547,400
2023-07-02 11:00:00+00:00,14.5,352,400
2023-07-02 12:00:00+00:00,14.6,603,400
2023-07-02 13:00:00+00:00,14.6,562,400
2023-07-02 14:00:00+00:00,15.8,677,400
2023-07-02 15:00:00+00:00,16.4,431,400
2023-07-02 16:00:00+00:00,16.3,512,400
2023-07-02 17:00:00+00:00,16.8,542,400
2023-07-02 18:00:00+00:00,16.3,471,400
2023-07-02 19:00:00+00:00,15.5,292,400
2023-07-02 20:00:00+00:00,15,188,400
2023-07-02 21:00:00+00:00,14.3,76,400
2023-07-02 22:00:00+00:00,13.9,16,400
2023-07-02 23:00:00+00:00,13.2,1,400
2023-07-03 00:00:00+00:00,12.8,0,400
2023-07-03 01:00:00+00:00,12.6,0,400
2023-07-03 02:00:00+00:00,12.8,0,400
2023-07-03 03:00:00+00:00,12.3,0,400
2023-07-03 04:00:00+00:00,12.4,0,400
2023-07-03 05:00:00+00:00,12.4,3,400
2023-07-03 06:00:00+00:00,12.5,47,400
2023-07-03 07:00:00+00:00,14.3,80,400
2023-07-03 08:00:00+00:00,15.4,231,400
2023-07-03 09:00:00+00:00,16.2,459,400
2023-07-03 10:00:00+00:00,16.7,556,400
2023-07-03 11:00:00+00:00,16.2,452,400
2023-07-03 12:00:00+00:00,17.9,565,400
2023-07-03 13:00:00+00:00,16.9,476,400
2023-07-03 14:00:00+00:00,15.6,725,400
2023-07-03 15:00:00+00:00,16.7,495,400
2023-07-03 16:00:00+00:00,17.1,596,400
2023-07-03 17:00:00+00:00,15.9,590,400
2023-07-03 18:00:00+00:00,13.8,580,400
2023-07-03 19:00:00+00:00,14,200,400
2023-07-03 20:00:00+00:00,12.7,300,400
2023-07-03 21:00:00+00:00,11.9,141,400
2023-07-03 22:00:00+00:00,11.4,30,400
2023-07-03 23:00:00+00:00,12.1,1,400
2023-07-04 00:00:00+00:00,12.2,0,400
2023-07-04 01:00:00+00:00,11.3,0,400
2023-07-04 02:00:00+00:00,11.5,0,400
2023-07-04 03:00:00+00:00,10,0,400
2023-07-04 04:00:00+00:00,10.1,0,400
2023-07-04 05:00:00+00:00,11.2,2,400
2023-07-04 06:00:00+00:00,12.9,45,400
2023-07-04 07:00:00+00:00,13.9,168,400
2023-07-04 08:00:00+00:00,12.3,267,400
2023-07-04 09:00:00+00:00,13,319,400
2023-07-04 10:00:00+00:00,13,151,400
2023-07-04 11:00:00+00:00,14.9,300,400
2023-07-04 12:00:00+00:00,16.6,460,400
2023-07-04 13:00:00+00:00,17.6,506,400
2023-07-04 14:00:00+00:00,17.7,731,400
2023-07-04 15:00:00+00:00,17.7,805,400
2023-07-04 16:00:00+00:00,17.2,645,400
2023-07-04 17:00:00+00:00,15.9,627,400
2023-07-04 18:00:00+00:00,14.4,427,400
2023-07-04 19:00:00+00:00,14.2,141,400
2023-07-04 20:00:00+00:00,14.7,71,400
2023-07-04 21:00:00+00:00,14.1,48,400
2023-07-04 22:00:00+00:00,12.8,12,400
2023-07-04 23:00:00+00:00,11.7,0,400
2023-07-05 00:00:00+00:00,10.9,0,400
2023-07-05 01:00:00+00:00,10.5,0,400
2023-07-05 02:00:00+00:00,10.2,0,400
2023-07-05 03:00:00+00:00,10.3,0,400
2023-07-05 04:00:00+00:00,10.9,0,400
2023-07-05 05:00:00+00:00,12.5,4,400
2023-07-05 06:00:00+00:00,13,42,400
2023-07-05 07:00:00+00:00,13.1,62,400
2023-07-05 08:00:00+00:00,13.5,29,400
2023-07-05 09:00:00+00:00,13.7,49,400
2023-07-05 10:00:00+00:00,13.8,68,400
2023-07-05 11:00:00+00:00,14,136,400
2023-07-05 12:00:00+00:00,15.6,92,400
2023-07-05 13:00:00+00:00,17.5,135,400
2023-07-05 14:00:00+00:00,17.9,462,400
2023-07-05 15:00:00+00:00,17,649,400
2023-07-05 16:00:00+00:00,17.1,315,400
2023-07-05 17:00:00+00:00,15.6,98,400
2023-07-05 18:00:00+00:00,14.1,445,400
2023-07-05 19:00:00+00:00,13.3,137,400
2023-07-05 20:00:00+00:00,13.4,102,400
2023-07-05 21:00:00+00:00,13.7,46,400
2023-07-05 22:00:00+00:00,13.7,12,400
2023-07-05 23:00:00+00:00,13.6,1,400
2023-07-06 00:00:00+00:00,13.6,0,400
2023-07-06 01:00:00+00:00,12.8,0,400
2023-07-06 02:00:00+00:00,12.5,0,400
2023-07-06 03:00:00+00:00,12.1,0,400
2023-07-06 04:00:00+00:00,12,0,400
2023-07-06 05:00:00+00:00,11.8,1,400
2023-07-06 06:00:00+00:00,13,13,400
2023-07-06 07:00:00+00:00,13.9,63,400
2023-07-06 08:00:00+00:00,15.4,266,400
2023-07-06 09:00:00+00:00,15.9,280,400
2023-07-06 10:00:00+00:00,15.9,490,400
2023-07-06 11:00:00+00:00,17.2,507,400
2023-07-06 12:00:00+00:00,17.8,541,400
2023-07-06 13:00:00+00:00,17.8,688,400
2023-07-06 14:00:00+00:00,18.1,506,400
2023-07-06 15:00:00+00:00,18.4,464,400
2023-07-06 16:00:00+00:00,18.5,521,400
2023-07-06 17:00:00+00:00,18.2,497,400
2023-07-06 18:00:00+00:00,17.4,494,400
2023-07-06 19:00:00+00:00,16.7,281,400
2023-07-06 20:00:00+00:00,15.2,155,400
2023-07-06 21:00:00+00:00,13.4,98,400
2023-07-06 22:00:00+00:00,13.2,26,400
2023-07-06 23:00:00+00:00,12.9,1,400
2023-07-07 00:00:00+00:00,12.6,0,400
2023-07-07 01:00:00+00:00,12.4,0,400
2023-07-07 02:00:00+00:00,12.2,0,400
2023-07-07 03:00:00+00:00,12.4,0,400
2023-07-07 04:00:00+00:00,12,0,400
2023-07-07 05:00:00+00:00,12.9,2,400
2023-07-07 06:00:00+00:00,14.7,34,400
2023-07-07 07:00:00+00:00,16.4,108,400
2023-07-07 08:00:00+00:00,17.9,197,400
2023-07-07 09:00:00+00:00,18.8,360,400
2023-07-07 10:00:00+00:00,19.9,562,400
2023-07-07 11:00:00+00:00,20.3,626,400
2023-07-07 12:00:00+00:00,20.8,775,400
2023-07-07 13:00:00+00:00,20.5,851,400
2023-07-07 14:00:00+00:00,21.7,772,400
2023-07-07 15:00:00+00:00,22.1,445,400
2023-07-07 16:00:00+00:00,22.1,755,400
2023-07-07 17:00:00+00:00,22.4,613,400
2023-07-07 18:00:00+00:00,21.3,512,400
2023-07-07 19:00:00+00:00,20.2,431,400
2023-07-07 20:00:00+00:00,18.4,278,400
2023-07-07 21:00:00+00:00,16.6,126,400
2023-07-07 22:00:00+00:00,14.4,21,400
2023-07-07 23:00:00+00:00,13.7,1,400
2023-07-08 00:00:00+00:00,12.9,0,400
2023-07-08 01:00:00+00:00,12.2,0,400
2023-07-08 02:00:00+00:00,11.3,0,400
2023-07-08 03:00:00+00:00,10.7,0,400
2023-07-08 04:00:00+00:00,11,0,400
2023-07-08 05:00:00+00:00,13.4,2,400
2023-07-08 06:00:00+00:00,16.4,35,400
2023-07-08 07:00:00+00:00,19.4,165,400
2023-07-08 08:00:00+00:00,21.1,303,400
2023-07-08 09:00:00+00:00,21.8,442,400
2023-07-08 10:00:00+00:00,22.4,567,400
2023-07-08 11:00:00+00:00,23,671,400
2023-07-08 12:00:00+00:00,23.2,753,400
2023-07-08 13:00:00+00:00,23.6,804,400
2023-07-08 14:00:00+00:00,23.9,823,400
2023-07-08 15:00:00+00:00,24.2,805,400
2023-07-08 16:00:00+00:00,24.1,752,400
2023-07-08 17:00:00+00:00,23.7,667,400
2023-07-08 18:00:00+00:00,22.8,550,400
2023-07-08 19:00:00+00:00,21.4,422,400
2023-07-08 20:00:00+00:00,19.2,273,400
2023-07-08 21:00:00+00:00,17.2,131,400
2023-07-08 22:00:00+00:00,16.3,30,400
2023-07-08 23:00:00+00:00,15.3,1,400
2023-07-09 00:00:00+00:00,14.3,0,400
2023-07-09 01:00:00+00:00,14.2,0,400
2023-07-09 02:00:00+00:00,12.8,0,400
2023-07-09 03:00:00+00:00,12.2,0,400
2023-07-09 04:00:00+00:00,12.5,0,400
2023-07-09 05:00:00+00:00,15.9,2,400
2023-07-09 06:00:00+00:00,18.9,43,400
2023-07-09 07:00:00+00:00,20.8,162,400
2023-07-09 08:00:00+00:00,22,308,400
2023-07-09 09:00:00+00:00,22.7,452,400
2023-07-09 10:00:00+00:00,23.6,547,400
2023-07-09 11:00:00+00:00,24.4,579,400
2023-07-09 12:00:00+00:00,24.9,762,400
2023-07-09 13:00:00+00:00,25.5,809,400
2023-07-09 14:00:00+00:00,25.8,813,400
2023-07-09 15:00:00+00:00,26.2,755,400
2023-07-09 16:00:00+00:00,25.8,687,400
2023-07-09 17:00:00+00:00,25.4,602,400
2023-07-09 18:00:00+00:00,24.6,453,400
2023-07-09 19:00:00+00:00,23,348,400
2023-07-09 20:00:00+00:00,21.8,214,400
2023-07-09 21:00:00+00:00,20.7,59,400
2023-07-09 22:00:00+00:00,20.3,9,400
2023-07-09 23:00:00+00:00,20.3,0,400
2023-07-10 00:00:00+00:00,18.7,0,400
2023-07-10 01:00:00+00:00,18.2,0,400
2023-07-10 02:00:00+00:00,18.2,0,400
2023-07-10 03:00:00+00:00,18.3,0,400
2023-07-10 04:00:00+00:00,17.5,0,400
2023-07-10 05:00:00+00:00,17.7,0,400
2023-07-10 06:00:00+00:00,17.9,9,400
2023-07-10 07:00:00+00:00,17.6,31,400
2023-07-10 08:00:00+00:00,17.7,22,400
2023-07-10 09:00:00+00:00,18.1,15,400
2023-07-10 10:00:00+00:00,17.6,68,400
2023-07-10 11:00:00+00:00,17.3,17,400
2023-07-10 12:00:00+00:00,18.3,19,400
2023-07-10 13:00:00+00:00,19,87,400
2023-07-10 14:00:00+00:00,20.1,347,400
2023-07-10 15:00:00+00:00,21.4,277,400
2023-07-10 16:00:00+00:00,21.1,500,400
2023-07-10 17:00:00+00:00,20.8,634,400
2023-07-10 18:00:00+00:00,20.1,517,400
2023-07-10 19:00:00+00:00,19.4,402,400
2023-07-10 20:00:00+00:00,17.8,255,400
2023-07-10 21:00:00+00:00,16.5,126,400
2023-07-10 22:00:00+00:00,15.2,27,400
2023-07-10 23:00:00+00:00,14.5,1,400
2023-07-11 00:00:00+00:00,14,0,400
2023-07-11 01:00:00+00:00,13.6,0,400
2023-07-11 02:00:00+00:00,13.2,0,400
2023-07-11 03:00:00+00:00,13.3,0,400
2023-07-11 04:00:00+00:00,13.5,0,400
2023-07-11 05:00:00+00:00,14.5,2,400
2023-07-11 06:00:00+00:00,16,40,400
2023-07-11 07:00:00+00:00,18,149,400
2023-07-11 08:00:00+00:00,19,271,400
2023-07-11 09:00:00+00:00,20.3,388,400
2023-07-11 10:00:00+00:00,21.3,402,400
2023-07-11 11:00:00+00:00,22.1,445,400
2023-07-11 12:00:00+00:00,23.1,459,400
2023-07-11 13:00:00+00:00,24.3,410,400
2023-07-11 14:00:00+00:00,24.3,550,400
2023-07-11 15:00:00+00:00,24.6,597,400
2023-07-11 16:00:00+00:00,24.9,415,400
2023-07-11 17:00:00+00:00,23.5,435,400
2023-07-11 18:00:00+00:00,23.1,311,400
2023-07-11 19:00:00+00:00,20.6,39,400
2023-07-11 20:00:00+00:00,20.8,112,400
2023-07-11 21:00:00+00:00,19.3,45,400
2023-07-11 22:00:00+00:00,17.6,10,400
2023-07-11 23:00:00+00:00,17,0,400
2023-07-12 00:00:00+00:00,16.7,0,400
2023-07-12 01:00:00+00:00,16.2,0,400
2023-07-12 02:00:00+00:00,16.7,0,400
2023-07-12 03:00:00+00:00,16.7,0,400
2023-07-12 04:00:00+00:00,16.4,0,400
2023-07-12 05:00:00+00:00,16.5,0,400
2023-07-12 06:00:00+00:00,16.7,1,400
2023-07-12 07:00:00+00:00,16.8,21,400
2023-07-12 08:00:00+00:00,17.1,38,400
2023-07-12 09:00:00+00:00,17.1,38,400
2023-07-12 10:00:00+00:00,17.4,91,400
2023-07-12 11:00:00+00:00,19.1,56,400
2023-07-12 12:00:00+00:00,19.9,413,400
2023-07-12 13:00:00+00:00,20.7,631,400
2023-07-12 14:00:00+00:00,21,707,400
2023-07-12 15:00:00+00:00,21,589,400
2023-07-12 16:00:00+00:00,20.4,564,400
2023-07-12 17:00:00+00:00,20,618,400
2023-07-12 18:00:00+00:00,19.4,472,400
2023-07-12 19:00:00+00:00,18,385,400
2023-07-12 20:00:00+00:00,16.5,278,400
2023-07-12 21:00:00+00:00,15.1,114,400
2023-07-12 22:00:00+00:00,13.9,21,400
2023-07-12 23:00:00+00:00,13.9,0,400
2023-07-13 00:00:00+00:00,13.9,0,400
2023-07-13 01:00:00+00:00,13.5,0,400
2023-07-13 02:00:00+00:00,14,0,400
2023-07-13 03:00:00+00:00,14.4,0,400
2023-07-13 04:00:00+00:00,14.9,0,400
2023-07-13 05:00:00+00:00,15.1,1,400
2023-07-13 06:00:00+00:00,15.4,13,400
2023-07-13 07:00:00+00:00,14.9,81,400
2023-07-13 08:00:00+00:00,14.8,139,400
2023-07-13 09:00:00+00:00,17.5,141,400
2023-07-13 10:00:00+00:00,18.8,308,400
2023-07-13 11:00:00+00:00,16,623,400
2023-07-13 12:00:00+00:00,17.9,748,400
2023-07-13 13:00:00+00:00,19.2,320,400
2023-07-13 14:00:00+00:00,18.8,691,400
2023-07-13 15:00:00+00:00,18.9,714,400
2023-07-13 16:00:00+00:00,17.3,557,400
2023-07-13 17:00:00+00:00,17.9,563,400
2023-07-13 18:00:00+00:00,17.4,187,400
2023-07-13 19:00:00+00:00,17,314,400
2023-07-13 20:00:00+00:00,15.7,112,400
2023-07-13 21:00:00+00:00,14.6,52,400
2023-07-13 22:00:00+00:00,13.9,21,400
2023-07-13 23:00:00+00:00,14.1,0,400
2023-07-14 00:00:00+00:00,13.8,0,400
2023-07-14 01:00:00+00:00,13.2,0,400
2023-07-14 02:00:00+00:00,13.1,0,400
2023-07-14 03:00:00+00:00,12.7,0,400
2023-07-14 04:00:00+00:00,12.6,0,400
2023-07-14 05:00:00+00:00,13.6,1,400
2023-07-14 06:00:00+00:00,15.1,19,400
2023-07-14 07:00:00+00:00,16.2,121,400
2023-07-14 08:00:00+00:00,17.2,255,400
2023-07-14 09:00:00+00:00,18.1,332,400
2023-07-14 10:00:00+00:00,19,527,400
2023-07-14 11:00:00+00:00,19.3,656,400
2023-07-14 12:00:00+00:00,20.1,752,400
2023-07-14 13:00:00+00:00,20.8,688,400
2023-07-14 14:00:00+00:00,21,767,400
2023-07-14 15:00:00+00:00,20.7,710,400
2023-07-14 16:00:00+00:00,20.4,641,400
2023-07-14 17:00:00+00:00,19.8,435,400
2023-07-14 18:00:00+00:00,19.4,353,400
2023-07-14 19:00:00+00:00,19,180,400
2023-07-14 20:00:00+00:00,18.2,119,400
2023-07-14 21:00:00+00:00,17.5,43,400
2023-07-14 22:00:00+00:00,17.6,9,400
2023-07-14 23:00:00+00:00,17.9,0,400
2023-07-15 00:00:00+00:00,17.4,0,400
2023-07-15 01:00:00+00:00,16.6,0,400
2023-07-15 02:00:00+00:00,17.2,0,400
2023-07-15 03:00:00+00:00,17.5,0,400
2023-07-15 04:00:00+00:00,17.8,0,400
2023-07-15 05:00:00+00:00,18.2,0,400
2023-07-15 06:00:00+00:00,18.9,6,400
2023-07-15 07:00:00+00:00,20.6,21,400
2023-07-15 08:00:00+00:00,21.2,92,400
2023-07-15 09:00:00+00:00,22.1,264,400
2023-07-15 10:00:00+00:00,23.7,260,400
2023-07-15 11:00:00+00:00,25.1,384,400
2023-07-15 12:00:00+00:00,25.8,552,400
2023-07-15 13:00:00+00:00,26.9,745,400
2023-07-15 14:00:00+00:00,27.4,725,400
2023-07-15 15:00:00+00:00,26.9,769,400
2023-07-15 16:00:00+00:00,25.7,706,400
2023-07-15 17:00:00+00:00,25.4,405,400
2023-07-15 18:00:00+00:00,25.5,137,400
2023-07-15 19:00:00+00:00,23.8,222,400
2023-07-15 20:00:00+00:00,23.3,188,400
2023-07-15 21:00:00+00:00,22.3,16,400
2023-07-15 22:00:00+00:00,18.8,3,400
2023-07-15 23:00:00+00:00,18.3,0,400
2023-07-16 00:00:00+00:00,18.3,0,400
2023-07-16 01:00:00+00:00,17.7,0,400
2023-07-16 02:00:00+00:00,17.3,0,400
2023-07-16 03:00:00+00:00,16.9,0,400
2023-07-16 04:00:00+00:00,16.7,0,400
2023-07-16 05:00:00+00:00,16.2,0,400
2023-07-16 06:00:00+00:00,16.7,7,400
2023-07-16 07:00:00+00:00,18.2,28,400
2023-07-16 08:00:00+00:00,18.8,184,400
2023-07-16 09:00:00+00:00,19.2,414,400
2023-07-16 10:00:00+00:00,19.3,415,400
2023-07-16 11:00:00+00:00,19.8,404,400
2023-07-16 12:00:00+00:00,20,359,400
2023-07-16 13:00:00+00:00,18.7,467,400
2023-07-16 14:00:00+00:00,21.1,423,400
2023-07-16 15:00:00+00:00,19.6,512,400
2023-07-16 16:00:00+00:00,17.4,592,400
2023-07-16 17:00:00+00:00,18.4,269,400
2023-07-16 18:00:00+00:00,18.8,239,400
2023-07-16 19:00:00+00:00,18.1,287,400
2023-07-16 20:00:00+00:00,17,191,400
2023-07-16 21:00:00+00:00,15.8,89,400
2023-07-16 22:00:00+00:00,15.3,15,400
2023-07-16 23:00:00+00:00,15,0,400
2023-07-17 00:00:00+00:00,14.8,0,400
2023-07-17 01:00:00+00:00,15.4,0,400
2023-07-17 02:00:00+00:00,15.1,0,400
2023-07-17 03:00:00+00:00,14.8,0,400
2023-07-17 04:00:00+00:00,15.2,0,400
2023-07-17 05:00:00+00:00,15.8,0,400
2023-07-17 06:00:00+00:00,16.4,11,400
2023-07-17 07:00:00+00:00,16.9,52,400
2023-07-17 08:00:00+00:00,15.3,126,400
2023-07-17 09:00:00+00:00,13.7,222,400
2023-07-17 10:00:00+00:00,15.9,96,400
2023-07-17 11:00:00+00:00,17.2,64,400
2023-07-17 12:00:00+00:00,18.9,503,400
2023-07-17 13:00:00+00:00,16.9,466,400
2023-07-17 14:00:00+00:00,18.2,738,400
2023-07-17 15:00:00+00:00,19.3,428,400
2023-07-17 16:00:00+00:00,18.8,646,400
2023-07-17 17:00:00+00:00,18.5,660,400
2023-07-17 18:00:00+00:00,17.5,467,400
2023-07-17 19:00:00+00:00,16.5,301,400
2023-07-17 20:00:00+00:00,15.2,234,400
2023-07-17 21:00:00+00:00,14.6,92,400
2023-07-17 22:00:00+00:00,14.7,9,400
2023-07-17 23:00:00+00:00,14.1,0,400
2023-07-18 00:00:00+00:00,13.4,0,400
2023-07-18 01:00:00+00:00,13,0,400
2023-07-18 02:00:00+00:00,12.5,0,400
2023-07-18 03:00:00+00:00,12.5,0,400
2023-07-18 04:00:00+00:00,13.1,0,400
2023-07-18 05:00:00+00:00,13.5,1,400
2023-07-18 06:00:00+00:00,14.2,22,400
2023-07-18 07:00:00+00:00,15.5,122,400
2023-07-18 08:00:00+00:00,16.6,169,400
2023-07-18 09:00:00+00:00,17.5,377,400
2023-07-18 10:00:00+00:00,18.1,427,400
2023-07-18 11:00:00+00:00,18.7,490,400
2023-07-18 12:00:00+00:00,18.9,480,400
2023-07-18 13:00:00+00:00,19.3,465,400
2023-07-18 14:00:00+00:00,19.3,583,400
2023-07-18 15:00:00+00:00,19.5,587,400
2023-07-18 16:00:00+00:00,19.6,596,400
2023-07-18 17:00:00+00:00,18.7,538,400
2023-07-18 18:00:00+00:00,17.7,504,400
2023-07-18 19:00:00+00:00,16.9,369,400
2023-07-18 20:00:00+00:00,15.3,178,400
2023-07-18 21:00:00+00:00,13.6,123,400
2023-07-18 22:00:00+00:00,12.9,19,400
2023-07-18 23:00:00+00:00,12.9,0,400
2023-07-19 00:00:00+00:00,12.9,0,400
2023-07-19 01:00:00+00:00,12.7,0,400
2023-07-19 02:00:00+00:00,12.5,0,400
2023-07-19 03:00:00+00:00,12.4,0,400
2023-07-19 04:00:00+00:00,12.4,0,400
2023-07-19 05:00:00+00:00,12.8,0,400
2023-07-19 06:00:00+00:00,13.6,4,400
2023-07-19 07:00:00+00:00,14.4,33,400
2023-07-19 08:00:00+00:00,15,112,400
2023-07-19 09:00:00+00:00,16,194,400
2023-07-19 10:00:00+00:00,16.3,280,400
2023-07-19 11:00:00+00:00,16.3,521,400
2023-07-19 12:00:00+00:00,16.6,408,400
2023-07-19 13:00:00+00:00,18.1,360,400
2023-07-19 14:00:00+00:00,17.4,440,400
2023-07-19 15:00:00+00:00,16.7,787,400
2023-07-19 16:00:00+00:00,16,241,400
2023-07-19 17:00:00+00:00,16.3,202,400
2023-07-19 18:00:00+00:00,16.3,150,400
2023-07-19 19:00:00+00:00,15.9,160,400
2023-07-19 20:00:00+00:00,14.8,225,400
2023-07-19 21:00:00+00:00,13.5,111,400
2023-07-19 22:00:00+00:00,12.6,21,400
2023-07-19 23:00:00+00:00,11.7,0,400
2023-07-20 00:00:00+00:00,10.8,0,400
2023-07-20 01:00:00+00:00,10.4,0,400
2023-07-20 02:00:00+00:00,10.6,0,400
2023-07-20 03:00:00+00:00,10.8,0,400
2023-07-20 04:00:00+00:00,10.7,0,400
2023-07-20 05:00:00+00:00,11.7,0,400
2023-07-20 06:00:00+00:00,13,26,400
2023-07-20 07:00:00+00:00,14.6,94,400
2023-07-20 08:00:00+00:00,15.4,267,400
2023-07-20 09:00:00+00:00,16.1,353,400
2023-07-20 10:00:00+00:00,16.6,476,400
2023-07-20 11:00:00+00:00,16,610,400
2023-07-20 12:00:00+00:00,17,580,400
2023-07-20 13:00:00+00:00,18.1,629,400
2023-07-20 14:00:00+00:00,18.5,750,400
2023-07-20 15:00:00+00:00,18.2,737,400
2023-07-20 16:00:00+00:00,17.5,715,400
2023-07-20 17:00:00+00:00,16.4,541,400
2023-07-20 18:00:00+00:00,15.3,419,400
2023-07-20 19:00:00+00:00,14.9,182,400
2023-07-20 20:00:00+00:00,14,177,400
2023-07-20 21:00:00+00:00,13.2,63,400
2023-07-20 22:00:00+00:00,11.9,13,400
2023-07-20 23:00:00+00:00,11.7,0,400
2023-07-21 00:00:00+00:00,11.3,0,400
2023-07-21 01:00:00+00:00,11.1,0,400
2023-07-21 02:00:00+00:00,11.5,0,400
2023-07-21 03:00:00+00:00,11.5,0,400
2023-07-21 04:00:00+00:00,12,0,400
2023-07-21 05:00:00+00:00,12.6,0,400
2023-07-21 06:00:00+00:00,13.7,16,400
2023-07-21 07:00:00+00:00,14.8,125,400
2023-07-21 08:00:00+00:00,15.5,254,400
2023-07-21 09:00:00+00:00,16.1,395,400
2023-07-21 10:00:00+00:00,16.5,481,400
2023-07-21 11:00:00+00:00,17.2,529,400
2023-07-21 12:00:00+00:00,17.9,544,400
2023-07-21 13:00:00+00:00,17.6,565,400
2023-07-21 14:00:00+00:00,16.7,566,400
2023-07-21 15:00:00+00:00,19,255,400
2023-07-21 16:00:00+00:00,18.4,339,400
2023-07-21 17:00:00+00:00,17.9,576,400
2023-07-21 18:00:00+00:00,17.3,341,400
2023-07-21 19:00:00+00:00,15.4,298,400
2023-07-21 20:00:00+00:00,15.2,132,400
2023-07-21 21:00:00+00:00,14.2,33,400
2023-07-21 22:00:00+00:00,12.6,9,400
2023-07-21 23:00:00+00:00,12.3,0,400
2023-07-22 00:00:00+00:00,12.4,0,400
2023-07-22 01:00:00+00:00,12,0,400
2023-07-22 02:00:00+00:00,11.7,0,400
2023-07-22 03:00:00+00:00,11.2,0,400
2023-07-22 04:00:00+00:00,10.7,0,400
2023-07-22 05:00:00+00:00,11,0,400
2023-07-22 06:00:00+00:00,12.5,21,400
2023-07-22 07:00:00+00:00,14.1,99,400
2023-07-22 08:00:00+00:00,15,243,400
2023-07-22 09:00:00+00:00,16,420,400
2023-07-22 10:00:00+00:00,14.4,491,400
2023-07-22 11:00:00+00:00,15.6,567,400
2023-07-22 12:00:00+00:00,16.4,278,400
2023-07-22 13:00:00+00:00,17.4,796,400
2023-07-22 14:00:00+00:00,16.6,516,400
2023-07-22 15:00:00+00:00,17.9,576,400
2023-07-22 16:00:00+00:00,16.8,427,400
2023-07-22 17:00:00+00:00,16.2,584,400
2023-07-22 18:00:00+00:00,15.1,215,400
2023-07-22 19:00:00+00:00,13.7,152,400
2023-07-22 20:00:00+00:00,12.9,73,400
2023-07-22 21:00:00+00:00,12.8,24,400
2023-07-22 22:00:00+00:00,12.7,6,400
2023-07-22 23:00:00+00:00,12.6,0,400
2023-07-23 00:00:00+00:00,12.8,0,400
2023-07-23 01:00:00+00:00,12.9,0,400
2023-07-23 02:00:00+00:00,13,0,400
2023-07-23 03:00:00+00:00,13.1,0,400
2023-07-23 04:00:00+00:00,13.6,0,400
2023-07-23 05:00:00+00:00,13.8,0,400
2023-07-23 06:00:00+00:00,14.1,5,400
2023-07-23 07:00:00+00:00,14.6,28,400
2023-07-23 08:00:00+00:00,14.8,49,400
2023-07-23 09:00:00+00:00,14.9,107,400
2023-07-23 10:00:00+00:00,15.1,120,400
2023-07-23 11:00:00+00:00,15.1,135,400
2023-07-23 12:00:00+00:00,15.2,127,400
2023-07-23 13:00:00+00:00,15.2,151,400
2023-07-23 14:00:00+00:00,15.4,151,400
2023-07-23 15:00:00+00:00,15.5,114,400
2023-07-23 16:00:00+00:00,15.8,124,400
2023-07-23 17:00:00+00:00,15.8,92,400
2023-07-23 18:00:00+00:00,15.9,74,400
2023-07-23 19:00:00+00:00,16.1,54,400
2023-07-23 20:00:00+00:00,16.2,38,400
2023-07-23 21:00:00+00:00,16.3,30,400
2023-07-23 22:00:00+00:00,16.5,6,400
2023-07-23 23:00:00+00:00,16.6,0,400
2023-07-24 00:00:00+00:00,16.6,0,400
2023-07-24 01:00:00+00:00,16.5,0,400
2023-07-24 02:00:00+00:00,16.6,0,400
2023-07-24 03:00:00+00:00,16.5,0,400
2023-07-24 04:00:00+00:00,16.5,0,400
2023-07-24 05:00:00+00:00,16.3,0,400
2023-07-24 06:00:00+00:00,16.2,6,400
2023-07-24 07:00:00+00:00,16.6,36,400
2023-07-24 08:00:00+00:00,16.9,102,400
2023-07-24 09:00:00+00:00,17.3,188,400
2023-07-24 10:00:00+00:00,18.2,182,400
2023-07-24 11:00:00+00:00,19.6,274,400
2023-07-24 12:00:00+00:00,20.2,411,400
2023-07-24 13:00:00+00:00,20.7,693,400
2023-07-24 14:00:00+00:00,20.9,641,400
2023-07-24 15:00:00+00:00,20.8,751,400
2023-07-24 16:00:00+00:00,19.9,612,400
2023-07-24 17:00:00+00:00,18.7,610,400
2023-07-24 18:00:00+00:00,18.2,313,400
2023-07-24 19:00:00+00:00,17.7,164,400
2023-07-24 20:00:00+00:00,16.5,93,400
2023-07-24 21:00:00+00:00,15.9,46,400
2023-07-24 22:00:00+00:00,15.1,7,400
2023-07-24 23:00:00+00:00,14.5,0,400
2023-07-25 00:00:00+00:00,13.9,0,400
2023-07-25 01:00:00+00:00,13.7,0,400
2023-07-25 02:00:00+00:00,13.7,0,400
2023-07-25 03:00:00+00:00,13.5,0,400
2023-07-25 04:00:00+00:00,12.9,0,400
2023-07-25 05:00:00+00:00,12.6,0,400
2023-07-25 06:00:00+00:00,13.8,12,400
2023-07-25 07:00:00+00:00,15.2,106,400
2023-07-25 08:00:00+00:00,16.2,252,400
2023-07-25 09:00:00+00:00,16.8,323,400
2023-07-25 10:00:00+00:00,16.4,530,400
2023-07-25 11:00:00+00:00,17.7,575,400
2023-07-25 12:00:00+00:00,18.6,368,400
2023-07-25 13:00:00+00:00,18.8,714,400
2023-07-25 14:00:00+00:00,18.1,808,400
2023-07-25 15:00:00+00:00,18,764,400
2023-07-25 16:00:00+00:00,16.7,526,400
2023-07-25 17:00:00+00:00,16.1,481,400
2023-07-25 18:00:00+00:00,15.3,244,400
2023-07-25 19:00:00+00:00,15,170,400
2023-07-25 20:00:00+00:00,13.6,120,400
2023-07-25 21:00:00+00:00,13,77,400
2023-07-25 22:00:00+00:00,12.3,13,400
2023-07-25 23:00:00+00:00,11.6,0,400
2023-07-26 00:00:00+00:00,11.1,0,400
2023-07-26 01:00:00+00:00,10.7,0,400
2023-07-26 02:00:00+00:00,10.5,0,400
2023-07-26 03:00:00+00:00,10.8,0,400
2023-07-26 04:00:00+00:00,11.5,0,400
2023-07-26 05:00:00+00:00,11.6,0,400
2023-07-26 06:00:00+00:00,12.9,7,400
2023-07-26 07:00:00+00:00,14.3,84,400
2023-07-26 08:00:00+00:00,15.1,253,400
2023-07-26 09:00:00+00:00,16.1,374,400
2023-07-26 10:00:00+00:00,14,450,400
2023-07-26 11:00:00+00:00,13.7,526,400
2023-07-26 12:00:00+00:00,16.1,458,400
2023-07-26 13:00:00+00:00,17.1,492,400
2023-07-26 14:00:00+00:00,16.8,808,400
2023-07-26 15:00:00+00:00,16.2,677,400
2023-07-26 16:00:00+00:00,14.4,504,400
2023-07-26 17:00:00+00:00,15.2,265,400
2023-07-26 18:00:00+00:00,15.1,178,400
2023-07-26 19:00:00+00:00,14.4,173,400
2023-07-26 20:00:00+00:00,13.7,141,400
2023-07-26 21:00:00+00:00,13.5,46,400
2023-07-26 23:00:00+00:00,13.2,6,400
2023-07-27 00:00:00+00:00,13.5,0,400
2023-07-27 01:00:00+00:00,13.2,0,400
2023-07-27 02:00:00+00:00,13.3,0,400
2023-07-27 03:00:00+00:00,12.7,0,400
2023-07-27 04:00:00+00:00,11.8,0,400
2023-07-27 05:00:00+00:00,11.6,0,400
2023-07-27 06:00:00+00:00,13.3,8,400
2023-07-27 07:00:00+00:00,15,36,400
2023-07-27 08:00:00+00:00,15.7,146,400
2023-07-27 09:00:00+00:00,16,251,400
2023-07-27 10:00:00+00:00,17.6,261,400
2023-07-27 11:00:00+00:00,19.1,408,400
2023-07-27 12:00:00+00:00,20.1,470,400
2023-07-27 13:00:00+00:00,20.5,598,400
2023-07-27 14:00:00+00:00,20.5,821,400
2023-07-27 15:00:00+00:00,20.4,840,400
2023-07-27 16:00:00+00:00,19.6,698,400
2023-07-27 17:00:00+00:00,19.3,597,400
2023-07-27 18:00:00+00:00,18.1,416,400
2023-07-27 19:00:00+00:00,16.7,364,400
2023-07-27 20:00:00+00:00,15.6,169,400
2023-07-27 21:00:00+00:00,14.5,54,400
2023-07-27 22:00:00+00:00,13.1,6,400
2023-07-27 23:00:00+00:00,12.4,0,400
2023-07-28 00:00:00+00:00,11.7,0,400
2023-07-28 01:00:00+00:00,11.6,0,400
2023-07-28 02:00:00+00:00,11.4,0,400
2023-07-28 03:00:00+00:00,11.2,0,400
2023-07-28 04:00:00+00:00,11.3,0,400
2023-07-28 05:00:00+00:00,11.6,0,400
2023-07-28 06:00:00+00:00,14.1,8,400
2023-07-28 07:00:00+00:00,16.3,51,400
2023-07-28 08:00:00+00:00,18.3,220,400
2023-07-28 09:00:00+00:00,19.6,383,400
2023-07-28 10:00:00+00:00,19.8,511,400
2023-07-28 11:00:00+00:00,21.3,695,400
2023-07-28 12:00:00+00:00,21.6,414,400
2023-07-28 13:00:00+00:00,21.3,795,400
2023-07-28 14:00:00+00:00,21.3,673,400
2023-07-28 15:00:00+00:00,20.8,299,400
2023-07-28 16:00:00+00:00,21.4,342,400
2023-07-28 17:00:00+00:00,21.9,152,400
2023-07-28 18:00:00+00:00,21.1,497,400
2023-07-28 19:00:00+00:00,19.3,358,400
2023-07-28 20:00:00+00:00,17.3,182,400
2023-07-28 21:00:00+00:00,16.2,61,400
2023-07-28 22:00:00+00:00,16.2,5,400
2023-07-28 23:00:00+00:00,16.7,0,400
2023-07-29 00:00:00+00:00,16.7,0,400
2023-07-29 01:00:00+00:00,16.7,0,400
2023-07-29 02:00:00+00:00,16,0,400
2023-07-29 03:00:00+00:00,14.9,0,400
2023-07-29 04:00:00+00:00,15,0,400
2023-07-29 05:00:00+00:00,15.3,0,400
2023-07-29 06:00:00+00:00,16.1,8,400
2023-07-29 07:00:00+00:00,16.7,67,400
2023-07-29 08:00:00+00:00,17.4,107,400
2023-07-29 09:00:00+00:00,18.5,59,400
2023-07-29 10:00:00+00:00,20,145,400
2023-07-29 11:00:00+00:00,20.9,199,400
2023-07-29 12:00:00+00:00,20.2,394,400
2023-07-29 13:00:00+00:00,19.4,608,400
2023-07-29 14:00:00+00:00,20.5,269,400
2023-07-29 15:00:00+00:00,21.6,389,400
2023-07-29 16:00:00+00:00,21.5,409,400
2023-07-29 17:00:00+00:00,21.3,502,400
2023-07-29 18:00:00+00:00,20.6,308,400
2023-07-29 19:00:00+00:00,19.2,352,400
2023-07-29 20:00:00+00:00,17.9,199,400
2023-07-29 21:00:00+00:00,17.3,63,400
2023-07-29 22:00:00+00:00,16.3,6,400
2023-07-29 23:00:00+00:00,15.5,0,400
2023-07-30 00:00:00+00:00,14.9,0,400
2023-07-30 01:00:00+00:00,13.9,0,400
2023-07-30 02:00:00+00:00,13.6,0,400
2023-07-30 03:00:00+00:00,13.3,0,400
2023-07-30 04:00:00+00:00,13.2,0,400
2023-07-30 05:00:00+00:00,13.8,0,400
2023-07-30 06:00:00+00:00,15.4,10,400
2023-07-30 07:00:00+00:00,17.3,53,400
2023-07-30 08:00:00+00:00,18.4,177,400
2023-07-30 09:00:00+00:00,19.6,329,400
2023-07-30 10:00:00+00:00,20.3,388,400
2023-07-30 11:00:00+00:00,21,558,400
2023-07-30 12:00:00+00:00,20.4,646,400
2023-07-30 13:00:00+00:00,18.4,611,400
2023-07-30 14:00:00+00:00,18.8,328,400
2023-07-30 15:00:00+00:00,18,465,400
2023-07-30 16:00:00+00:00,16.2,332,400
2023-07-30 17:00:00+00:00,17.7,229,400
2023-07-30 18:00:00+00:00,17,185,400
2023-07-30 19:00:00+00:00,15.2,302,400
2023-07-30 20:00:00+00:00,14.2,68,400
2023-07-30 21:00:00+00:00,13,22,400
2023-07-30 22:00:00+00:00,13.1,2,400
2023-07-30 23:00:00+00:00,12.8,0,400
2023-07-31 00:00:00+00:00,12.7,0,400
2023-07-31 01:00:00+00:00,13.4,0,400
2023-07-31 02:00:00+00:00,13.9,0,400
2023-07-31 03:00:00+00:00,13.8,0,400
2023-07-31 04:00:00+00:00,14.2,0,400
2023-07-31 05:00:00+00:00,14.3,0,400
2023-07-31 06:00:00+00:00,14.8,3,400
2023-07-31 07:00:00+00:00,15.3,49,400
2023-07-31 08:00:00+00:00,16.5,115,400
2023-07-31 09:00:00+00:00,17.1,125,400
2023-07-31 10:00:00+00:00,18.6,293,400
2023-07-31 11:00:00+00:00,19.3,462,400
2023-07-31 12:00:00+00:00,17.6,689,400
2023-07-31 13:00:00+00:00,18.9,641,400
2023-07-31 14:00:00+00:00,18.7,244,400
2023-07-31 15:00:00+00:00,18.5,530,400
2023-07-31 16:00:00+00:00,18.7,413,400
2023-07-31 17:00:00+00:00,18.3,299,400
2023-07-31 18:00:00+00:00,17.2,336,400
2023-07-31 19:00:00+00:00,16.2,243,400
2023-07-31 20:00:00+00:00,15,114,400
2023-07-31 21:00:00+00:00,14.9,37,400
2023-07-31 22:00:00+00:00,14.7,4,400
2023-07-31 23:00:00+00:00,14.2,0,400
2023-08-01 00:00:00+00:00,14.2,0,400
2023-08-01 01:00:00+00:00,15,0,400
2023-08-01 02:00:00+00:00,14.9,0,400
2023-08-01 03:00:00+00:00,14.5,0,400
2023-08-01 04:00:00+00:00,14.5,0,400
2023-08-01 05:00:00+00:00,14.6,0,400
2023-08-01 06:00:00+00:00,15.1,5,400
2023-08-01 07:00:00+00:00,16.2,26,400
2023-08-01 08:00:00+00:00,16.3,121,400
2023-08-01 09:00:00+00:00,16.2,185,400
2023-08-01 10:00:00+00:00,16.4,126,400
2023-08-01 11:00:00+00:00,17.9,94,400
2023-08-01 12:00:00+00:00,16.7,488,400
2023-08-01 13:00:00+00:00,16.8,451,400
2023-08-01 14:00:00+00:00,17.4,306,400
2023-08-01 15:00:00+00:00,17.6,355,400
2023-08-01 16:00:00+00:00,17.1,355,400
2023-08-01 17:00:00+00:00,16.8,213,400
2023-08-01 18:00:00+00:00,16.8,262,400
2023-08-01 19:00:00+00:00,16.2,135,400
2023-08-01 20:00:00+00:00,16,100,400
2023-08-01 21:00:00+00:00,15.6,34,400
2023-08-01 22:00:00+00:00,14.7,4,400
2023-08-01 23:00:00+00:00,14.6,0,400
2023-08-02 00:00:00+00:00,14.4,0,400
2023-08-02 01:00:00+00:00,13.6,0,400
2023-08-02 02:00:00+00:00,13.1,0,400
2023-08-02 03:00:00+00:00,12.4,0,400
2023-08-02 04:00:00+00:00,12.5,0,400
2023-08-02 05:00:00+00:00,13.3,0,400
2023-08-02 06:00:00+00:00,13.6,7,400
2023-08-02 07:00:00+00:00,13.7,27,400
2023-08-02 08:00:00+00:00,14.3,70,400
2023-08-02 09:00:00+00:00,16.3,211,400
2023-08-02 10:00:00+00:00,17.4,281,400
2023-08-02 11:00:00+00:00,18.6,527,400
2023-08-02 12:00:00+00:00,19,427,400
2023-08-02 13:00:00+00:00,18.7,470,400
2023-08-02 14:00:00+00:00,18.5,410,400
2023-08-02 15:00:00+00:00,18.5,300,400
2023-08-02 16:00:00+00:00,18,323,400
2023-08-02 17:00:00+00:00,17.6,203,400
2023-08-02 18:00:00+00:00,17.2,106,400
2023-08-02 19:00:00+00:00,16.5,49,400
2023-08-02 20:00:00+00:00,16.2,57,400
2023-08-02 21:00:00+00:00,15.7,10,400
2023-08-02 22:00:00+00:00,15.3,0,400
2023-08-02 23:00:00+00:00,15.7,0,400
2023-08-03 00:00:00+00:00,15.6,0,400
2023-08-03 01:00:00+00:00,15.7,0,400
2023-08-03 02:00:00+00:00,15.7,0,400
2023-08-03 03:00:00+00:00,15.2,0,400
2023-08-03 04:00:00+00:00,14.6,0,400
2023-08-03 05:00:00+00:00,14.9,0,400
2023-08-03 06:00:00+00:00,15.5,5,400
2023-08-03 07:00:00+00:00,16,35,400
2023-08-03 08:00:00+00:00,16.3,81,400
2023-08-03 09:00:00+00:00,17.9,160,400
2023-08-03 10:00:00+00:00,18.7,186,400
2023-08-03 11:00:00+00:00,19.5,529,400
2023-08-03 12:00:00+00:00,19.7,421,400
2023-08-03 13:00:00+00:00,17.2,440,400
2023-08-03 14:00:00+00:00,17.7,322,400
2023-08-03 15:00:00+00:00,18.7,158,400
2023-08-03 16:00:00+00:00,18.7,204,400
2023-08-03 17:00:00+00:00,18.2,420,400
2023-08-03 18:00:00+00:00,17.7,66,400
2023-08-03 19:00:00+00:00,17.2,154,400
2023-08-03 20:00:00+00:00,16.7,69,400
2023-08-03 21:00:00+00:00,16.3,23,400
2023-08-03 22:00:00+00:00,16,3,400
2023-08-03 23:00:00+00:00,15.2,0,400
2023-08-04 00:00:00+00:00,14.7,0,400
2023-08-04 01:00:00+00:00,14.2,0,400
2023-08-04 02:00:00+00:00,13.6,0,400
2023-08-04 03:00:00+00:00,13.2,0,400
2023-08-04 04:00:00+00:00,13.3,0,400
2023-08-04 05:00:00+00:00,13.8,0,400
2023-08-04 06:00:00+00:00,15,7,400
2023-08-04 07:00:00+00:00,15.9,68,400
2023-08-04 08:00:00+00:00,17,154,400
2023-08-04 09:00:00+00:00,17.9,123,400
2023-08-04 10:00:00+00:00,18.3,291,400
2023-08-04 11:00:00+00:00,18.5,373,400
2023-08-04 12:00:00+00:00,19.3,430,400
2023-08-04 13:00:00+00:00,19.7,390,400
2023-08-04 14:00:00+00:00,19.9,553,400
2023-08-04 15:00:00+00:00,19.4,653,400
2023-08-04 16:00:00+00:00,18.4,682,400
2023-08-04 17:00:00+00:00,17.8,578,400
2023-08-04 18:00:00+00:00,17.2,315,400
2023-08-04 19:00:00+00:00,16.1,202,400
2023-08-04 20:00:00+00:00,15.2,125,400
2023-08-04 21:00:00+00:00,14.2,44,400
2023-08-04 22:00:00+00:00,13.9,2,400
2023-08-04 23:00:00+00:00,13,0,400
2023-08-05 00:00:00+00:00,12.8,0,400
2023-08-05 01:00:00+00:00,12.8,0,400
2023-08-05 02:00:00+00:00,12.8,0,400
2023-08-05 03:00:00+00:00,12.8,0,400
2023-08-05 04:00:00+00:00,13.1,0,400
2023-08-05 05:00:00+00:00,13.5,0,400
2023-08-05 06:00:00+00:00,14.4,3,400
2023-08-05 07:00:00+00:00,15.8,27,400
2023-08-05 08:00:00+00:00,16.5,139,400
2023-08-05 09:00:00+00:00,17.1,358,400
2023-08-05 10:00:00+00:00,17.7,348,400
2023-08-05 11:00:00+00:00,18.8,341,400
2023-08-05 12:00:00+00:00,19.2,421,400
2023-08-05 13:00:00+00:00,19.8,529,400
2023-08-05 14:00:00+00:00,19.9,631,400
2023-08-05 15:00:00+00:00,19.8,599,400
2023-08-05 16:00:00+00:00,20.2,556,400
2023-08-05 17:00:00+00:00,20.1,432,400
2023-08-05 18:00:00+00:00,19.4,510,400
2023-08-05 19:00:00+00:00,17.5,339,400
2023-08-05 20:00:00+00:00,16,196,400
2023-08-05 21:00:00+00:00,14.9,31,400
2023-08-05 22:00:00+00:00,14.4,3,400
2023-08-05 23:00:00+00:00,14.7,0,400
2023-08-06 00:00:00+00:00,14.4,0,400
2023-08-06 01:00:00+00:00,13.8,0,400
2023-08-06 02:00:00+00:00,13.8,0,400
2023-08-06 03:00:00+00:00,13.8,0,400
2023-08-06 04:00:00+00:00,13.4,0,400
2023-08-06 05:00:00+00:00,13.4,0,400
2023-08-06 06:00:00+00:00,14.6,3,400
2023-08-06 07:00:00+00:00,15.8,42,400
2023-08-06 08:00:00+00:00,16.6,117,400
2023-08-06 09:00:00+00:00,17.1,184,400
2023-08-06 10:00:00+00:00,17.6,232,400
2023-08-06 11:00:00+00:00,18.2,273,400
2023-08-06 12:00:00+00:00,18.3,321,400
2023-08-06 13:00:00+00:00,18.4,351,400
2023-08-06 14:00:00+00:00,18,329,400
2023-08-06 15:00:00+00:00,17.7,350,400
2023-08-06 16:00:00+00:00,17.6,304,400
2023-08-06 17:00:00+00:00,17.1,241,400
2023-08-06 18:00:00+00:00,16.7,181,400
2023-08-06 19:00:00+00:00,16.4,109,400
2023-08-06 20:00:00+00:00,16,66,400
2023-08-06 21:00:00+00:00,15.7,19,400
2023-08-06 22:00:00+00:00,15.5,1,400
2023-08-06 23:00:00+00:00,15.1,0,400
2023-08-07 00:00:00+00:00,14.7,0,400
2023-08-07 01:00:00+00:00,14.5,0,400
2023-08-07 02:00:00+00:00,14.4,0,400
2023-08-07 03:00:00+00:00,14.4,0,400
2023-08-07 04:00:00+00:00,14.2,0,400
2023-08-07 05:00:00+00:00,14.2,0,400
2023-08-07 06:00:00+00:00,14.5,0,400
2023-08-07 07:00:00+00:00,14.6,8,400
2023-08-07 08:00:00+00:00,15.1,51,400
2023-08-07 09:00:00+00:00,15.6,103,400
2023-08-07 10:00:00+00:00,16.3,74,400
2023-08-07 11:00:00+00:00,16.3,105,400
2023-08-07 12:00:00+00:00,16.4,223,400
2023-08-07 13:00:00+00:00,16.3,227,400
2023-08-07 14:00:00+00:00,15.4,291,400
2023-08-07 15:00:00+00:00,15.3,352,400
2023-08-07 16:00:00+00:00,15.2,180,400
2023-08-07 17:00:00+00:00,14.2,171,400
2023-08-07 18:00:00+00:00,14.2,175,400
2023-08-07 19:00:00+00:00,14.1,108,400
2023-08-07 20:00:00+00:00,13.7,57,400
2023-08-07 21:00:00+00:00,13.7,22,400
2023-08-07 22:00:00+00:00,13.8,1,400
2023-08-07 23:00:00+00:00,13.7,0,400
2023-08-08 00:00:00+00:00,13.6,0,400
2023-08-08 01:00:00+00:00,13.6,0,400
2023-08-08 02:00:00+00:00,13.2,0,400
2023-08-08 03:00:00+00:00,12.9,0,400
2023-08-08 04:00:00+00:00,12.8,0,400
2023-08-08 05:00:00+00:00,12.9,0,400
2023-08-08 06:00:00+00:00,13.5,4,400
2023-08-08 07:00:00+00:00,14.4,64,400
2023-08-08 08:00:00+00:00,15.3,202,400
2023-08-08 09:00:00+00:00,16,356,400
2023-08-08 10:00:00+00:00,16.2,500,400
2023-08-08 11:00:00+00:00,16.2,431,400
2023-08-08 12:00:00+00:00,15.2,525,400
2023-08-08 13:00:00+00:00,14.9,418,400
2023-08-08 14:00:00+00:00,14.5,566,400
2023-08-08 15:00:00+00:00,15.8,459,400
2023-08-08 16:00:00+00:00,15.8,392,400
2023-08-08 17:00:00+00:00,15.5,568,400
2023-08-08 18:00:00+00:00,14,464,400
2023-08-08 19:00:00+00:00,13.8,265,400
2023-08-08 20:00:00+00:00,13,74,400
2023-08-08 21:00:00+00:00,12.5,27,400
2023-08-08 22:00:00+00:00,12.4,1,400
2023-08-08 23:00:00+00:00,12.7,0,400
2023-08-09 00:00:00+00:00,12.6,0,400
2023-08-09 01:00:00+00:00,12.5,0,400
2023-08-09 02:00:00+00:00,12.3,0,400
2023-08-09 03:00:00+00:00,12.2,0,400
2023-08-09 04:00:00+00:00,12.4,0,400
2023-08-09 05:00:00+00:00,12.3,0,400
2023-08-09 06:00:00+00:00,12.8,1,400
2023-08-09 07:00:00+00:00,13.3,15,400
2023-08-09 08:00:00+00:00,13.4,72,400
2023-08-09 09:00:00+00:00,14.1,95,400
2023-08-09 10:00:00+00:00,13.9,168,400
2023-08-09 11:00:00+00:00,14.8,348,400
2023-08-09 12:00:00+00:00,14.8,394,400
2023-08-09 13:00:00+00:00,15.7,367,400
2023-08-09 14:00:00+00:00,15.8,507,400
2023-08-09 15:00:00+00:00,16,393,400
2023-08-09 16:00:00+00:00,15.9,339,400
2023-08-09 17:00:00+00:00,14.9,369,400
2023-08-09 18:00:00+00:00,14.2,262,400
2023-08-09 19:00:00+00:00,14,111,400
2023-08-09 20:00:00+00:00,12.8,67,400
2023-08-09 21:00:00+00:00,12.6,20,400
2023-08-09 22:00:00+00:00,12.8,1,400
2023-08-09 23:00:00+00:00,12.8,0,400
2023-08-10 00:00:00+00:00,12.4,0,400
2023-08-10 01:00:00+00:00,12.4,0,400
2023-08-10 02:00:00+00:00,12.1,0,400
2023-08-10 03:00:00+00:00,11.9,0,400
2023-08-10 04:00:00+00:00,12.2,0,400
2023-08-10 05:00:00+00:00,11.9,0,400
2023-08-10 06:00:00+00:00,12.3,2,400
2023-08-10 07:00:00+00:00,13.8,27,400
2023-08-10 08:00:00+00:00,15,156,400
2023-08-10 09:00:00+00:00,15.7,310,400
2023-08-10 10:00:00+00:00,16.6,411,400
2023-08-10 11:00:00+00:00,16.4,506,400
2023-08-10 12:00:00+00:00,17.1,549,400
2023-08-10 13:00:00+00:00,17.9,398,400
2023-08-10 14:00:00+00:00,17.4,513,400
2023-08-10 15:00:00+00:00,17.5,642,400
2023-08-10 16:00:00+00:00,17.7,308,400
2023-08-10 17:00:00+00:00,17.5,309,400
2023-08-10 18:00:00+00:00,16.7,332,400
2023-08-10 19:00:00+00:00,15.3,298,400
2023-08-10 20:00:00+00:00,13.3,182,400
2023-08-10 21:00:00+00:00,12.2,47,400
2023-08-10 22:00:00+00:00,11.6,1,400
2023-08-10 23:00:00+00:00,11.6,0,400
2023-08-11 00:00:00+00:00,11.6,0,400
2023-08-11 01:00:00+00:00,12.1,0,400
2023-08-11 02:00:00+00:00,12.2,0,400
2023-08-11 03:00:00+00:00,12.4,0,400
2023-08-11 04:00:00+00:00,13.1,0,400
2023-08-11 05:00:00+00:00,13.6,0,400
2023-08-11 06:00:00+00:00,14.3,1,400
2023-08-11 07:00:00+00:00,16.1,22,400
2023-08-11 08:00:00+00:00,17.4,146,400
2023-08-11 09:00:00+00:00,17.6,337,400
2023-08-11 10:00:00+00:00,18.5,399,400
2023-08-11 11:00:00+00:00,18.7,407,400
2023-08-11 12:00:00+00:00,19.5,459,400
2023-08-11 13:00:00+00:00,20.2,387,400
2023-08-11 14:00:00+00:00,20.3,460,400
2023-08-11 15:00:00+00:00,21.2,345,400
2023-08-11 16:00:00+00:00,22,366,400
2023-08-11 17:00:00+00:00,21.1,485,400
2023-08-11 18:00:00+00:00,20.6,438,400
2023-08-11 19:00:00+00:00,19.8,180,400
2023-08-11 20:00:00+00:00,18.5,124,400
2023-08-11 21:00:00+00:00,18.1,28,400
2023-08-11 22:00:00+00:00,18.4,1,400
2023-08-11 23:00:00+00:00,18.5,0,400
2023-08-12 00:00:00+00:00,18.9,0,400
2023-08-12 01:00:00+00:00,18.4,0,400
2023-08-12 02:00:00+00:00,18.5,0,400
2023-08-12 03:00:00+00:00,17.7,0,400
2023-08-12 04:00:00+00:00,17.2,0,400
2023-08-12 05:00:00+00:00,17,0,400
2023-08-12 06:00:00+00:00,17,1,400
2023-08-12 07:00:00+00:00,17.5,7,400
2023-08-12 08:00:00+00:00,18,23,400
2023-08-12 09:00:00+00:00,18.3,76,400
2023-08-12 10:00:00+00:00,19.2,53,400
2023-08-12 11:00:00+00:00,20.7,201,400
2023-08-12 12:00:00+00:00,21.3,249,400
2023-08-12 13:00:00+00:00,21.3,652,400
2023-08-12 14:00:00+00:00,20.8,390,400
2023-08-12 15:00:00+00:00,19.9,243,400
2023-08-12 16:00:00+00:00,18.8,148,400
2023-08-12 17:00:00+00:00,18.2,40,400
2023-08-12 18:00:00+00:00,17.9,23,400
2023-08-12 19:00:00+00:00,17.4,10,400
2023-08-12 20:00:00+00:00,17.5,5,400
2023-08-12 21:00:00+00:00,17.5,11,400
2023-08-12 22:00:00+00:00,17.1,0,400
2023-08-12 23:00:00+00:00,16.2,0,400
2023-08-13 00:00:00+00:00,15.8,0,400
2023-08-13 01:00:00+00:00,15.3,0,400
2023-08-13 02:00:00+00:00,15,0,400
2023-08-13 03:00:00+00:00,14.7,0,400
2023-08-13 04:00:00+00:00,14.9,0,400
2023-08-13 05:00:00+00:00,14.6,0,400
2023-08-13 06:00:00+00:00,15.4,2,400
2023-08-13 07:00:00+00:00,16.2,42,400
2023-08-13 08:00:00+00:00,17.3,67,400
2023-08-13 09:00:00+00:00,18.2,157,400
2023-08-13 10:00:00+00:00,18.8,335,400
2023-08-13 11:00:00+00:00,19.8,357,400
2023-08-13 12:00:00+00:00,20.7,458,400
2023-08-13 13:00:00+00:00,20.7,554,400
2023-08-13 14:00:00+00:00,20.6,593,400
2023-08-13 15:00:00+00:00,20.9,570,400
2023-08-13 16:00:00+00:00,20.9,389,400
2023-08-13 17:00:00+00:00,20.3,372,400
2023-08-13 18:00:00+00:00,19.6,319,400
2023-08-13 19:00:00+00:00,18.6,196,400
2023-08-13 20:00:00+00:00,17.1,104,400
2023-08-13 21:00:00+00:00,16.6,23,400
2023-08-13 22:00:00+00:00,16.5,0,400
2023-08-13 23:00:00+00:00,16,0,400
2023-08-14 00:00:00+00:00,16.2,0,400
2023-08-14 01:00:00+00:00,16.8,0,400
2023-08-14 02:00:00+00:00,16.6,0,400
2023-08-14 03:00:00+00:00,16,0,400
2023-08-14 04:00:00+00:00,15.9,0,400
2023-08-14 05:00:00+00:00,15.7,0,400
2023-08-14 06:00:00+00:00,16.9,1,400
2023-08-14 07:00:00+00:00,18.7,45,400
2023-08-14 08:00:00+00:00,20.2,163,400
2023-08-14 09:00:00+00:00,21.2,271,400
2023-08-14 10:00:00+00:00,22,503,400
2023-08-14 11:00:00+00:00,22.8,473,400
2023-08-14 12:00:00+00:00,22.9,593,400
2023-08-14 13:00:00+00:00,23.1,561,400
2023-08-14 14:00:00+00:00,23.5,438,400
2023-08-14 15:00:00+00:00,23.1,542,400
2023-08-14 16:00:00+00:00,23.6,522,400
2023-08-14 17:00:00+00:00,23.7,347,400
2023-08-14 18:00:00+00:00,23.1,402,400
2023-08-14 19:00:00+00:00,21.7,313,400
2023-08-14 20:00:00+00:00,19.7,164,400
2023-08-14 21:00:00+00:00,19.1,33,400
2023-08-14 22:00:00+00:00,19,0,400
2023-08-14 23:00:00+00:00,18.3,0,400
2023-08-15 00:00:00+00:00,17.8,0,400
2023-08-15 01:00:00+00:00,17.7,0,400
2023-08-15 02:00:00+00:00,17.6,0,400
2023-08-15 03:00:00+00:00,17.8,0,400
2023-08-15 04:00:00+00:00,16.8,0,400
2023-08-15 05:00:00+00:00,16.6,0,400
2023-08-15 06:00:00+00:00,18.3,1,400
2023-08-15 07:00:00+00:00,20.5,29,400
2023-08-15 08:00:00+00:00,23.2,96,400
2023-08-15 09:00:00+00:00,23.6,213,400
2023-08-15 10:00:00+00:00,22.9,477,400
2023-08-15 11:00:00+00:00,22.1,271,400
2023-08-15 12:00:00+00:00,23.9,167,400
2023-08-15 13:00:00+00:00,23.9,315,400
2023-08-15 14:00:00+00:00,23.5,652,400
2023-08-15 15:00:00+00:00,22.8,455,400
2023-08-15 16:00:00+00:00,22.4,464,400
2023-08-15 17:00:00+00:00,21,408,400
2023-08-15 18:00:00+00:00,19.7,408,400
2023-08-15 19:00:00+00:00,18.6,213,400
2023-08-15 20:00:00+00:00,16.9,111,400
2023-08-15 21:00:00+00:00,16.2,45,400
2023-08-15 22:00:00+00:00,15.4,1,400
2023-08-15 23:00:00+00:00,15.1,0,400
2023-08-16 00:00:00+00:00,14.7,0,400
2023-08-16 01:00:00+00:00,14.2,0,400
2023-08-16 02:00:00+00:00,14.1,0,400
2023-08-16 03:00:00+00:00,13.8,0,400
2023-08-16 04:00:00+00:00,14.5,0,400
2023-08-16 05:00:00+00:00,14.9,0,400
2023-08-16 06:00:00+00:00,15.7,1,400
2023-08-16 07:00:00+00:00,16.7,21,400
2023-08-16 08:00:00+00:00,17.7,79,400
2023-08-16 09:00:00+00:00,18.7,209,400
2023-08-16 10:00:00+00:00,19,442,400
2023-08-16 11:00:00+00:00,19.6,540,400
2023-08-16 12:00:00+00:00,20,517,400
2023-08-16 13:00:00+00:00,20.5,622,400
2023-08-16 14:00:00+00:00,20.3,710,400
2023-08-16 15:00:00+00:00,20.5,719,400
2023-08-16 16:00:00+00:00,20.1,488,400
2023-08-16 17:00:00+00:00,19.9,521,400
2023-08-16 18:00:00+00:00,19.2,377,400
2023-08-16 19:00:00+00:00,17.7,292,400
2023-08-16 20:00:00+00:00,15.7,153,400
2023-08-16 21:00:00+00:00,14.2,33,400
2023-08-16 22:00:00+00:00,13.1,0,400
2023-08-16 23:00:00+00:00,12.7,0,400
2023-08-17 00:00:00+00:00,12.2,0,400
2023-08-17 01:00:00+00:00,11,0,400
2023-08-17 02:00:00+00:00,10.5,0,400
2023-08-17 03:00:00+00:00,11,0,400
2023-08-17 04:00:00+00:00,11,0,400
2023-08-17 05:00:00+00:00,11.3,0,400
2023-08-17 06:00:00+00:00,12.5,1,400
2023-08-17 07:00:00+00:00,13.8,19,400
2023-08-17 08:00:00+00:00,14.9,56,400
2023-08-17 09:00:00+00:00,15.7,94,400
2023-08-17 10:00:00+00:00,16.9,198,400
2023-08-17 11:00:00+00:00,17.4,237,400
2023-08-17 12:00:00+00:00,18.1,477,400
2023-08-17 13:00:00+00:00,18,389,400
2023-08-17 14:00:00+00:00,17.5,415,400
2023-08-17 15:00:00+00:00,17.5,376,400
2023-08-17 16:00:00+00:00,17.2,333,400
2023-08-17 17:00:00+00:00,16.8,365,400
2023-08-17 18:00:00+00:00,16.3,140,400
2023-08-17 19:00:00+00:00,16,62,400
2023-08-17 20:00:00+00:00,16,31,400
2023-08-17 21:00:00+00:00,16.1,12,400
2023-08-17 22:00:00+00:00,15.8,0,400
2023-08-17 23:00:00+00:00,15.7,0,400
2023-08-18 00:00:00+00:00,15.7,0,400
2023-08-18 01:00:00+00:00,15.6,0,400
2023-08-18 02:00:00+00:00,15.6,0,400
2023-08-18 03:00:00+00:00,15.8,0,400
2023-08-18 04:00:00+00:00,15.4,0,400
2023-08-18 05:00:00+00:00,15.1,0,400
2023-08-18 06:00:00+00:00,15.3,0,400
2023-08-18 07:00:00+00:00,16.1,11,400
2023-08-18 08:00:00+00:00,17.1,47,400
2023-08-18 09:00:00+00:00,17.7,116,400
2023-08-18 10:00:00+00:00,18.2,239,400
2023-08-18 11:00:00+00:00,18.2,248,400
2023-08-18 12:00:00+00:00,19,336,400
2023-08-18 13:00:00+00:00,19.8,223,400
2023-08-18 14:00:00+00:00,20.8,338,400
2023-08-18 15:00:00+00:00,21.2,412,400
2023-08-18 16:00:00+00:00,20.9,413,400
2023-08-18 17:00:00+00:00,20.7,265,400
2023-08-18 18:00:00+00:00,19.9,200,400
2023-08-18 19:00:00+00:00,19.1,160,400
2023-08-18 20:00:00+00:00,18.2,52,400
2023-08-18 21:00:00+00:00,17.7,9,400
2023-08-18 22:00:00+00:00,17.6,0,400
2023-08-18 23:00:00+00:00,17.5,0,400
2023-08-19 00:00:00+00:00,17.4,0,400
2023-08-19 01:00:00+00:00,17.2,0,400
2023-08-19 02:00:00+00:00,17,0,400
2023-08-19 03:00:00+00:00,16.6,0,400
2023-08-19 04:00:00+00:00,16.5,0,400
2023-08-19 05:00:00+00:00,16.3,0,400
2023-08-19 06:00:00+00:00,16.2,0,400
2023-08-19 07:00:00+00:00,16.5,8,400
2023-08-19 08:00:00+00:00,16.9,40,400
2023-08-19 09:00:00+00:00,17.8,98,400
2023-08-19 10:00:00+00:00,19.3,140,400
2023-08-19 11:00:00+00:00,20.2,314,400
2023-08-19 12:00:00+00:00,20.3,459,400
2023-08-19 13:00:00+00:00,20.4,611,400
2023-08-19 14:00:00+00:00,20.1,599,400
2023-08-19 15:00:00+00:00,20,363,400
2023-08-19 16:00:00+00:00,20,172,400
2023-08-19 17:00:00+00:00,20.1,108,400
2023-08-19 18:00:00+00:00,19.9,89,400
2023-08-19 19:00:00+00:00,19.4,41,400
2023-08-19 20:00:00+00:00,19,21,400
2023-08-19 21:00:00+00:00,19,1,400
2023-08-19 22:00:00+00:00,18.9,0,400
2023-08-19 23:00:00+00:00,19.4,0,400
2023-08-20 00:00:00+00:00,19.5,0,400
2023-08-20 01:00:00+00:00,18.8,0,400
2023-08-20 02:00:00+00:00,18,0,400
2023-08-20 03:00:00+00:00,16.9,0,400
2023-08-20 04:00:00+00:00,16,0,400
2023-08-20 05:00:00+00:00,16,0,400
2023-08-20 06:00:00+00:00,16.3,0,400
2023-08-20 07:00:00+00:00,16.5,28,400
2023-08-20 08:00:00+00:00,17.1,109,400
2023-08-20 09:00:00+00:00,18.2,212,400
2023-08-20 10:00:00+00:00,19.1,293,400
2023-08-20 11:00:00+00:00,20.1,353,400
2023-08-20 12:00:00+00:00,21.5,499,400
2023-08-20 13:00:00+00:00,22.4,606,400
2023-08-20 14:00:00+00:00,23,692,400
2023-08-20 15:00:00+00:00,23.2,645,400
2023-08-20 16:00:00+00:00,23.5,594,400
2023-08-20 17:00:00+00:00,22.9,449,400
2023-08-20 18:00:00+00:00,21.4,430,400
2023-08-20 19:00:00+00:00,19.6,252,400
2023-08-20 20:00:00+00:00,18.6,75,400
2023-08-20 21:00:00+00:00,17.5,11,400
2023-08-20 22:00:00+00:00,16.8,0,400
2023-08-20 23:00:00+00:00,16.1,0,400
2023-08-21 00:00:00+00:00,15.6,0,400
2023-08-21 01:00:00+00:00,15,0,400
2023-08-21 02:00:00+00:00,14.8,0,400
2023-08-21 03:00:00+00:00,14.3,0,400
2023-08-21 04:00:00+00:00,14,0,400
2023-08-21 05:00:00+00:00,13.9,0,400
2023-08-21 06:00:00+00:00,14.9,0,400
2023-08-21 07:00:00+00:00,15.8,31,400
2023-08-21 08:00:00+00:00,17.5,82,400
2023-08-21 09:00:00+00:00,19.4,191,400
2023-08-21 10:00:00+00:00,20.4,415,400
2023-08-21 11:00:00+00:00,21,566,400
2023-08-21 12:00:00+00:00,21.8,672,400
2023-08-21 13:00:00+00:00,22.2,667,400
2023-08-21 14:00:00+00:00,22.8,757,400
2023-08-21 15:00:00+00:00,22.6,690,400
2023-08-21 16:00:00+00:00,22.3,625,400
2023-08-21 17:00:00+00:00,22.3,516,400
2023-08-21 18:00:00+00:00,21.2,303,400
2023-08-21 19:00:00+00:00,19.1,273,400
2023-08-21 20:00:00+00:00,17.4,114,400
2023-08-21 21:00:00+00:00,16.6,17,400
2023-08-21 22:00:00+00:00,15.5,0,400
2023-08-21 23:00:00+00:00,15.5,0,400
2023-08-22 00:00:00+00:00,15.5,0,400
2023-08-22 01:00:00+00:00,15.5,0,400
2023-08-22 02:00:00+00:00,16,0,400
2023-08-22 03:00:00+00:00,16.1,0,400
2023-08-22 04:00:00+00:00,15.6,0,400
2023-08-22 05:00:00+00:00,15.4,0,400
2023-08-22 06:00:00+00:00,16.1,0,400
2023-08-22 07:00:00+00:00,17.7,20,400
2023-08-22 08:00:00+00:00,18.3,133,400
2023-08-22 09:00:00+00:00,19.8,257,400
2023-08-22 10:00:00+00:00,20.8,352,400
2023-08-22 11:00:00+00:00,21.6,525,400
2023-08-22 12:00:00+00:00,22,649,400
2023-08-22 13:00:00+00:00,22.8,680,400
2023-08-22 14:00:00+00:00,22.9,593,400
2023-08-22 15:00:00+00:00,22.7,703,400
2023-08-22 16:00:00+00:00,22.6,495,400
2023-08-22 17:00:00+00:00,22.1,469,400
2023-08-22 18:00:00+00:00,21.2,387,400
2023-08-22 19:00:00+00:00,19.8,246,400
2023-08-22 20:00:00+00:00,18.5,91,400
2023-08-22 21:00:00+00:00,17.2,11,400
2023-08-22 22:00:00+00:00,15.6,0,400
2023-08-22 23:00:00+00:00,15.9,0,400
2023-08-23 00:00:00+00:00,15.6,0,400
2023-08-23 01:00:00+00:00,15.8,0,400
2023-08-23 02:00:00+00:00,15.2,0,400
2023-08-23 03:00:00+00:00,15.8,0,400
2023-08-23 04:00:00+00:00,15.7,0,400
2023-08-23 05:00:00+00:00,16,0,400
2023-08-23 06:00:00+00:00,16.2,0,400
2023-08-23 07:00:00+00:00,17,21,400
2023-08-23 08:00:00+00:00,18.2,122,400
2023-08-23 09:00:00+00:00,19.4,285,400
2023-08-23 10:00:00+00:00,20,409,400
2023-08-23 11:00:00+00:00,20.4,401,400
2023-08-23 12:00:00+00:00,18.8,428,400
2023-08-23 13:00:00+00:00,18,373,400
2023-08-23 14:00:00+00:00,20.3,124,400
2023-08-23 15:00:00+00:00,20.8,337,400
2023-08-23 16:00:00+00:00,20.2,497,400
2023-08-23 17:00:00+00:00,19.8,274,400
2023-08-23 18:00:00+00:00,19,162,400
2023-08-23 19:00:00+00:00,18.3,121,400
2023-08-23 20:00:00+00:00,17.5,47,400
2023-08-23 21:00:00+00:00,16.2,8,400
2023-08-23 22:00:00+00:00,15.1,0,400
2023-08-23 23:00:00+00:00,14.6,0,400
2023-08-24 00:00:00+00:00,13.8,0,400
2023-08-24 01:00:00+00:00,13.3,0,400
2023-08-24 02:00:00+00:00,13.4,0,400
2023-08-24 03:00:00+00:00,13,0,400
2023-08-24 04:00:00+00:00,12.3,0,400
2023-08-24 05:00:00+00:00,12.5,0,400
2023-08-24 06:00:00+00:00,14,0,400
2023-08-24 07:00:00+00:00,15.5,21,400
2023-08-24 08:00:00+00:00,17,131,400
2023-08-24 09:00:00+00:00,17.9,265,400
2023-08-24 10:00:00+00:00,19,414,400
2023-08-24 11:00:00+00:00,19.7,427,400
2023-08-24 12:00:00+00:00,20.2,626,400
2023-08-24 13:00:00+00:00,20.6,562,400
2023-08-24 14:00:00+00:00,20.6,580,400
2023-08-24 15:00:00+00:00,20.4,549,400
2023-08-24 16:00:00+00:00,19.9,373,400
2023-08-24 17:00:00+00:00,19.3,218,400
2023-08-24 18:00:00+00:00,18.6,169,400
2023-08-24 19:00:00+00:00,17.7,92,400
2023-08-24 20:00:00+00:00,17,28,400
2023-08-24 21:00:00+00:00,17,3,400
2023-08-24 22:00:00+00:00,17.2,0,400
2023-08-24 23:00:00+00:00,17,0,400
2023-08-25 00:00:00+00:00,16.3,0,400
2023-08-25 01:00:00+00:00,16.5,0,400
2023-08-25 02:00:00+00:00,17,0,400
2023-08-25 03:00:00+00:00,16.8,0,400
2023-08-25 04:00:00+00:00,16.7,0,400
2023-08-25 05:00:00+00:00,17.2,0,400
2023-08-25 06:00:00+00:00,17.6,0,400
2023-08-25 07:00:00+00:00,18.1,1,400
2023-08-25 08:00:00+00:00,19.2,54,400
2023-08-25 09:00:00+00:00,20.4,192,400
2023-08-25 10:00:00+00:00,20.9,372,400
2023-08-25 11:00:00+00:00,21.3,422,400
2023-08-25 12:00:00+00:00,22.2,524,400
2023-08-25 13:00:00+00:00,22.7,465,400
2023-08-25 14:00:00+00:00,22.8,629,400
2023-08-25 15:00:00+00:00,23,608,400
2023-08-25 16:00:00+00:00,22.3,449,400
2023-08-25 17:00:00+00:00,21.1,422,400
2023-08-25 18:00:00+00:00,20.7,200,400
2023-08-25 19:00:00+00:00,19.5,83,400
2023-08-25 20:00:00+00:00,18.2,48,400
2023-08-25 21:00:00+00:00,18,15,400
2023-08-25 22:00:00+00:00,18,0,400
2023-08-25 23:00:00+00:00,17.8,0,400
2023-08-26 00:00:00+00:00,16.9,0,400
2023-08-26 01:00:00+00:00,16.5,0,400
2023-08-26 02:00:00+00:00,16.2,0,400
2023-08-26 03:00:00+00:00,16.1,0,400
2023-08-26 04:00:00+00:00,16.2,0,400
2023-08-26 05:00:00+00:00,16.2,0,400
2023-08-26 06:00:00+00:00,16.1,0,400
2023-08-26 07:00:00+00:00,16,3,400
2023-08-26 08:00:00+00:00,15.4,32,400
2023-08-26 09:00:00+00:00,15.7,21,400
2023-08-26 10:00:00+00:00,16.3,77,400
2023-08-26 11:00:00+00:00,17.2,284,400
2023-08-26 12:00:00+00:00,17.6,167,400
2023-08-26 13:00:00+00:00,18.1,365,400
2023-08-26 14:00:00+00:00,18.2,489,400
2023-08-26 15:00:00+00:00,18,330,400
2023-08-26 16:00:00+00:00,18,415,400
2023-08-26 17:00:00+00:00,18.1,438,400
2023-08-26 18:00:00+00:00,17.6,280,400
2023-08-26 19:00:00+00:00,15.9,187,400
2023-08-26 20:00:00+00:00,14.6,92,400
2023-08-26 21:00:00+00:00,13.8,9,400
2023-08-26 22:00:00+00:00,13.7,0,400
2023-08-26 23:00:00+00:00,13.8,0,400
2023-08-27 00:00:00+00:00,13.5,0,400
2023-08-27 01:00:00+00:00,13.2,0,400
2023-08-27 02:00:00+00:00,12.9,0,400
2023-08-27 03:00:00+00:00,12.8,0,400
2023-08-27 04:00:00+00:00,12.6,0,400
2023-08-27 05:00:00+00:00,12.7,0,400
2023-08-27 06:00:00+00:00,13.7,0,400
2023-08-27 07:00:00+00:00,15,14,400
2023-08-27 08:00:00+00:00,16.4,71,400
2023-08-27 09:00:00+00:00,18,169,400
2023-08-27 10:00:00+00:00,18.6,344,400
2023-08-27 11:00:00+00:00,19.6,510,400
2023-08-27 12:00:00+00:00,20.2,397,400
2023-08-27 13:00:00+00:00,19.2,698,400
2023-08-27 14:00:00+00:00,18.8,687,400
2023-08-27 15:00:00+00:00,18.2,348,400
2023-08-27 16:00:00+00:00,16.5,221,400
2023-08-27 17:00:00+00:00,15.8,69,400
2023-08-27 18:00:00+00:00,15.6,82,400
2023-08-27 19:00:00+00:00,14.7,86,400
2023-08-27 20:00:00+00:00,13.7,28,400
2023-08-27 21:00:00+00:00,13.4,4,400
2023-08-27 22:00:00+00:00,12.9,0,400
2023-08-27 23:00:00+00:00,13.1,0,400
2023-08-28 00:00:00+00:00,13,0,400
2023-08-28 01:00:00+00:00,12.2,0,400
2023-08-28 02:00:00+00:00,12,0,400
2023-08-28 03:00:00+00:00,12.1,0,400
2023-08-28 04:00:00+00:00,11.7,0,400
2023-08-28 05:00:00+00:00,11.6,0,400
2023-08-28 06:00:00+00:00,12.9,0,400
2023-08-28 07:00:00+00:00,14.1,10,400
2023-08-28 08:00:00+00:00,15.4,110,400
2023-08-28 09:00:00+00:00,16.3,256,400
2023-08-28 10:00:00+00:00,17.1,429,400
2023-08-28 11:00:00+00:00,17.8,409,400
2023-08-28 12:00:00+00:00,18.7,409,400
2023-08-28 13:00:00+00:00,19.2,559,400
2023-08-28 14:00:00+00:00,18.7,737,400
2023-08-28 15:00:00+00:00,19.1,616,400
2023-08-28 16:00:00+00:00,19.5,253,400
2023-08-28 17:00:00+00:00,19.2,448,400
2023-08-28 18:00:00+00:00,18.2,400,400
2023-08-28 19:00:00+00:00,16.3,250,400
2023-08-28 20:00:00+00:00,14.9,95,400
2023-08-28 21:00:00+00:00,12.8,6,400
2023-08-28 22:00:00+00:00,12.1,0,400
2023-08-28 23:00:00+00:00,11.5,0,400
2023-08-29 00:00:00+00:00,11.3,0,400
2023-08-29 01:00:00+00:00,10.8,0,400
2023-08-29 02:00:00+00:00,9.8,0,400
2023-08-29 03:00:00+00:00,9.6,0,400
2023-08-29 04:00:00+00:00,9.6,0,400
2023-08-29 05:00:00+00:00,9.6,0,400
2023-08-29 06:00:00+00:00,10.7,0,400
2023-08-29 07:00:00+00:00,13,17,400
2023-08-29 08:00:00+00:00,14.5,114,400
2023-08-29 09:00:00+00:00,16.2,200,400
2023-08-29 10:00:00+00:00,16.9,310,400
2023-08-29 11:00:00+00:00,17.1,375,400
2023-08-29 12:00:00+00:00,17.2,382,400
2023-08-29 13:00:00+00:00,17.3,270,400
2023-08-29 14:00:00+00:00,17.6,247,400
2023-08-29 15:00:00+00:00,17.8,238,400
2023-08-29 16:00:00+00:00,18.1,317,400
2023-08-29 17:00:00+00:00,17.9,270,400
2023-08-29 18:00:00+00:00,16.4,300,400
2023-08-29 19:00:00+00:00,14.7,168,400
2023-08-29 20:00:00+00:00,13,32,400
2023-08-29 21:00:00+00:00,13.1,2,400
2023-08-29 22:00:00+00:00,13.2,0,400
2023-08-29 23:00:00+00:00,12.8,0,400
2023-08-30 00:00:00+00:00,12.2,0,400
2023-08-30 01:00:00+00:00,11.2,0,400
2023-08-30 02:00:00+00:00,10.6,0,400
2023-08-30 03:00:00+00:00,10.6,0,400
2023-08-30 04:00:00+00:00,10.9,0,400
2023-08-30 05:00:00+00:00,11.9,0,400
2023-08-30 06:00:00+00:00,12.6,0,400
2023-08-30 07:00:00+00:00,14.6,12,400
2023-08-30 08:00:00+00:00,16.3,67,400
2023-08-30 09:00:00+00:00,17.4,218,400
2023-08-30 10:00:00+00:00,17.6,356,400
2023-08-30 11:00:00+00:00,18.2,478,400
2023-08-30 12:00:00+00:00,18.4,345,400
2023-08-30 13:00:00+00:00,19,420,400
2023-08-30 14:00:00+00:00,18.4,433,400
2023-08-30 15:00:00+00:00,18.6,434,400
2023-08-30 16:00:00+00:00,18.5,257,400
2023-08-30 17:00:00+00:00,17.7,417,400
2023-08-30 18:00:00+00:00,16.8,291,400
2023-08-30 19:00:00+00:00,15.7,120,400
2023-08-30 20:00:00+00:00,14.7,35,400
2023-08-30 21:00:00+00:00,14.9,2,400
2023-08-30 22:00:00+00:00,14.7,0,400
2023-08-30 23:00:00+00:00,13.7,0,400
2023-08-31 00:00:00+00:00,13.1,0,400
2023-08-31 01:00:00+00:00,13.7,0,400
2023-08-31 02:00:00+00:00,13.7,0,400
2023-08-31 03:00:00+00:00,13.3,0,400
2023-08-31 04:00:00+00:00,13.2,0,400
2023-08-31 05:00:00+00:00,13.2,0,400
2023-08-31 06:00:00+00:00,13.1,0,400
2023-08-31 07:00:00+00:00,13.4,5,400
2023-08-31 08:00:00+00:00,14.1,30,400
2023-08-31 09:00:00+00:00,14.8,99,400
2023-08-31 10:00:00+00:00,15,167,400
2023-08-31 11:00:00+00:00,15.4,227,400
2023-08-31 12:00:00+00:00,16,212,400
2023-08-31 13:00:00+00:00,16.6,302,400
2023-08-31 14:00:00+00:00,17.3,381,400
2023-08-31 15:00:00+00:00,17.4,388,400
2023-08-31 16:00:00+00:00,17.6,446,400
2023-08-31 17:00:00+00:00,16.5,333,400
2023-08-31 18:00:00+00:00,15.4,272,400
2023-08-31 19:00:00+00:00,14.7,84,400
2023-08-31 20:00:00+00:00,14,25,400
2023-08-31 21:00:00+00:00,13.8,1,400
2023-08-31 22:00:00+00:00,13.4,0,400
2023-08-31 23:00:00+00:00,12.6,0,400
2023-09-01 00:00:00+00:00,12,0,400
2023-09-01 01:00:00+00:00,11.9,0,400
2023-09-01 02:00:00+00:00,12.1,0,400
2023-09-01 03:00:00+00:00,11.3,0,400
2023-09-01 04:00:00+00:00,10.8,0,400
2023-09-01 05:00:00+00:00,10.7,0,400
2023-09-01 06:00:00+00:00,11.4,0,400
2023-09-01 07:00:00+00:00,13.3,7,400
2023-09-01 08:00:00+00:00,15.5,99,400
2023-09-01 09:00:00+00:00,17.2,242,400
2023-09-01 10:00:00+00:00,18.4,398,400
2023-09-01 11:00:00+00:00,19.2,520,400
2023-09-01 12:00:00+00:00,19.7,613,400
2023-09-01 13:00:00+00:00,20.4,643,400
2023-09-01 14:00:00+00:00,20.7,669,400
2023-09-01 15:00:00+00:00,20.7,683,400
2023-09-01 16:00:00+00:00,20.5,604,400
2023-09-01 17:00:00+00:00,19.9,475,400
2023-09-01 18:00:00+00:00,18.7,327,400
2023-09-01 19:00:00+00:00,17.2,180,400
2023-09-01 20:00:00+00:00,15.8,58,400
2023-09-01 21:00:00+00:00,14.6,3,400
2023-09-01 22:00:00+00:00,13.7,0,400
2023-09-01 23:00:00+00:00,13.3,0,400
2023-09-02 00:00:00+00:00,13,0,400
2023-09-02 01:00:00+00:00,12.8,0,400
2023-09-02 02:00:00+00:00,12.8,0,400
2023-09-02 03:00:00+00:00,12.5,0,400
2023-09-02 04:00:00+00:00,12.4,0,400
2023-09-02 05:00:00+00:00,12.2,0,400
2023-09-02 06:00:00+00:00,12.4,0,400
2023-09-02 07:00:00+00:00,13.7,10,400
2023-09-02 08:00:00+00:00,15.5,68,400
2023-09-02 09:00:00+00:00,17.4,212,400
2023-09-02 10:00:00+00:00,18.5,371,400
2023-09-02 11:00:00+00:00,19.6,502,400
2023-09-02 12:00:00+00:00,20.1,608,400
2023-09-02 13:00:00+00:00,20.4,660,400
2023-09-02 14:00:00+00:00,20.5,680,400
2023-09-02 15:00:00+00:00,20.5,648,400
2023-09-02 16:00:00+00:00,19.9,553,400
2023-09-02 17:00:00+00:00,19,448,400
2023-09-02 18:00:00+00:00,17.2,295,400
2023-09-02 19:00:00+00:00,15,179,400
2023-09-02 20:00:00+00:00,14.1,50,400
2023-09-02 21:00:00+00:00,13.6,1,400
2023-09-02 22:00:00+00:00,13.2,0,400
2023-09-02 23:00:00+00:00,13,0,400
2023-09-03 00:00:00+00:00,13,0,400
2023-09-03 01:00:00+00:00,13,0,400
2023-09-03 02:00:00+00:00,13,0,400
2023-09-03 03:00:00+00:00,13,0,400
2023-09-03 04:00:00+00:00,13.2,0,400
2023-09-03 05:00:00+00:00,13.3,0,400
2023-09-03 06:00:00+00:00,13.6,0,400
2023-09-03 07:00:00+00:00,14.8,6,400
2023-09-03 08:00:00+00:00,16,47,400
2023-09-03 09:00:00+00:00,17.1,182,400
2023-09-03 10:00:00+00:00,18.1,274,400
2023-09-03 11:00:00+00:00,18.6,319,400
2023-09-03 12:00:00+00:00,19.1,370,400
2023-09-03 13:00:00+00:00,19.3,383,400
2023-09-03 14:00:00+00:00,19.7,412,400
2023-09-03 15:00:00+00:00,20.1,284,400
2023-09-03 16:00:00+00:00,20.2,323,400
2023-09-03 17:00:00+00:00,19.6,383,400
2023-09-03 18:00:00+00:00,18.9,302,400
2023-09-03 19:00:00+00:00,17.6,143,400
2023-09-03 20:00:00+00:00,16.8,48,400
2023-09-03 21:00:00+00:00,16.4,2,400
2023-09-03 22:00:00+00:00,15.8,0,400
2023-09-03 23:00:00+00:00,16,0,400
2023-09-04 00:00:00+00:00,16,0,400
2023-09-04 01:00:00+00:00,16.2,0,400
2023-09-04 02:00:00+00:00,15.9,0,400
2023-09-04 03:00:00+00:00,15.8,0,400
2023-09-04 04:00:00+00:00,15.8,0,400
2023-09-04 05:00:00+00:00,15.8,0,400
2023-09-04 06:00:00+00:00,16,0,400
2023-09-04 07:00:00+00:00,16.6,5,400
2023-09-04 08:00:00+00:00,17.7,85,400
2023-09-04 09:00:00+00:00,19.3,241,400
2023-09-04 10:00:00+00:00,20.6,391,400
2023-09-04 11:00:00+00:00,21.5,513,400
2023-09-04 12:00:00+00:00,22,601,400
2023-09-04 13:00:00+00:00,22.3,660,400
2023-09-04 14:00:00+00:00,22.5,670,400
2023-09-04 15:00:00+00:00,22.7,644,400
2023-09-04 16:00:00+00:00,22.6,583,400
2023-09-04 17:00:00+00:00,22,484,400
2023-09-04 18:00:00+00:00,20.6,347,400
2023-09-04 19:00:00+00:00,17.7,194,400
2023-09-04 20:00:00+00:00,14.8,51,400
2023-09-04 21:00:00+00:00,13.5,1,400
2023-09-04 22:00:00+00:00,13,0,400
2023-09-04 23:00:00+00:00,12.5,0,400
2023-09-05 00:00:00+00:00,12,0,400
2023-09-05 01:00:00+00:00,11.2,0,400
2023-09-05 02:00:00+00:00,10.8,0,400
2023-09-05 03:00:00+00:00,11.1,0,400
2023-09-05 04:00:00+00:00,11.7,0,400
2023-09-05 05:00:00+00:00,11.9,0,400
2023-09-05 06:00:00+00:00,14.3,0,400
2023-09-05 07:00:00+00:00,17.4,8,400
2023-09-05 08:00:00+00:00,20,106,400
2023-09-05 09:00:00+00:00,21.7,250,400
2023-09-05 10:00:00+00:00,22.9,393,400
2023-09-05 11:00:00+00:00,23.8,514,400
2023-09-05 12:00:00+00:00,24.5,603,400
2023-09-05 13:00:00+00:00,25,649,400
2023-09-05 14:00:00+00:00,24.9,658,400
2023-09-05 15:00:00+00:00,24.1,630,400
2023-09-05 16:00:00+00:00,23.3,570,400
2023-09-05 17:00:00+00:00,22.5,467,400
2023-09-05 18:00:00+00:00,21.1,333,400
2023-09-05 19:00:00+00:00,17.9,186,400
2023-09-05 20:00:00+00:00,15.7,50,400
2023-09-05 21:00:00+00:00,15.1,1,400
2023-09-05 22:00:00+00:00,14.4,0,400
2023-09-05 23:00:00+00:00,13.4,0,400
2023-09-06 00:00:00+00:00,12.8,0,400
2023-09-06 01:00:00+00:00,12.2,0,400
2023-09-06 02:00:00+00:00,11.9,0,400
2023-09-06 03:00:00+00:00,11.6,0,400
2023-09-06 04:00:00+00:00,11.5,0,400
2023-09-06 05:00:00+00:00,10.8,0,400
2023-09-06 06:00:00+00:00,12.3,0,400
2023-09-06 07:00:00+00:00,15.1,6,400
2023-09-06 08:00:00+00:00,17.7,93,400
2023-09-06 09:00:00+00:00,20.6,236,400
2023-09-06 10:00:00+00:00,22,396,400
2023-09-06 11:00:00+00:00,22.8,506,400
2023-09-06 12:00:00+00:00,23.2,597,400
2023-09-06 13:00:00+00:00,23.6,648,400
2023-09-06 14:00:00+00:00,24,661,400
2023-09-06 15:00:00+00:00,23.8,638,400
2023-09-06 16:00:00+00:00,23.2,579,400
2023-09-06 17:00:00+00:00,22.3,473,400
2023-09-06 18:00:00+00:00,20.7,334,400
2023-09-06 19:00:00+00:00,19,183,400
2023-09-06 20:00:00+00:00,17.9,47,400
2023-09-06 21:00:00+00:00,17.2,1,400
2023-09-06 22:00:00+00:00,17.2,0,400
2023-09-06 23:00:00+00:00,16.8,0,400
2023-09-07 00:00:00+00:00,16.7,0,400
2023-09-07 01:00:00+00:00,16.6,0,400
2023-09-07 02:00:00+00:00,16.6,0,400
2023-09-07 03:00:00+00:00,16.2,0,400
2023-09-07 04:00:00+00:00,16,0,400
2023-09-07 05:00:00+00:00,16.1,0,400
2023-09-07 06:00:00+00:00,16.4,0,400
2023-09-07 07:00:00+00:00,16.9,4,400
2023-09-07 08:00:00+00:00,17.6,39,400
2023-09-07 09:00:00+00:00,18.1,103,400
2023-09-07 10:00:00+00:00,18.9,174,400
2023-09-07 11:00:00+00:00,20.6,310,400
2023-09-07 12:00:00+00:00,22,420,400
2023-09-07 13:00:00+00:00,22.8,629,400
2023-09-07 14:00:00+00:00,23.2,637,400
2023-09-07 15:00:00+00:00,22.8,612,400
2023-09-07 16:00:00+00:00,22.2,549,400
2023-09-07 17:00:00+00:00,21,454,400
2023-09-07 18:00:00+00:00,19.2,317,400
2023-09-07 19:00:00+00:00,18.1,166,400
2023-09-07 20:00:00+00:00,17.7,40,400
2023-09-07 21:00:00+00:00,17.4,1,400
2023-09-07 22:00:00+00:00,17.1,0,400
2023-09-07 23:00:00+00:00,16.9,0,400
2023-09-08 00:00:00+00:00,16.6,0,400
2023-09-08 01:00:00+00:00,16.6,0,400
2023-09-08 02:00:00+00:00,16.4,0,400
2023-09-08 03:00:00+00:00,16.3,0,400
2023-09-08 04:00:00+00:00,16.3,0,400
2023-09-08 05:00:00+00:00,16.2,0,400
2023-09-08 06:00:00+00:00,16.4,0,400
2023-09-08 07:00:00+00:00,17.1,3,400
2023-09-08 08:00:00+00:00,18.5,41,400
2023-09-08 09:00:00+00:00,20.5,186,400
2023-09-08 10:00:00+00:00,22.2,371,400
2023-09-08 11:00:00+00:00,24,493,400
2023-09-08 12:00:00+00:00,24.8,586,400
2023-09-08 13:00:00+00:00,25.1,639,400
2023-09-08 14:00:00+00:00,25.6,648,400
2023-09-08 15:00:00+00:00,25.7,617,400
2023-09-08 16:00:00+00:00,25.6,555,400
2023-09-08 17:00:00+00:00,23.9,450,400
2023-09-08 18:00:00+00:00,22,308,400
2023-09-08 19:00:00+00:00,20.3,129,400
2023-09-08 20:00:00+00:00,19.6,34,400
2023-09-08 21:00:00+00:00,18.9,0,400
2023-09-08 22:00:00+00:00,18.6,0,400
2023-09-08 23:00:00+00:00,18.1,0,400
2023-09-09 00:00:00+00:00,17.7,0,400
2023-09-09 01:00:00+00:00,16.3,0,400
2023-09-09 02:00:00+00:00,17.1,0,400
2023-09-09 03:00:00+00:00,17.8,0,400
2023-09-09 04:00:00+00:00,18.1,0,400
2023-09-09 05:00:00+00:00,17.8,0,400
2023-09-09 06:00:00+00:00,17.7,0,400
2023-09-09 07:00:00+00:00,19.8,4,400
2023-09-09 08:00:00+00:00,21.6,77,400
2023-09-09 09:00:00+00:00,23.5,230,400
2023-09-09 10:00:00+00:00,25.2,355,400
2023-09-09 11:00:00+00:00,26.3,465,400
2023-09-09 12:00:00+00:00,26.9,578,400
2023-09-09 13:00:00+00:00,27.3,629,400
2023-09-09 14:00:00+00:00,27.4,637,400
2023-09-09 15:00:00+00:00,27.3,608,400
2023-09-09 16:00:00+00:00,26.8,546,400
2023-09-09 17:00:00+00:00,25.6,447,400
2023-09-09 18:00:00+00:00,23.2,307,400
2023-09-09 19:00:00+00:00,21.3,151,400
2023-09-09 20:00:00+00:00,20.4,21,400
2023-09-09 21:00:00+00:00,19.4,0,400
2023-09-09 22:00:00+00:00,18.6,0,400
2023-09-09 23:00:00+00:00,16.9,0,400
2023-09-10 00:00:00+00:00,16.6,0,400
2023-09-10 01:00:00+00:00,16.5,0,400
2023-09-10 02:00:00+00:00,16.6,0,400
2023-09-10 03:00:00+00:00,16.4,0,400
2023-09-10 04:00:00+00:00,16.4,0,400
2023-09-10 05:00:00+00:00,16,0,400
2023-09-10 06:00:00+00:00,15.5,0,400
2023-09-10 07:00:00+00:00,15.1,1,400
2023-09-10 08:00:00+00:00,15.3,17,400
2023-09-10 09:00:00+00:00,15.5,49,400
2023-09-10 10:00:00+00:00,15.7,80,400
2023-09-10 11:00:00+00:00,16.2,109,400
2023-09-10 12:00:00+00:00,18,132,400
2023-09-10 13:00:00+00:00,20.7,233,400
2023-09-10 14:00:00+00:00,21,449,400
2023-09-10 15:00:00+00:00,21.5,585,400
2023-09-10 16:00:00+00:00,22,521,400
2023-09-10 17:00:00+00:00,21.5,413,400
2023-09-10 18:00:00+00:00,19.8,273,400
2023-09-10 19:00:00+00:00,18,138,400
2023-09-10 20:00:00+00:00,16.5,19,400
2023-09-10 21:00:00+00:00,16,0,400
2023-09-10 22:00:00+00:00,15.6,0,400
2023-09-10 23:00:00+00:00,14.9,0,400
2023-09-11 00:00:00+00:00,14.2,0,400
2023-09-11 01:00:00+00:00,14.6,0,400
2023-09-11 02:00:00+00:00,14.2,0,400
2023-09-11 03:00:00+00:00,14.2,0,400
2023-09-11 04:00:00+00:00,14.8,0,400
2023-09-11 05:00:00+00:00,14.8,0,400
2023-09-11 06:00:00+00:00,14.9,0,400
2023-09-11 07:00:00+00:00,15.4,1,400
2023-09-11 08:00:00+00:00,15.8,19,400
2023-09-11 09:00:00+00:00,16.8,50,400
2023-09-11 10:00:00+00:00,19.1,143,400
2023-09-11 11:00:00+00:00,21,419,400
2023-09-11 12:00:00+00:00,22.3,556,400
2023-09-11 13:00:00+00:00,23.6,596,400
2023-09-11 14:00:00+00:00,24.6,610,400
2023-09-11 15:00:00+00:00,24.9,541,400
2023-09-11 16:00:00+00:00,24.3,481,400
2023-09-11 17:00:00+00:00,22.9,394,400
2023-09-11 18:00:00+00:00,21.3,261,400
2023-09-11 19:00:00+00:00,20.4,79,400
2023-09-11 20:00:00+00:00,20,15,400
2023-09-11 21:00:00+00:00,19,0,400
2023-09-11 22:00:00+00:00,18.4,0,400
2023-09-11 23:00:00+00:00,17.8,0,400
2023-09-12 00:00:00+00:00,18,0,400
2023-09-12 01:00:00+00:00,18,0,400
2023-09-12 02:00:00+00:00,18.2,0,400
2023-09-12 03:00:00+00:00,18.2,0,400
2023-09-12 04:00:00+00:00,18.2,0,400
2023-09-12 05:00:00+00:00,18,0,400
2023-09-12 06:00:00+00:00,18,0,400
2023-09-12 07:00:00+00:00,18.5,0,400
2023-09-12 08:00:00+00:00,18.8,28,400
2023-09-12 09:00:00+00:00,19.5,63,400
2023-09-12 10:00:00+00:00,20.5,49,400
2023-09-12 11:00:00+00:00,21.1,267,400
2023-09-12 12:00:00+00:00,21.7,290,400
2023-09-12 13:00:00+00:00,21.7,335,400
2023-09-12 14:00:00+00:00,21.5,382,400
2023-09-12 15:00:00+00:00,21.9,294,400
2023-09-12 16:00:00+00:00,19.2,203,400
2023-09-12 17:00:00+00:00,16.7,261,400
2023-09-12 18:00:00+00:00,15.6,151,400
2023-09-12 19:00:00+00:00,15.3,19,400
2023-09-12 20:00:00+00:00,15.2,7,400
2023-09-12 21:00:00+00:00,15.3,0,400
2023-09-12 22:00:00+00:00,15.2,0,400
2023-09-12 23:00:00+00:00,15.3,0,400
2023-09-13 00:00:00+00:00,14.9,0,400
2023-09-13 01:00:00+00:00,14.3,0,400
2023-09-13 02:00:00+00:00,14.2,0,400
2023-09-13 03:00:00+00:00,14.1,0,400
2023-09-13 04:00:00+00:00,13.9,0,400
2023-09-13 05:00:00+00:00,13.7,0,400
2023-09-13 06:00:00+00:00,13.7,0,400
2023-09-13 07:00:00+00:00,14.2,1,400
2023-09-13 08:00:00+00:00,14.6,29,400
2023-09-13 09:00:00+00:00,15.6,100,400
2023-09-13 10:00:00+00:00,16.6,228,400
2023-09-13 11:00:00+00:00,16.8,327,400
2023-09-13 12:00:00+00:00,16.8,536,400
2023-09-13 13:00:00+00:00,15.4,347,400
2023-09-13 14:00:00+00:00,15.7,252,400
2023-09-13 15:00:00+00:00,17.4,86,400
2023-09-13 16:00:00+00:00,17.4,283,400
2023-09-13 17:00:00+00:00,16.8,462,400
2023-09-13 18:00:00+00:00,14.9,294,400
2023-09-13 19:00:00+00:00,12.9,132,400
2023-09-13 20:00:00+00:00,12.3,15,400
2023-09-13 21:00:00+00:00,11.6,0,400
2023-09-13 22:00:00+00:00,11.3,0,400
2023-09-13 23:00:00+00:00,10.4,0,400
2023-09-14 00:00:00+00:00,9.6,0,400
2023-09-14 01:00:00+00:00,8.4,0,400
2023-09-14 02:00:00+00:00,7.7,0,400
2023-09-14 03:00:00+00:00,7.3,0,400
2023-09-14 04:00:00+00:00,7.1,0,400
2023-09-14 05:00:00+00:00,7,0,400
2023-09-14 06:00:00+00:00,7.3,0,400
2023-09-14 07:00:00+00:00,10,3,400
2023-09-14 08:00:00+00:00,12.7,55,400
2023-09-14 09:00:00+00:00,14.1,226,400
2023-09-14 10:00:00+00:00,15.1,355,400
2023-09-14 11:00:00+00:00,16.3,369,400
2023-09-14 12:00:00+00:00,16.6,465,400
2023-09-14 13:00:00+00:00,16.8,624,400
2023-09-14 14:00:00+00:00,16.9,441,400
2023-09-14 15:00:00+00:00,16.6,401,400
2023-09-14 16:00:00+00:00,17,399,400
2023-09-14 17:00:00+00:00,16.1,264,400
2023-09-14 18:00:00+00:00,14.3,292,400
2023-09-14 19:00:00+00:00,13.8,86,400
2023-09-14 20:00:00+00:00,13.5,11,400
2023-09-14 21:00:00+00:00,13,0,400
2023-09-14 22:00:00+00:00,13.3,0,400
2023-09-14 23:00:00+00:00,13.4,0,400
2023-09-15 00:00:00+00:00,13.2,0,400
2023-09-15 01:00:00+00:00,12.5,0,400
2023-09-15 02:00:00+00:00,12.8,0,400
2023-09-15 03:00:00+00:00,12.8,0,400
2023-09-15 04:00:00+00:00,12.7,0,400
2023-09-15 05:00:00+00:00,12.6,0,400
2023-09-15 06:00:00+00:00,12.9,0,400
2023-09-15 07:00:00+00:00,14.7,2,400
2023-09-15 08:00:00+00:00,15.9,68,400
2023-09-15 09:00:00+00:00,16.5,205,400
2023-09-15 10:00:00+00:00,17.5,310,400
2023-09-15 11:00:00+00:00,17.7,346,400
2023-09-15 12:00:00+00:00,18.5,464,400
2023-09-15 13:00:00+00:00,19,390,400
2023-09-15 14:00:00+00:00,18.8,554,400
2023-09-15 15:00:00+00:00,18.4,536,400
2023-09-15 16:00:00+00:00,18.5,396,400
2023-09-15 17:00:00+00:00,17.6,262,400
2023-09-15 18:00:00+00:00,16.3,271,400
2023-09-15 19:00:00+00:00,14.6,95,400
2023-09-15 20:00:00+00:00,14.7,11,400
2023-09-15 21:00:00+00:00,14.4,0,400
2023-09-15 22:00:00+00:00,14.3,0,400
2023-09-15 23:00:00+00:00,14.4,0,400
2023-09-16 00:00:00+00:00,14.3,0,400
2023-09-16 01:00:00+00:00,13.7,0,400
2023-09-16 02:00:00+00:00,13.2,0,400
2023-09-16 03:00:00+00:00,13.5,0,400
2023-09-16 04:00:00+00:00,14,0,400
2023-09-16 05:00:00+00:00,14.1,0,400
2023-09-16 06:00:00+00:00,14.3,0,400
2023-09-16 07:00:00+00:00,15.3,2,400
2023-09-16 08:00:00+00:00,16.8,56,400
2023-09-16 09:00:00+00:00,18.1,170,400
2023-09-16 10:00:00+00:00,19.8,297,400
2023-09-16 11:00:00+00:00,20.9,418,400
2023-09-16 12:00:00+00:00,21.2,543,400
2023-09-16 13:00:00+00:00,21.1,591,400
2023-09-16 14:00:00+00:00,21.8,503,400
2023-09-16 15:00:00+00:00,21.9,395,400
2023-09-16 16:00:00+00:00,20.9,492,400
2023-09-16 17:00:00+00:00,20,391,400
2023-09-16 18:00:00+00:00,19.1,140,400
2023-09-16 19:00:00+00:00,18.3,45,400
2023-09-16 20:00:00+00:00,18.6,7,400
2023-09-16 21:00:00+00:00,18.5,0,400
2023-09-16 22:00:00+00:00,18.3,0,400
2023-09-16 23:00:00+00:00,18.2,0,400
2023-09-17 00:00:00+00:00,17.1,0,400
2023-09-17 01:00:00+00:00,16.5,0,400
2023-09-17 02:00:00+00:00,16.2,0,400
2023-09-17 03:00:00+00:00,15.8,0,400
2023-09-17 04:00:00+00:00,15.5,0,400
2023-09-17 05:00:00+00:00,15.6,0,400
2023-09-17 06:00:00+00:00,15.9,0,400
2023-09-17 07:00:00+00:00,16.6,1,400
2023-09-17 08:00:00+00:00,17.4,34,400
2023-09-17 09:00:00+00:00,19.4,93,400
2023-09-17 10:00:00+00:00,21.8,152,400
2023-09-17 11:00:00+00:00,23.2,328,400
2023-09-17 12:00:00+00:00,23.2,523,400
2023-09-17 13:00:00+00:00,23.1,553,400
2023-09-17 14:00:00+00:00,23,534,400
2023-09-17 15:00:00+00:00,21.7,480,400
2023-09-17 16:00:00+00:00,20.9,418,400
2023-09-17 17:00:00+00:00,20,233,400
2023-09-17 18:00:00+00:00,19,140,400
2023-09-17 19:00:00+00:00,18.8,69,400
2023-09-17 20:00:00+00:00,18,5,400
2023-09-17 21:00:00+00:00,17.9,0,400
2023-09-17 22:00:00+00:00,17.9,0,400
2023-09-17 23:00:00+00:00,17.8,0,400
2023-09-18 00:00:00+00:00,17.7,0,400
2023-09-18 01:00:00+00:00,17.7,0,400
2023-09-18 02:00:00+00:00,17.7,0,400
2023-09-18 03:00:00+00:00,17.7,0,400
2023-09-18 04:00:00+00:00,17.8,0,400
2023-09-18 05:00:00+00:00,17.8,0,400
2023-09-18 06:00:00+00:00,17.9,0,400
2023-09-18 07:00:00+00:00,18.3,1,400
2023-09-18 08:00:00+00:00,18.7,28,400
2023-09-18 09:00:00+00:00,19.8,111,400
2023-09-18 10:00:00+00:00,20.1,184,400
2023-09-18 11:00:00+00:00,20.5,357,400
2023-09-18 12:00:00+00:00,21.3,253,400
2023-09-18 13:00:00+00:00,21,203,400
2023-09-18 14:00:00+00:00,21.1,131,400
2023-09-18 15:00:00+00:00,20.7,174,400
2023-09-18 16:00:00+00:00,20.5,104,400
2023-09-18 17:00:00+00:00,20.4,131,400
2023-09-18 18:00:00+00:00,19.7,180,400
2023-09-18 19:00:00+00:00,19,69,400
2023-09-18 20:00:00+00:00,17.4,12,400
2023-09-18 21:00:00+00:00,16.3,0,400
2023-09-18 22:00:00+00:00,16.8,0,400
2023-09-18 23:00:00+00:00,17.5,0,400
2023-09-19 00:00:00+00:00,17.4,0,400
2023-09-19 01:00:00+00:00,17.1,0,400
2023-09-19 02:00:00+00:00,16.3,0,400
2023-09-19 03:00:00+00:00,15.8,0,400
2023-09-19 04:00:00+00:00,15.2,0,400
2023-09-19 05:00:00+00:00,14.4,0,400
2023-09-19 06:00:00+00:00,14.2,0,400
2023-09-19 07:00:00+00:00,14,1,400
2023-09-19 08:00:00+00:00,13.3,43,400
2023-09-19 09:00:00+00:00,13.9,112,400
2023-09-19 10:00:00+00:00,14.8,110,400
2023-09-19 11:00:00+00:00,16.3,181,400
2023-09-19 12:00:00+00:00,16.5,364,400
2023-09-19 13:00:00+00:00,14.6,422,400
2023-09-19 14:00:00+00:00,14.8,281,400
2023-09-19 15:00:00+00:00,15.4,159,400
2023-09-19 16:00:00+00:00,15.2,92,400
2023-09-19 17:00:00+00:00,15.4,112,400
2023-09-19 18:00:00+00:00,15.5,39,400
2023-09-19 19:00:00+00:00,15.6,16,400
2023-09-19 20:00:00+00:00,15.6,1,400
2023-09-19 21:00:00+00:00,16,0,400
2023-09-19 22:00:00+00:00,16.1,0,400
2023-09-19 23:00:00+00:00,16.6,0,400
2023-09-20 00:00:00+00:00,16.6,0,400
2023-09-20 01:00:00+00:00,16.1,0,400
2023-09-20 02:00:00+00:00,16,0,400
2023-09-20 03:00:00+00:00,16.5,0,400
2023-09-20 04:00:00+00:00,16.6,0,400
2023-09-20 05:00:00+00:00,16.6,0,400
2023-09-20 06:00:00+00:00,16.7,0,400
2023-09-20 07:00:00+00:00,16.9,0,400
2023-09-20 08:00:00+00:00,16.8,18,400
2023-09-20 09:00:00+00:00,17.3,79,400
2023-09-20 10:00:00+00:00,17.8,104,400
2023-09-20 11:00:00+00:00,17.7,275,400
2023-09-20 12:00:00+00:00,17.8,189,400
2023-09-20 13:00:00+00:00,18.1,169,400
2023-09-20 14:00:00+00:00,18.3,141,400
2023-09-20 15:00:00+00:00,18.9,176,400
2023-09-20 16:00:00+00:00,18.9,112,400
2023-09-20 17:00:00+00:00,18.6,147,400
2023-09-20 18:00:00+00:00,18.3,88,400
2023-09-20 19:00:00+00:00,17.9,30,400
2023-09-20 20:00:00+00:00,17.9,3,400
2023-09-20 21:00:00+00:00,18.2,0,400
2023-09-20 22:00:00+00:00,17.9,0,400
2023-09-20 23:00:00+00:00,17.5,0,400
2023-09-21 00:00:00+00:00,17.1,0,400
2023-09-21 01:00:00+00:00,17.5,0,400
2023-09-21 02:00:00+00:00,17.3,0,400
2023-09-21 03:00:00+00:00,17.1,0,400
2023-09-21 04:00:00+00:00,16.9,0,400
2023-09-21 05:00:00+00:00,16.8,0,400
2023-09-21 06:00:00+00:00,17.1,0,400
2023-09-21 07:00:00+00:00,18.2,1,400
2023-09-21 08:00:00+00:00,19,50,400
2023-09-21 09:00:00+00:00,20.4,156,400
2023-09-21 10:00:00+00:00,21.1,222,400
2023-09-21 11:00:00+00:00,22,414,400
2023-09-21 12:00:00+00:00,23.2,453,400
2023-09-21 13:00:00+00:00,23.5,444,400
2023-09-21 14:00:00+00:00,23.5,519,400
2023-09-21 15:00:00+00:00,22.5,340,400
2023-09-21 16:00:00+00:00,21.8,262,400
2023-09-21 17:00:00+00:00,21,159,400
2023-09-21 18:00:00+00:00,20.2,90,400
2023-09-21 19:00:00+00:00,20.1,34,400
2023-09-21 20:00:00+00:00,20,2,400
2023-09-21 21:00:00+00:00,19.5,0,400
2023-09-21 22:00:00+00:00,19,0,400
2023-09-21 23:00:00+00:00,17.3,0,400
2023-09-22 00:00:00+00:00,16.5,0,400
2023-09-22 01:00:00+00:00,16.1,0,400
2023-09-22 02:00:00+00:00,16.1,0,400
2023-09-22 03:00:00+00:00,15.7,0,400
2023-09-22 04:00:00+00:00,15.6,0,400
2023-09-22 05:00:00+00:00,15.5,0,400
2023-09-22 06:00:00+00:00,14.6,0,400
2023-09-22 07:00:00+00:00,14.2,0,400
2023-09-22 08:00:00+00:00,14.6,11,400
2023-09-22 09:00:00+00:00,15.4,60,400
2023-09-22 10:00:00+00:00,16.6,201,400
2023-09-22 11:00:00+00:00,16.5,313,400
2023-09-22 12:00:00+00:00,17.1,490,400
2023-09-22 13:00:00+00:00,17.7,351,400
2023-09-22 14:00:00+00:00,17.9,371,400
2023-09-22 15:00:00+00:00,18.2,341,400
2023-09-22 16:00:00+00:00,17.4,319,400
2023-09-22 17:00:00+00:00,16.5,401,400
2023-09-22 18:00:00+00:00,15.1,166,400
2023-09-22 19:00:00+00:00,13.9,59,400
2023-09-22 20:00:00+00:00,12.8,5,400
2023-09-22 21:00:00+00:00,12.8,0,400
2023-09-22 22:00:00+00:00,12.4,0,400
2023-09-22 23:00:00+00:00,12.9,0,400
2023-09-23 00:00:00+00:00,13.1,0,400
2023-09-23 01:00:00+00:00,12.7,0,400
2023-09-23 02:00:00+00:00,12.8,0,400
2023-09-23 03:00:00+00:00,12.7,0,400
2023-09-23 04:00:00+00:00,12.7,0,400
2023-09-23 05:00:00+00:00,12.8,0,400
2023-09-23 06:00:00+00:00,12.8,0,400
2023-09-23 07:00:00+00:00,11.9,0,400
2023-09-23 08:00:00+00:00,13.6,1,400
2023-09-23 09:00:00+00:00,13.9,70,400
2023-09-23 10:00:00+00:00,14.5,256,400
2023-09-23 11:00:00+00:00,15.2,183,400
2023-09-23 12:00:00+00:00,15.9,430,400
2023-09-23 13:00:00+00:00,16.3,329,400
2023-09-23 14:00:00+00:00,16.4,419,400
2023-09-23 15:00:00+00:00,16.3,486,400
2023-09-23 16:00:00+00:00,16,257,400
2023-09-23 17:00:00+00:00,15.2,315,400
2023-09-23 18:00:00+00:00,13.7,167,400
2023-09-23 19:00:00+00:00,12.8,42,400
2023-09-23 20:00:00+00:00,12.2,3,400
2023-09-23 21:00:00+00:00,11.3,0,400
2023-09-23 22:00:00+00:00,11.5,0,400
2023-09-23 23:00:00+00:00,10.8,0,400
2023-09-24 00:00:00+00:00,10,0,400
2023-09-24 01:00:00+00:00,10,0,400
2023-09-24 02:00:00+00:00,10.4,0,400
2023-09-24 03:00:00+00:00,10.5,0,400
2023-09-24 04:00:00+00:00,10.9,0,400
2023-09-24 05:00:00+00:00,11.3,0,400
2023-09-24 06:00:00+00:00,10.3,0,400
2023-09-24 07:00:00+00:00,11.5,0,400
2023-09-24 08:00:00+00:00,13.6,20,400
2023-09-24 09:00:00+00:00,15.1,170,400
2023-09-24 10:00:00+00:00,16.1,311,400
2023-09-24 11:00:00+00:00,16.9,413,400
2023-09-24 12:00:00+00:00,17.1,506,400
2023-09-24 13:00:00+00:00,17.2,539,400
2023-09-24 14:00:00+00:00,17.2,529,400
2023-09-24 15:00:00+00:00,17.4,417,400
2023-09-24 16:00:00+00:00,16.8,293,400
2023-09-24 17:00:00+00:00,15.8,327,400
2023-09-24 18:00:00+00:00,14.5,180,400
2023-09-24 19:00:00+00:00,13.3,53,400
2023-09-24 20:00:00+00:00,12.7,4,400
2023-09-24 21:00:00+00:00,12.5,0,400
2023-09-24 22:00:00+00:00,12.7,0,400
2023-09-24 23:00:00+00:00,12.8,0,400
2023-09-25 00:00:00+00:00,13.2,0,400
2023-09-25 01:00:00+00:00,13.5,0,400
2023-09-25 02:00:00+00:00,13.5,0,400
2023-09-25 03:00:00+00:00,13.6,0,400
2023-09-25 04:00:00+00:00,13.4,0,400
2023-09-25 05:00:00+00:00,13.6,0,400
2023-09-25 06:00:00+00:00,13.8,0,400
2023-09-25 07:00:00+00:00,14.3,0,400
2023-09-25 08:00:00+00:00,15.2,33,400
2023-09-25 09:00:00+00:00,15.8,84,400
2023-09-25 10:00:00+00:00,16.6,188,400
2023-09-25 11:00:00+00:00,17,243,400
2023-09-25 12:00:00+00:00,17.6,380,400
2023-09-25 13:00:00+00:00,17.8,308,400
2023-09-25 14:00:00+00:00,17.9,310,400
2023-09-25 15:00:00+00:00,18,276,400
2023-09-25 16:00:00+00:00,18.5,268,400
2023-09-25 17:00:00+00:00,17.9,242,400
2023-09-25 18:00:00+00:00,16.3,232,400
2023-09-25 19:00:00+00:00,14.8,87,400
2023-09-25 20:00:00+00:00,13.9,2,400
2023-09-25 21:00:00+00:00,13.7,0,400
2023-09-25 22:00:00+00:00,13.9,0,400
2023-09-25 23:00:00+00:00,13.8,0,400
2023-09-26 00:00:00+00:00,13.4,0,400
2023-09-26 01:00:00+00:00,13.1,0,400
2023-09-26 02:00:00+00:00,13.1,0,400
2023-09-26 03:00:00+00:00,13.4,0,400
2023-09-26 04:00:00+00:00,13.2,0,400
2023-09-26 05:00:00+00:00,13.4,0,400
2023-09-26 06:00:00+00:00,13.3,0,400
2023-09-26 07:00:00+00:00,14.2,0,400
2023-09-26 08:00:00+00:00,16.4,19,400
2023-09-26 09:00:00+00:00,17.6,137,400
2023-09-26 10:00:00+00:00,18.5,278,400
2023-09-26 11:00:00+00:00,20,264,400
2023-09-26 12:00:00+00:00,20.3,304,400
2023-09-26 13:00:00+00:00,20.1,448,400
2023-09-26 14:00:00+00:00,20,546,400
2023-09-26 15:00:00+00:00,19.2,345,400
2023-09-26 16:00:00+00:00,18.5,335,400
2023-09-26 17:00:00+00:00,17.2,180,400
2023-09-26 18:00:00+00:00,16,135,400
2023-09-26 19:00:00+00:00,15.5,31,400
2023-09-26 20:00:00+00:00,15.7,1,400
2023-09-26 21:00:00+00:00,15.6,0,400
2023-09-26 22:00:00+00:00,15.5,0,400
2023-09-26 23:00:00+00:00,15.4,0,400
2023-09-27 00:00:00+00:00,15.3,0,400
2023-09-27 01:00:00+00:00,15.2,0,400
2023-09-27 02:00:00+00:00,14.8,0,400
2023-09-27 03:00:00+00:00,14.5,0,400
2023-09-27 04:00:00+00:00,14.6,0,400
2023-09-27 05:00:00+00:00,14.3,0,400
2023-09-27 06:00:00+00:00,14.4,0,400
2023-09-27 07:00:00+00:00,15.8,0,400
2023-09-27 08:00:00+00:00,17.2,34,400
2023-09-27 09:00:00+00:00,18.8,144,400
2023-09-27 10:00:00+00:00,20.2,213,400
2023-09-27 11:00:00+00:00,21.4,370,400
2023-09-27 12:00:00+00:00,21.7,475,400
2023-09-27 13:00:00+00:00,21.3,467,400
2023-09-27 14:00:00+00:00,20.9,411,400
2023-09-27 15:00:00+00:00,21.2,304,400
2023-09-27 16:00:00+00:00,20.2,235,400
2023-09-27 17:00:00+00:00,19.2,217,400
2023-09-27 18:00:00+00:00,17.7,77,400
2023-09-27 19:00:00+00:00,16.2,46,400
2023-09-27 20:00:00+00:00,16.3,1,400
2023-09-27 21:00:00+00:00,16.6,0,400
2023-09-27 22:00:00+00:00,16.2,0,400
2023-09-27 23:00:00+00:00,16,0,400
2023-09-28 00:00:00+00:00,16.3,0,400
2023-09-28 01:00:00+00:00,17.3,0,400
2023-09-28 02:00:00+00:00,17.5,0,400
2023-09-28 03:00:00+00:00,17.4,0,400
2023-09-28 04:00:00+00:00,17.4,0,400
2023-09-28 05:00:00+00:00,17.7,0,400
2023-09-28 06:00:00+00:00,17.4,0,400
2023-09-28 07:00:00+00:00,17.4,0,400
2023-09-28 08:00:00+00:00,17.7,12,400
2023-09-28 09:00:00+00:00,18.6,55,400
2023-09-28 10:00:00+00:00,19.8,83,400
2023-09-28 11:00:00+00:00,20.3,286,400
2023-09-28 12:00:00+00:00,20,447,400
2023-09-28 13:00:00+00:00,20.2,428,400
2023-09-28 14:00:00+00:00,19.9,300,400
2023-09-28 15:00:00+00:00,18.9,408,400
2023-09-28 16:00:00+00:00,18.1,322,400
2023-09-28 17:00:00+00:00,17.3,119,400
2023-09-28 18:00:00+00:00,16.9,45,400
2023-09-28 19:00:00+00:00,16.8,13,400
2023-09-28 20:00:00+00:00,16.5,0,400
2023-09-28 21:00:00+00:00,15.2,0,400
2023-09-28 22:00:00+00:00,14.7,0,400
2023-09-28 23:00:00+00:00,14.9,0,400
2023-09-29 00:00:00+00:00,15.2,0,400
2023-09-29 01:00:00+00:00,15.4,0,400
2023-09-29 02:00:00+00:00,15.5,0,400
2023-09-29 03:00:00+00:00,15.4,0,400
2023-09-29 04:00:00+00:00,15,0,400
2023-09-29 05:00:00+00:00,15.1,0,400
2023-09-29 06:00:00+00:00,15.2,0,400
2023-09-29 07:00:00+00:00,15.6,0,400
2023-09-29 08:00:00+00:00,16.3,3,400
2023-09-29 09:00:00+00:00,17.2,35,400
2023-09-29 10:00:00+00:00,18.2,84,400
2023-09-29 11:00:00+00:00,18.2,133,400
2023-09-29 12:00:00+00:00,17.4,198,400
2023-09-29 13:00:00+00:00,18.2,185,400
2023-09-29 14:00:00+00:00,18.5,189,400
2023-09-29 15:00:00+00:00,18.5,227,400
2023-09-29 16:00:00+00:00,18,103,400
2023-09-29 17:00:00+00:00,16.2,46,400
2023-09-29 18:00:00+00:00,15.6,22,400
2023-09-29 19:00:00+00:00,14.6,7,400
2023-09-29 20:00:00+00:00,13.9,0,400
2023-09-29 21:00:00+00:00,13.2,0,400
2023-09-29 22:00:00+00:00,12.7,0,400
2023-09-29 23:00:00+00:00,12.4,0,400
2023-09-30 00:00:00+00:00,12.3,0,400
2023-09-30 01:00:00+00:00,12.5,0,400
2023-09-30 02:00:00+00:00,13,0,400
2023-09-30 03:00:00+00:00,13.1,0,400
2023-09-30 04:00:00+00:00,12.8,0,400
2023-09-30 05:00:00+00:00,12.5,0,400
2023-09-30 06:00:00+00:00,12.8,0,400
2023-09-30 07:00:00+00:00,13.8,0,400
2023-09-30 08:00:00+00:00,14.8,15,400
2023-09-30 09:00:00+00:00,15.7,103,400
2023-09-30 10:00:00+00:00,16.3,227,400
2023-09-30 11:00:00+00:00,16.7,339,400
2023-09-30 12:00:00+00:00,17.1,395,400
2023-09-30 13:00:00+00:00,17,441,400
2023-09-30 14:00:00+00:00,17.3,507,400
2023-09-30 15:00:00+00:00,16.6,389,400
2023-09-30 16:00:00+00:00,15.6,411,400
2023-09-30 17:00:00+00:00,15,208,400
2023-09-30 18:00:00+00:00,14.1,83,400
2023-09-30 19:00:00+00:00,13.7,16,400
2023-09-30 20:00:00+00:00,13.3,0,400
2023-09-30 21:00:00+00:00,13.3,0,400
2023-09-30 22:00:00+00:00,13.1,0,400
2023-09-30 23:00:00+00:00,12.9,0,400
2023-10-01 00:00:00+00:00,12.7,0,400
2023-10-01 01:00:00+00:00,12.4,0,400
2023-10-01 02:00:00+00:00,12.3,0,400
2023-10-01 03:00:00+00:00,12.6,0,400
2023-10-01 04:00:00+00:00,12.7,0,400
2023-10-01 05:00:00+00:00,12.7,0,400
2023-10-01 06:00:00+00:00,12.8,0,400
2023-10-01 07:00:00+00:00,13.3,0,400
2023-10-01 08:00:00+00:00,14.1,7,400
2023-10-01 09:00:00+00:00,14.6,44,400
2023-10-01 10:00:00+00:00,15.3,98,400
2023-10-01 11:00:00+00:00,15.5,171,400
2023-10-01 12:00:00+00:00,15.6,210,400
2023-10-01 13:00:00+00:00,15.5,154,400
2023-10-01 14:00:00+00:00,15.5,142,400
2023-10-01 15:00:00+00:00,15,114,400
2023-10-01 16:00:00+00:00,14.6,97,400
2023-10-01 17:00:00+00:00,14.6,43,400
2023-10-01 18:00:00+00:00,14.8,20,400
2023-10-01 19:00:00+00:00,15.1,6,400
2023-10-01 20:00:00+00:00,15.4,0,400
2023-10-01 21:00:00+00:00,15.7,0,400
2023-10-01 22:00:00+00:00,16.1,0,400
2023-10-01 23:00:00+00:00,16.2,0,400
2023-10-02 00:00:00+00:00,16.3,0,400
2023-10-02 01:00:00+00:00,16.3,0,400
2023-10-02 02:00:00+00:00,16.4,0,400
2023-10-02 03:00:00+00:00,16.4,0,400
2023-10-02 04:00:00+00:00,16.5,0,400
2023-10-02 05:00:00+00:00,16.5,0,400
2023-10-02 06:00:00+00:00,16.6,0,400
2023-10-02 07:00:00+00:00,16.7,0,400
2023-10-02 08:00:00+00:00,17,4,400
2023-10-02 09:00:00+00:00,17.3,22,400
2023-10-02 10:00:00+00:00,17.8,52,400
2023-10-02 11:00:00+00:00,18.5,75,400
2023-10-02 12:00:00+00:00,18.6,193,400
2023-10-02 13:00:00+00:00,18.8,150,400
2023-10-02 14:00:00+00:00,19,152,400
2023-10-02 15:00:00+00:00,19,120,400
2023-10-02 16:00:00+00:00,18.8,157,400
2023-10-02 17:00:00+00:00,18.1,100,400
2023-10-02 18:00:00+00:00,17.2,88,400
2023-10-02 19:00:00+00:00,16.5,20,400
2023-10-02 20:00:00+00:00,16.3,0,400
2023-10-02 21:00:00+00:00,16.2,0,400
2023-10-02 22:00:00+00:00,16.2,0,400
2023-10-02 23:00:00+00:00,16.5,0,400
2023-10-03 00:00:00+00:00,16.6,0,400
2023-10-03 01:00:00+00:00,16.6,0,400
2023-10-03 02:00:00+00:00,16.5,0,400
2023-10-03 03:00:00+00:00,16.5,0,400
2023-10-03 04:00:00+00:00,16.5,0,400
2023-10-03 05:00:00+00:00,16.6,0,400
2023-10-03 06:00:00+00:00,17.2,0,400
2023-10-03 07:00:00+00:00,17.7,0,400
2023-10-03 08:00:00+00:00,17.9,5,400
2023-10-03 09:00:00+00:00,17.9,48,400
2023-10-03 10:00:00+00:00,17.8,152,400
2023-10-03 11:00:00+00:00,17.6,89,400
2023-10-03 12:00:00+00:00,17.8,45,400
2023-10-03 13:00:00+00:00,15.3,57,400
2023-10-03 14:00:00+00:00,13.4,122,400
2023-10-03 15:00:00+00:00,13.6,80,400
2023-10-03 16:00:00+00:00,13.7,106,400
2023-10-03 17:00:00+00:00,13.5,117,400
2023-10-03 18:00:00+00:00,12.7,94,400
2023-10-03 19:00:00+00:00,11.9,15,400
2023-10-03 20:00:00+00:00,11.9,0,400
2023-10-03 21:00:00+00:00,11.9,0,400
2023-10-03 22:00:00+00:00,11.9,0,400
2023-10-03 23:00:00+00:00,12.3,0,400
2023-10-04 00:00:00+00:00,12.4,0,400
2023-10-04 01:00:00+00:00,12.5,0,400
2023-10-04 02:00:00+00:00,12.1,0,400
2023-10-04 03:00:00+00:00,11.7,0,400
2023-10-04 04:00:00+00:00,11.3,0,400
2023-10-04 05:00:00+00:00,11.5,0,400
2023-10-04 06:00:00+00:00,11.4,0,400
2023-10-04 07:00:00+00:00,11.6,0,400
2023-10-04 08:00:00+00:00,12.7,10,400
2023-10-04 09:00:00+00:00,14,80,400
2023-10-04 10:00:00+00:00,14.9,226,400
2023-10-04 11:00:00+00:00,15.5,292,400
2023-10-04 12:00:00+00:00,15.6,434,400
2023-10-04 13:00:00+00:00,15.3,476,400
2023-10-04 14:00:00+00:00,15.7,388,400
2023-10-04 15:00:00+00:00,15.2,353,400
2023-10-04 16:00:00+00:00,15,242,400
2023-10-04 17:00:00+00:00,14.8,137,400
2023-10-04 18:00:00+00:00,14.5,57,400
2023-10-04 19:00:00+00:00,14.2,8,400
2023-10-04 20:00:00+00:00,13.8,0,400
2023-10-04 21:00:00+00:00,14,0,400
2023-10-04 22:00:00+00:00,13.7,0,400
2023-10-04 23:00:00+00:00,14.1,0,400
2023-10-05 00:00:00+00:00,14.3,0,400
2023-10-05 01:00:00+00:00,13.6,0,400
2023-10-05 02:00:00+00:00,12.8,0,400
2023-10-05 03:00:00+00:00,12.3,0,400
2023-10-05 04:00:00+00:00,11.6,0,400
2023-10-05 05:00:00+00:00,11.3,0,400
2023-10-05 06:00:00+00:00,11.2,0,400
2023-10-05 07:00:00+00:00,11.3,0,400
2023-10-05 08:00:00+00:00,12.5,9,400
2023-10-05 09:00:00+00:00,13.5,104,400
2023-10-05 10:00:00+00:00,14.4,239,400
2023-10-05 11:00:00+00:00,15.1,348,400
2023-10-05 12:00:00+00:00,15.3,366,400
2023-10-05 13:00:00+00:00,15.3,358,400
2023-10-05 14:00:00+00:00,15.6,305,400
2023-10-05 15:00:00+00:00,15.1,340,400
2023-10-05 16:00:00+00:00,14.8,321,400
2023-10-05 17:00:00+00:00,13.1,207,400
2023-10-05 18:00:00+00:00,11.9,103,400
2023-10-05 19:00:00+00:00,11.2,13,400
2023-10-05 20:00:00+00:00,10.8,0,400
2023-10-05 21:00:00+00:00,10.7,0,400
2023-10-05 22:00:00+00:00,10.7,0,400
2023-10-05 23:00:00+00:00,11,0,400
2023-10-06 00:00:00+00:00,11.4,0,400
2023-10-06 01:00:00+00:00,11.7,0,400
2023-10-06 02:00:00+00:00,12.5,0,400
2023-10-06 03:00:00+00:00,13.5,0,400
2023-10-06 04:00:00+00:00,14.2,0,400
2023-10-06 05:00:00+00:00,14.5,0,400
2023-10-06 06:00:00+00:00,14.4,0,400
2023-10-06 07:00:00+00:00,14,0,400
2023-10-06 08:00:00+00:00,13.9,3,400
2023-10-06 09:00:00+00:00,14.2,21,400
2023-10-06 10:00:00+00:00,15,53,400
2023-10-06 11:00:00+00:00,16.1,67,400
2023-10-06 12:00:00+00:00,16,99,400
2023-10-06 13:00:00+00:00,16.2,100,400
2023-10-06 14:00:00+00:00,16.3,103,400
2023-10-06 15:00:00+00:00,16.5,112,400
2023-10-06 16:00:00+00:00,16.6,86,400
2023-10-06 17:00:00+00:00,16.5,129,400
2023-10-06 18:00:00+00:00,16.4,42,400
2023-10-06 19:00:00+00:00,16.5,9,400
2023-10-06 20:00:00+00:00,16.5,0,400
2023-10-06 21:00:00+00:00,16.7,0,400
2023-10-06 22:00:00+00:00,16.4,0,400
2023-10-06 23:00:00+00:00,15.8,0,400
2023-10-07 00:00:00+00:00,14.8,0,400
2023-10-07 01:00:00+00:00,14,0,400
2023-10-07 02:00:00+00:00,13.5,0,400
2023-10-07 03:00:00+00:00,13,0,400
2023-10-07 04:00:00+00:00,12.7,0,400
2023-10-07 05:00:00+00:00,12.3,0,400
2023-10-07 06:00:00+00:00,12.1,0,400
2023-10-07 07:00:00+00:00,12,0,400
2023-10-07 08:00:00+00:00,12.2,4,400
2023-10-07 09:00:00+00:00,12.5,53,400
2023-10-07 10:00:00+00:00,12.6,120,400
2023-10-07 11:00:00+00:00,12.3,187,400
2023-10-07 12:00:00+00:00,12.5,242,400
2023-10-07 13:00:00+00:00,12.6,139,400
2023-10-07 14:00:00+00:00,12.7,215,400
2023-10-07 15:00:00+00:00,12.5,257,400
2023-10-07 16:00:00+00:00,12.1,222,400
2023-10-07 17:00:00+00:00,11.3,149,400
2023-10-07 18:00:00+00:00,10.8,47,400
2023-10-07 19:00:00+00:00,10.4,6,400
2023-10-07 20:00:00+00:00,10.1,0,400
2023-10-07 21:00:00+00:00,9.8,0,400
2023-10-07 22:00:00+00:00,9.5,0,400
2023-10-07 23:00:00+00:00,9.7,0,400
2023-10-08 00:00:00+00:00,9.9,0,400
2023-10-08 01:00:00+00:00,9.1,0,400
2023-10-08 02:00:00+00:00,8.3,0,400
2023-10-08 03:00:00+00:00,7.5,0,400
2023-10-08 04:00:00+00:00,6.8,0,400
2023-10-08 05:00:00+00:00,6.8,0,400
2023-10-08 06:00:00+00:00,6.5,0,400
2023-10-08 07:00:00+00:00,6.8,0,400
2023-10-08 08:00:00+00:00,8.5,5,400
2023-10-08 09:00:00+00:00,10.6,69,400
2023-10-08 10:00:00+00:00,11.3,207,400
2023-10-08 11:00:00+00:00,11.4,326,400
2023-10-08 12:00:00+00:00,12.1,343,400
2023-10-08 13:00:00+00:00,12,239,400
2023-10-08 14:00:00+00:00,11.7,339,400
2023-10-08 15:00:00+00:00,11.2,265,400
2023-10-08 16:00:00+00:00,10.8,148,400
2023-10-08 17:00:00+00:00,9.2,130,400
2023-10-08 18:00:00+00:00,6.8,79,400
2023-10-08 19:00:00+00:00,5.5,10,400
2023-10-08 20:00:00+00:00,5.9,0,400
2023-10-08 21:00:00+00:00,6.7,0,400
2023-10-08 22:00:00+00:00,6.9,0,400
2023-10-08 23:00:00+00:00,7.2,0,400
2023-10-09 00:00:00+00:00,7.9,0,400
2023-10-09 01:00:00+00:00,7.9,0,400
2023-10-09 02:00:00+00:00,7.5,0,400
2023-10-09 03:00:00+00:00,7.3,0,400
2023-10-09 04:00:00+00:00,7.4,0,400
2023-10-09 05:00:00+00:00,7.6,2,400
2023-10-09 06:00:00+00:00,8,19,400
2023-10-09 07:00:00+00:00,8.6,64,400
2023-10-09 08:00:00+00:00,9,86,400
2023-10-09 09:00:00+00:00,9.7,153,400
2023-10-09 10:00:00+00:00,10.4,214,400
2023-10-09 11:00:00+00:00,11.2,195,400
2023-10-09 12:00:00+00:00,11.9,107,400
2023-10-09 13:00:00+00:00,11.9,161,400
2023-10-09 14:00:00+00:00,12.1,113,400
2023-10-09 15:00:00+00:00,12.4,44,400
2023-10-09 16:00:00+00:00,12.3,3,400
2023-10-09 17:00:00+00:00,11.9,0,400
2023-10-09 18:00:00+00:00,11.6,0,400
2023-10-09 19:00:00+00:00,11.4,0,400
2023-10-09 20:00:00+00:00,11.2,0,400
2023-10-09 21:00:00+00:00,11.1,0,400
2023-10-09 22:00:00+00:00,10.7,0,400
2023-10-09 23:00:00+00:00,10.4,0,400
2023-10-10 00:00:00+00:00,9.8,0,400
2023-10-10 01:00:00+00:00,9.5,0,400
2023-10-10 02:00:00+00:00,9.5,0,400
2023-10-10 03:00:00+00:00,10,0,400
2023-10-10 04:00:00+00:00,10.2,0,400
2023-10-10 05:00:00+00:00,10.5,2,400
2023-10-10 06:00:00+00:00,10.6,44,400
2023-10-10 07:00:00+00:00,11,109,400
2023-10-10 08:00:00+00:00,11.8,168,400
2023-10-10 09:00:00+00:00,12.7,160,400
2023-10-10 10:00:00+00:00,13.6,204,400
2023-10-10 11:00:00+00:00,13.9,145,400
2023-10-10 12:00:00+00:00,14,132,400
2023-10-10 13:00:00+00:00,14.4,52,400
2023-10-10 14:00:00+00:00,14.5,66,400
2023-10-10 15:00:00+00:00,15,25,400
2023-10-10 16:00:00+00:00,15.4,2,400
2023-10-10 17:00:00+00:00,15.7,0,400
2023-10-10 18:00:00+00:00,15.9,0,400
2023-10-10 19:00:00+00:00,16,0,400
2023-10-10 20:00:00+00:00,16,0,400
2023-10-10 21:00:00+00:00,16.3,0,400
2023-10-10 22:00:00+00:00,16.4,0,400
2023-10-10 23:00:00+00:00,16.3,0,400
2023-10-11 00:00:00+00:00,16.1,0,400
2023-10-11 01:00:00+00:00,15.8,0,400
2023-10-11 02:00:00+00:00,15.9,0,400
2023-10-11 03:00:00+00:00,15.8,0,400
2023-10-11 04:00:00+00:00,15.8,0,400
2023-10-11 05:00:00+00:00,15.9,1,400
2023-10-11 06:00:00+00:00,16.3,22,400
2023-10-11 07:00:00+00:00,16.5,28,400
2023-10-11 08:00:00+00:00,16.5,65,400
2023-10-11 09:00:00+00:00,16.6,92,400
2023-10-11 10:00:00+00:00,16.9,178,400
2023-10-11 11:00:00+00:00,16.8,188,400
2023-10-11 12:00:00+00:00,17.1,91,400
2023-10-11 13:00:00+00:00,16,94,400
2023-10-11 14:00:00+00:00,14.5,69,400
2023-10-11 15:00:00+00:00,14.7,23,400
2023-10-11 16:00:00+00:00,14,7,400
2023-10-11 17:00:00+00:00,13.1,0,400
2023-10-11 18:00:00+00:00,12.5,0,400
2023-10-11 19:00:00+00:00,12.2,0,400
2023-10-11 20:00:00+00:00,12.3,0,400
2023-10-11 21:00:00+00:00,12,0,400
2023-10-11 23:00:00+00:00,11.4,0,400
2023-10-12 00:00:00+00:00,11.2,0,400
2023-10-12 01:00:00+00:00,10.5,0,400
2023-10-12 02:00:00+00:00,10.2,0,400
2023-10-12 03:00:00+00:00,10.3,0,400
2023-10-12 04:00:00+00:00,10.1,0,400
2023-10-12 05:00:00+00:00,10.1,0,400
2023-10-12 06:00:00+00:00,9.9,2,400
2023-10-12 07:00:00+00:00,10.4,52,400
2023-10-12 08:00:00+00:00,11.4,175,400
2023-10-12 10:00:00+00:00,12.9,397,400
2023-10-12 11:00:00+00:00,13.2,372,400
2023-10-12 12:00:00+00:00,13.6,447,400
2023-10-12 13:00:00+00:00,13.6,355,400
2023-10-12 14:00:00+00:00,13.4,325,400
2023-10-12 15:00:00+00:00,12.8,167,400
2023-10-12 16:00:00+00:00,12,69,400
2023-10-12 17:00:00+00:00,10.9,11,400
2023-10-12 18:00:00+00:00,9.8,0,400
2023-10-12 19:00:00+00:00,9,0,400
2023-10-12 20:00:00+00:00,7,0,400
2023-10-12 21:00:00+00:00,6,0,400
2023-10-12 22:00:00+00:00,5.9,0,400
2023-10-12 23:00:00+00:00,5.3,0,400
2023-10-13 00:00:00+00:00,4.6,0,400
2023-10-13 01:00:00+00:00,4.3,0,400
2023-10-13 02:00:00+00:00,7,0,400
2023-10-13 03:00:00+00:00,8.5,0,400
2023-10-13 04:00:00+00:00,9.6,0,400
2023-10-13 05:00:00+00:00,10.3,0,400
2023-10-13 06:00:00+00:00,10.9,1,400
2023-10-13 07:00:00+00:00,11.4,15,400
2023-10-13 08:00:00+00:00,12.2,30,400
2023-10-13 09:00:00+00:00,13.4,57,400
2023-10-13 10:00:00+00:00,14.4,44,400
2023-10-13 11:00:00+00:00,15.2,44,400
2023-10-13 12:00:00+00:00,15.6,71,400
2023-10-13 13:00:00+00:00,15.4,47,400
2023-10-13 14:00:00+00:00,15.9,36,400
2023-10-13 15:00:00+00:00,18,40,400
2023-10-13 16:00:00+00:00,18.1,23,400
2023-10-13 17:00:00+00:00,17.5,1,400
2023-10-13 18:00:00+00:00,17.6,0,400
2023-10-13 19:00:00+00:00,15.9,0,400
2023-10-13 20:00:00+00:00,15.3,0,400
2023-10-13 21:00:00+00:00,15,0,400
2023-10-13 22:00:00+00:00,14.8,0,400
2023-10-13 23:00:00+00:00,13.9,0,400
2023-10-14 00:00:00+00:00,12.7,0,400
2023-10-14 01:00:00+00:00,11.7,0,400
2023-10-14 02:00:00+00:00,11.2,0,400
2023-10-14 03:00:00+00:00,10.4,0,400
2023-10-14 04:00:00+00:00,10.2,0,400
2023-10-14 05:00:00+00:00,9.6,0,400
2023-10-14 06:00:00+00:00,9.8,2,400
2023-10-14 07:00:00+00:00,9.8,60,400
2023-10-14 08:00:00+00:00,10.4,206,400
2023-10-14 09:00:00+00:00,11.1,282,400
2023-10-14 10:00:00+00:00,11.9,399,400
2023-10-14 11:00:00+00:00,11.8,408,400
2023-10-14 12:00:00+00:00,11.6,444,400
2023-10-14 13:00:00+00:00,11.1,334,400
2023-10-14 14:00:00+00:00,10.9,297,400
2023-10-14 15:00:00+00:00,11,206,400
2023-10-14 16:00:00+00:00,9.9,67,400
2023-10-14 17:00:00+00:00,9,4,400
2023-10-14 18:00:00+00:00,8.7,0,400
2023-10-14 19:00:00+00:00,8.7,0,400
2023-10-14 20:00:00+00:00,8.4,0,400
2023-10-14 21:00:00+00:00,8.1,0,400
2023-10-14 22:00:00+00:00,8,0,400
2023-10-14 23:00:00+00:00,7.6,0,400
2023-10-15 00:00:00+00:00,7.7,0,400
2023-10-15 01:00:00+00:00,7.5,0,400
2023-10-15 02:00:00+00:00,7.5,0,400
2023-10-15 03:00:00+00:00,7,0,400
2023-10-15 04:00:00+00:00,7.1,0,400
2023-10-15 05:00:00+00:00,7.1,0,400
2023-10-15 06:00:00+00:00,7.1,2,400
2023-10-15 07:00:00+00:00,7.4,36,400
2023-10-15 08:00:00+00:00,7.5,74,400
2023-10-15 09:00:00+00:00,7.5,244,400
2023-10-15 10:00:00+00:00,8.8,375,400
2023-10-15 11:00:00+00:00,10,391,400
2023-10-15 12:00:00+00:00,10.9,383,400
2023-10-15 13:00:00+00:00,11,278,400
2023-10-15 14:00:00+00:00,11.3,281,400
2023-10-15 15:00:00+00:00,10.9,219,400
2023-10-15 16:00:00+00:00,10.1,80,400
2023-10-15 17:00:00+00:00,8.9,5,400
2023-10-15 18:00:00+00:00,8,0,400
2023-10-15 19:00:00+00:00,7.1,0,400
2023-10-15 20:00:00+00:00,6.6,0,400
2023-10-15 21:00:00+00:00,6.1,0,400
2023-10-15 22:00:00+00:00,5.7,0,400
2023-10-15 23:00:00+00:00,5.7,0,400
2023-10-16 00:00:00+00:00,5.9,0,400
2023-10-16 01:00:00+00:00,6.1,0,400
2023-10-16 02:00:00+00:00,6,0,400
2023-10-16 03:00:00+00:00,6.1,0,400
2023-10-16 04:00:00+00:00,6.1,0,400
2023-10-16 05:00:00+00:00,5.7,0,400
2023-10-16 06:00:00+00:00,5.4,2,400
2023-10-16 07:00:00+00:00,5.3,61,400
2023-10-16 08:00:00+00:00,6.2,193,400
2023-10-16 09:00:00+00:00,7.6,313,400
2023-10-16 10:00:00+00:00,8.6,380,400
2023-10-16 11:00:00+00:00,9.1,378,400
2023-10-16 12:00:00+00:00,9.6,427,400
2023-10-16 13:00:00+00:00,9.8,312,400
2023-10-16 14:00:00+00:00,9.6,246,400
2023-10-16 15:00:00+00:00,9.2,134,400
2023-10-16 16:00:00+00:00,8.7,59,400
2023-10-16 17:00:00+00:00,7.7,2,400
2023-10-16 18:00:00+00:00,6.8,0,400
2023-10-16 19:00:00+00:00,5.8,0,400
2023-10-16 20:00:00+00:00,5.2,0,400
2023-10-16 21:00:00+00:00,5.9,0,400
2023-10-16 22:00:00+00:00,5.5,0,400
2023-10-16 23:00:00+00:00,6.3,0,400
2023-10-17 00:00:00+00:00,5.9,0,400
2023-10-17 01:00:00+00:00,4.8,0,400
2023-10-17 02:00:00+00:00,4,0,400
2023-10-17 03:00:00+00:00,4.2,0,400
2023-10-17 04:00:00+00:00,5.5,0,400
2023-10-17 05:00:00+00:00,6.3,0,400
2023-10-17 06:00:00+00:00,6.6,1,400
2023-10-17 07:00:00+00:00,7.5,22,400
2023-10-17 08:00:00+00:00,8.2,142,400
2023-10-17 09:00:00+00:00,9.9,272,400
2023-10-17 10:00:00+00:00,10.8,257,400
2023-10-17 11:00:00+00:00,11.2,206,400
2023-10-17 12:00:00+00:00,11.5,284,400
2023-10-17 13:00:00+00:00,12.1,417,400
2023-10-17 14:00:00+00:00,12,186,400
2023-10-17 15:00:00+00:00,11.7,147,400
2023-10-17 16:00:00+00:00,11.6,86,400
2023-10-17 17:00:00+00:00,10.4,2,400
2023-10-17 18:00:00+00:00,9.5,0,400
2023-10-17 19:00:00+00:00,8.4,0,400
2023-10-17 20:00:00+00:00,7.8,0,400
2023-10-17 21:00:00+00:00,7.9,0,400
2023-10-17 22:00:00+00:00,8.1,0,400
2023-10-17 23:00:00+00:00,8.3,0,400
2023-10-18 00:00:00+00:00,8.1,0,400
2023-10-18 01:00:00+00:00,7.3,0,400
2023-10-18 02:00:00+00:00,7,0,400
2023-10-18 03:00:00+00:00,7.1,0,400
2023-10-18 04:00:00+00:00,6.1,0,400
2023-10-18 05:00:00+00:00,6.3,0,400
2023-10-18 06:00:00+00:00,6.2,1,400
2023-10-18 07:00:00+00:00,7,22,400
2023-10-18 08:00:00+00:00,7.8,65,400
2023-10-18 09:00:00+00:00,8.8,133,400
2023-10-18 10:00:00+00:00,10.1,166,400
2023-10-18 11:00:00+00:00,11.2,249,400
2023-10-18 12:00:00+00:00,11.5,242,400
2023-10-18 13:00:00+00:00,11.6,234,400
2023-10-18 14:00:00+00:00,11.4,114,400
2023-10-18 15:00:00+00:00,10.9,89,400
2023-10-18 16:00:00+00:00,9.8,43,400
2023-10-18 17:00:00+00:00,8.5,1,400
2023-10-18 18:00:00+00:00,8.1,0,400
2023-10-18 19:00:00+00:00,7.6,0,400
2023-10-18 20:00:00+00:00,7.2,0,400
2023-10-18 21:00:00+00:00,7.3,0,400
2023-10-18 22:00:00+00:00,8.5,0,400
2023-10-18 23:00:00+00:00,9.3,0,400
2023-10-19 00:00:00+00:00,9.7,0,400
2023-10-19 01:00:00+00:00,9.6,0,400
2023-10-19 02:00:00+00:00,9.5,0,400
2023-10-19 03:00:00+00:00,9.1,0,400
2023-10-19 04:00:00+00:00,8.4,0,400
2023-10-19 05:00:00+00:00,8.3,0,400
2023-10-19 06:00:00+00:00,8.1,0,400
2023-10-19 07:00:00+00:00,8.1,4,400
2023-10-19 08:00:00+00:00,8.1,14,400
2023-10-19 09:00:00+00:00,8,22,400
2023-10-19 10:00:00+00:00,7.8,21,400
2023-10-19 11:00:00+00:00,8.1,23,400
2023-10-19 12:00:00+00:00,8,47,400
2023-10-19 13:00:00+00:00,7.7,41,400
2023-10-19 14:00:00+00:00,7.5,21,400
2023-10-19 15:00:00+00:00,7.4,18,400
2023-10-19 16:00:00+00:00,6.7,4,400
2023-10-19 17:00:00+00:00,6.3,0,400
2023-10-19 18:00:00+00:00,6,0,400
2023-10-19 19:00:00+00:00,5.6,0,400
2023-10-19 20:00:00+00:00,5.5,0,400
2023-10-19 21:00:00+00:00,5.6,0,400
2023-10-19 22:00:00+00:00,5.7,0,400
2023-10-19 23:00:00+00:00,5.5,0,400
2023-10-20 00:00:00+00:00,5.2,0,400
2023-10-20 01:00:00+00:00,5,0,400
2023-10-20 02:00:00+00:00,5,0,400
2023-10-20 03:00:00+00:00,4.7,0,400
2023-10-20 04:00:00+00:00,4.8,0,400
2023-10-20 05:00:00+00:00,5.1,0,400
2023-10-20 06:00:00+00:00,5.1,0,400
2023-10-20 07:00:00+00:00,5,9,400
2023-10-20 08:00:00+00:00,5,34,400
2023-10-20 09:00:00+00:00,4.9,47,400
2023-10-20 10:00:00+00:00,5.2,53,400
2023-10-20 11:00:00+00:00,5.7,82,400
2023-10-20 12:00:00+00:00,5.9,79,400
2023-10-20 13:00:00+00:00,6.2,59,400
2023-10-20 14:00:00+00:00,6.1,43,400
2023-10-20 15:00:00+00:00,5.6,20,400
2023-10-20 16:00:00+00:00,5.2,7,400
2023-10-20 17:00:00+00:00,5.1,0,400
2023-10-20 18:00:00+00:00,4.7,0,400
2023-10-20 19:00:00+00:00,4.9,0,400
2023-10-20 20:00:00+00:00,5.2,0,400
2023-10-20 21:00:00+00:00,5.2,0,400
2023-10-20 22:00:00+00:00,5.6,0,400
2023-10-20 23:00:00+00:00,6.2,0,400
2023-10-21 00:00:00+00:00,6.6,0,400
2023-10-21 01:00:00+00:00,6.8,0,400
2023-10-21 02:00:00+00:00,7.8,0,400
2023-10-21 03:00:00+00:00,8,0,400
2023-10-21 04:00:00+00:00,7.6,0,400
2023-10-21 05:00:00+00:00,7.6,0,400
2023-10-21 06:00:00+00:00,7.8,0,400
2023-10-21 07:00:00+00:00,8,8,400
2023-10-21 08:00:00+00:00,8.2,19,400
2023-10-21 09:00:00+00:00,8.4,31,400
2023-10-21 10:00:00+00:00,8.6,46,400
2023-10-21 11:00:00+00:00,8.9,62,400
2023-10-21 12:00:00+00:00,9.2,69,400
2023-10-21 13:00:00+00:00,9.6,101,400
2023-10-21 14:00:00+00:00,9.7,58,400
2023-10-21 15:00:00+00:00,9.7,11,400
2023-10-21 16:00:00+00:00,9.7,4,400
2023-10-21 17:00:00+00:00,9.8,0,400
2023-10-21 18:00:00+00:00,9.7,0,400
2023-10-21 19:00:00+00:00,9.4,0,400
2023-10-21 20:00:00+00:00,9.5,0,400
2023-10-21 21:00:00+00:00,9.5,0,400
2023-10-21 22:00:00+00:00,9.7,0,400
2023-10-21 23:00:00+00:00,10.2,0,400
2023-10-22 00:00:00+00:00,10.5,0,400
2023-10-22 01:00:00+00:00,10.4,0,400
2023-10-22 02:00:00+00:00,10.1,0,400
2023-10-22 03:00:00+00:00,10,0,400
2023-10-22 04:00:00+00:00,9.9,0,400
2023-10-22 05:00:00+00:00,9.8,0,400
2023-10-22 06:00:00+00:00,9.6,0,400
2023-10-22 07:00:00+00:00,9.6,34,400
2023-10-22 08:00:00+00:00,10.6,96,400
2023-10-22 09:00:00+00:00,11.3,111,400
2023-10-22 10:00:00+00:00,12.1,204,400
2023-10-22 11:00:00+00:00,12.9,331,400
2023-10-22 12:00:00+00:00,12.8,199,400
2023-10-22 13:00:00+00:00,12.1,96,400
2023-10-22 14:00:00+00:00,11.5,62,400
2023-10-22 15:00:00+00:00,11.5,31,400
2023-10-22 16:00:00+00:00,11.5,9,400
2023-10-22 17:00:00+00:00,11.2,1,400
2023-10-22 18:00:00+00:00,11,0,400
2023-10-22 19:00:00+00:00,10.5,0,400
2023-10-22 20:00:00+00:00,10.3,0,400
2023-10-22 21:00:00+00:00,10,0,400
2023-10-22 22:00:00+00:00,9,0,400
2023-10-22 23:00:00+00:00,8.5,0,400
2023-10-23 00:00:00+00:00,8.4,0,400
2023-10-23 01:00:00+00:00,7.8,0,400
2023-10-23 02:00:00+00:00,7.7,0,400
2023-10-23 03:00:00+00:00,8,0,400
2023-10-23 04:00:00+00:00,7.8,0,400
2023-10-23 05:00:00+00:00,8,0,400
2023-10-23 06:00:00+00:00,7.8,0,400
2023-10-23 07:00:00+00:00,7.8,24,400
2023-10-23 08:00:00+00:00,8.6,153,400
2023-10-23 09:00:00+00:00,10.1,268,400
2023-10-23 10:00:00+00:00,11.3,353,400
2023-10-23 11:00:00+00:00,11.7,264,400
2023-10-23 12:00:00+00:00,11.4,113,400
2023-10-23 13:00:00+00:00,12.1,351,400
2023-10-23 14:00:00+00:00,12.5,274,400
2023-10-23 15:00:00+00:00,12.3,130,400
2023-10-23 16:00:00+00:00,11,13,400
2023-10-23 17:00:00+00:00,8.6,0,400
2023-10-23 18:00:00+00:00,7.3,0,400
2023-10-23 19:00:00+00:00,6.6,0,400
2023-10-23 20:00:00+00:00,5.8,0,400
2023-10-23 21:00:00+00:00,5.3,0,400
2023-10-23 22:00:00+00:00,4.4,0,400
2023-10-23 23:00:00+00:00,4,0,400
2023-10-24 00:00:00+00:00,4.2,0,400
2023-10-24 01:00:00+00:00,4.2,0,400
2023-10-24 02:00:00+00:00,5.2,0,400
2023-10-24 03:00:00+00:00,6,0,400
2023-10-24 04:00:00+00:00,7.2,0,400
2023-10-24 05:00:00+00:00,8.2,0,400
2023-10-24 06:00:00+00:00,8.8,0,400
2023-10-24 07:00:00+00:00,9,15,400
2023-10-24 08:00:00+00:00,9.5,24,400
2023-10-24 09:00:00+00:00,9.9,27,400
2023-10-24 10:00:00+00:00,10,49,400
2023-10-24 11:00:00+00:00,10.5,53,400
2023-10-24 12:00:00+00:00,10.5,38,400
2023-10-24 13:00:00+00:00,10.4,31,400
2023-10-24 14:00:00+00:00,10.4,16,400
2023-10-24 15:00:00+00:00,10.5,9,400
2023-10-24 16:00:00+00:00,10.3,2,400
2023-10-24 17:00:00+00:00,9.9,0,400
2023-10-24 18:00:00+00:00,9.7,0,400
2023-10-24 19:00:00+00:00,9.7,0,400
2023-10-24 20:00:00+00:00,9.8,0,400
2023-10-24 21:00:00+00:00,10,0,400
2023-10-24 22:00:00+00:00,10.3,0,400
2023-10-24 23:00:00+00:00,10.4,0,400
2023-10-25 00:00:00+00:00,10.3,0,400
2023-10-25 01:00:00+00:00,10.3,0,400
2023-10-25 02:00:00+00:00,10.4,0,400
2023-10-25 03:00:00+00:00,10,0,400
2023-10-25 04:00:00+00:00,9.8,0,400
2023-10-25 05:00:00+00:00,9.3,0,400
2023-10-25 06:00:00+00:00,9.3,0,400
2023-10-25 07:00:00+00:00,9.5,12,400
2023-10-25 08:00:00+00:00,9.6,51,400
2023-10-25 09:00:00+00:00,9.7,57,400
2023-10-25 10:00:00+00:00,10.1,119,400
2023-10-25 11:00:00+00:00,10.3,120,400
2023-10-25 12:00:00+00:00,10.1,90,400
2023-10-25 13:00:00+00:00,10.3,75,400
2023-10-25 14:00:00+00:00,10.2,99,400
2023-10-25 15:00:00+00:00,9.9,40,400
2023-10-25 16:00:00+00:00,10.1,21,400
2023-10-25 17:00:00+00:00,9.7,0,400
2023-10-25 18:00:00+00:00,9.7,0,400
2023-10-25 19:00:00+00:00,9.8,0,400
2023-10-25 20:00:00+00:00,9.7,0,400
2023-10-25 21:00:00+00:00,9.4,0,400
2023-10-25 22:00:00+00:00,9.1,0,400
2023-10-25 23:00:00+00:00,8.9,0,400
2023-10-26 00:00:00+00:00,8.8,0,400
2023-10-26 01:00:00+00:00,8.7,0,400
2023-10-26 02:00:00+00:00,8.6,0,400
2023-10-26 03:00:00+00:00,8.4,0,400
2023-10-26 04:00:00+00:00,8.2,0,400
2023-10-26 05:00:00+00:00,8.1,0,400
2023-10-26 06:00:00+00:00,7.9,0,400
2023-10-26 07:00:00+00:00,7.8,1,400
2023-10-26 08:00:00+00:00,7.7,5,400
2023-10-26 09:00:00+00:00,7.7,23,400
2023-10-26 10:00:00+00:00,7.8,74,400
2023-10-26 11:00:00+00:00,7.7,106,400
2023-10-26 12:00:00+00:00,7.7,68,400
2023-10-26 13:00:00+00:00,7.6,56,400
2023-10-26 14:00:00+00:00,7.6,37,400
2023-10-26 15:00:00+00:00,7.9,15,400
2023-10-26 16:00:00+00:00,7.8,4,400
2023-10-26 17:00:00+00:00,7.7,0,400
2023-10-26 18:00:00+00:00,7.6,0,400
2023-10-26 19:00:00+00:00,7.4,0,400
2023-10-26 20:00:00+00:00,7.4,0,400
2023-10-26 21:00:00+00:00,7.3,0,400
2023-10-26 22:00:00+00:00,7.2,0,400
2023-10-26 23:00:00+00:00,7.1,0,400
2023-10-27 00:00:00+00:00,7,0,400
2023-10-27 01:00:00+00:00,6.8,0,400
2023-10-27 02:00:00+00:00,6.8,0,400
2023-10-27 03:00:00+00:00,6.6,0,400
2023-10-27 04:00:00+00:00,6.5,0,400
2023-10-27 05:00:00+00:00,6.3,0,400
2023-10-27 06:00:00+00:00,6.3,0,400
2023-10-27 07:00:00+00:00,6.3,8,400
2023-10-27 08:00:00+00:00,6.5,35,400
2023-10-27 09:00:00+00:00,6.7,69,400
2023-10-27 10:00:00+00:00,7,94,400
2023-10-27 11:00:00+00:00,7,81,400
2023-10-27 12:00:00+00:00,7.2,74,400
2023-10-27 13:00:00+00:00,7.3,46,400
2023-10-27 14:00:00+00:00,7.3,31,400
2023-10-27 15:00:00+00:00,7.4,27,400
2023-10-27 16:00:00+00:00,7.2,7,400
2023-10-27 17:00:00+00:00,6.9,0,400
2023-10-27 18:00:00+00:00,6.8,0,400
2023-10-27 19:00:00+00:00,6.7,0,400
2023-10-27 20:00:00+00:00,6.6,0,400
2023-10-27 21:00:00+00:00,6.4,0,400
2023-10-27 22:00:00+00:00,6.2,0,400
2023-10-27 23:00:00+00:00,6.2,0,400
2023-10-28 00:00:00+00:00,6.1,0,400
2023-10-28 01:00:00+00:00,6,0,400
2023-10-28 02:00:00+00:00,6.1,0,400
2023-10-28 03:00:00+00:00,6,0,400
2023-10-28 04:00:00+00:00,6.1,0,400
2023-10-28 05:00:00+00:00,6.1,0,400
2023-10-28 06:00:00+00:00,6.5,0,400
2023-10-28 07:00:00+00:00,6.5,6,400
2023-10-28 08:00:00+00:00,6.6,31,400
2023-10-28 09:00:00+00:00,6.9,43,400
2023-10-28 10:00:00+00:00,7.3,98,400
2023-10-28 11:00:00+00:00,7.9,93,400
2023-10-28 12:00:00+00:00,7.9,64,400
2023-10-28 13:00:00+00:00,7.8,38,400
2023-10-28 14:00:00+00:00,7.9,58,400
2023-10-28 15:00:00+00:00,8.3,43,400
2023-10-28 16:00:00+00:00,8.2,8,400
2023-10-28 17:00:00+00:00,8.2,0,400
2023-10-28 18:00:00+00:00,8.3,0,400
2023-10-28 19:00:00+00:00,8.1,0,400
2023-10-28 20:00:00+00:00,8,0,400
2023-10-28 21:00:00+00:00,7.9,0,400
2023-10-28 22:00:00+00:00,7.6,0,400
2023-10-28 23:00:00+00:00,7.7,0,400
2023-10-29 00:00:00+00:00,7.8,0,400
2023-10-29 01:00:00+00:00,8.2,0,400
2023-10-29 02:00:00+00:00,8.3,0,400
2023-10-29 03:00:00+00:00,8.5,0,400
2023-10-29 04:00:00+00:00,8.6,0,400
2023-10-29 05:00:00+00:00,8.6,0,400
2023-10-29 06:00:00+00:00,8.6,0,400
2023-10-29 07:00:00+00:00,8.9,2,400
2023-10-29 08:00:00+00:00,9.3,7,400
2023-10-29 09:00:00+00:00,9.5,29,400
2023-10-29 10:00:00+00:00,10.5,64,400
2023-10-29 11:00:00+00:00,11.8,53,400
2023-10-29 12:00:00+00:00,12,29,400
2023-10-29 13:00:00+00:00,12.7,240,400
2023-10-29 14:00:00+00:00,13.4,202,400
2023-10-29 15:00:00+00:00,13.2,90,400
2023-10-29 16:00:00+00:00,12.6,10,400
2023-10-29 17:00:00+00:00,12.1,0,400
2023-10-29 18:00:00+00:00,11.3,0,400
2023-10-29 19:00:00+00:00,11,0,400
2023-10-29 20:00:00+00:00,11.1,0,400
2023-10-29 21:00:00+00:00,11.3,0,400
2023-10-29 22:00:00+00:00,10.5,0,400
2023-10-29 23:00:00+00:00,10.5,0,400
2023-10-30 00:00:00+00:00,10.7,0,400
2023-10-30 01:00:00+00:00,10.4,0,400
2023-10-30 02:00:00+00:00,10.4,0,400
2023-10-30 03:00:00+00:00,10.4,0,400
2023-10-30 04:00:00+00:00,10.3,0,400
2023-10-30 05:00:00+00:00,10.7,0,400
2023-10-30 06:00:00+00:00,10.6,0,400
2023-10-30 07:00:00+00:00,10,6,400
2023-10-30 08:00:00+00:00,9.9,63,400
2023-10-30 09:00:00+00:00,10.6,159,400
2023-10-30 10:00:00+00:00,11.3,229,400
2023-10-30 11:00:00+00:00,12.3,307,400
2023-10-30 12:00:00+00:00,12.7,328,400
2023-10-30 13:00:00+00:00,13.3,287,400
2023-10-30 14:00:00+00:00,13.2,182,400
2023-10-30 15:00:00+00:00,12.7,108,400
2023-10-30 16:00:00+00:00,12,12,400
2023-10-30 17:00:00+00:00,11.4,0,400
2023-10-30 18:00:00+00:00,11.3,0,400
2023-10-30 19:00:00+00:00,10.7,0,400
2023-10-30 20:00:00+00:00,10.1,0,400
2023-10-30 21:00:00+00:00,9.8,0,400
2023-10-30 22:00:00+00:00,9.7,0,400
2023-10-30 23:00:00+00:00,9.6,0,400
2023-10-31 00:00:00+00:00,10.1,0,400
2023-10-31 01:00:00+00:00,10.3,0,400
2023-10-31 02:00:00+00:00,9.7,0,400
2023-10-31 03:00:00+00:00,9.4,0,400
2023-10-31 04:00:00+00:00,9.4,0,400
2023-10-31 05:00:00+00:00,9.6,0,400
2023-10-31 06:00:00+00:00,9.5,0,400
2023-10-31 07:00:00+00:00,8.6,1,400
2023-10-31 08:00:00+00:00,7.9,12,400
2023-10-31 09:00:00+00:00,7.3,27,400
2023-10-31 10:00:00+00:00,6.3,46,400
2023-10-31 11:00:00+00:00,5.9,30,400
2023-10-31 12:00:00+00:00,5,31,400
2023-10-31 13:00:00+00:00,4.6,28,400
2023-10-31 14:00:00+00:00,4.2,44,400
2023-10-31 15:00:00+00:00,4.3,57,400
2023-10-31 16:00:00+00:00,4.4,8,400
2023-10-31 17:00:00+00:00,4.4,0,400
2023-10-31 18:00:00+00:00,4.3,0,400
2023-10-31 19:00:00+00:00,4.1,0,400
2023-10-31 20:00:00+00:00,3.9,0,400
2023-10-31 21:00:00+00:00,3.8,0,400
2023-10-31 22:00:00+00:00,3.7,0,400
2023-10-31 23:00:00+00:00,3.5,0,400
2023-11-01 00:00:00+00:00,2.8,0,400
2023-11-01 01:00:00+00:00,1.4,0,400
2023-11-01 02:00:00+00:00,0.3,0,400
2023-11-01 03:00:00+00:00,-0.3,0,400
2023-11-01 04:00:00+00:00,-0.6,0,400
2023-11-01 05:00:00+00:00,-1,0,400
2023-11-01 06:00:00+00:00,-0.8,0,400
2023-11-01 07:00:00+00:00,-0.1,9,400
2023-11-01 08:00:00+00:00,1.2,41,400
2023-11-01 09:00:00+00:00,3,85,400
2023-11-01 10:00:00+00:00,4.6,99,400
2023-11-01 11:00:00+00:00,5.9,118,400
2023-11-01 12:00:00+00:00,6.5,106,400
2023-11-01 13:00:00+00:00,6.7,77,400
2023-11-01 14:00:00+00:00,7.1,45,400
2023-11-01 15:00:00+00:00,7.3,32,400
2023-11-01 16:00:00+00:00,7.5,6,400
2023-11-01 17:00:00+00:00,8.2,0,400
2023-11-01 18:00:00+00:00,9.1,0,400
2023-11-01 19:00:00+00:00,10.2,0,400
2023-11-01 20:00:00+00:00,11.1,0,400
2023-11-01 21:00:00+00:00,11.2,0,400
2023-11-01 22:00:00+00:00,11.1,0,400
2023-11-01 23:00:00+00:00,11,0,400
2023-11-02 00:00:00+00:00,10.7,0,400
2023-11-02 01:00:00+00:00,10.8,0,400
2023-11-02 02:00:00+00:00,10.9,0,400
2023-11-02 03:00:00+00:00,10.3,0,400
2023-11-02 04:00:00+00:00,9.7,0,400
2023-11-02 05:00:00+00:00,9.3,0,400
2023-11-02 06:00:00+00:00,8.9,0,400
2023-11-02 07:00:00+00:00,8.7,10,400
2023-11-02 08:00:00+00:00,9.2,73,400
2023-11-02 09:00:00+00:00,10.1,134,400
2023-11-02 10:00:00+00:00,10.3,172,400
2023-11-02 11:00:00+00:00,10.4,67,400
2023-11-02 12:00:00+00:00,10.4,56,400
2023-11-02 13:00:00+00:00,10.5,55,400
2023-11-02 14:00:00+00:00,10.9,42,400
2023-11-02 15:00:00+00:00,11.2,17,400
2023-11-02 16:00:00+00:00,11.3,6,400
2023-11-02 17:00:00+00:00,11.6,0,400
2023-11-02 18:00:00+00:00,11.7,0,400
2023-11-02 19:00:00+00:00,11.6,0,400
2023-11-02 20:00:00+00:00,11.4,0,400
2023-11-02 21:00:00+00:00,11.1,0,400
2023-11-02 22:00:00+00:00,10.9,0,400
2023-11-02 23:00:00+00:00,10.7,0,400
2023-11-03 00:00:00+00:00,10.6,0,400
2023-11-03 01:00:00+00:00,10.5,0,400
2023-11-03 02:00:00+00:00,10.6,0,400
2023-11-03 03:00:00+00:00,10.4,0,400
2023-11-03 04:00:00+00:00,9.8,0,400
2023-11-03 05:00:00+00:00,9.3,0,400
2023-11-03 06:00:00+00:00,9,0,400
2023-11-03 07:00:00+00:00,8.7,6,400
2023-11-03 08:00:00+00:00,9.1,64,400
2023-11-03 09:00:00+00:00,9.5,56,400
2023-11-03 10:00:00+00:00,9.6,99,400
2023-11-03 11:00:00+00:00,9.8,77,400
2023-11-03 12:00:00+00:00,9.4,49,400
2023-11-03 13:00:00+00:00,9.1,39,400
2023-11-03 14:00:00+00:00,9.7,32,400
2023-11-03 15:00:00+00:00,9.8,14,400
2023-11-03 16:00:00+00:00,9.7,3,400
2023-11-03 17:00:00+00:00,9.7,0,400
2023-11-03 18:00:00+00:00,9.8,0,400
2023-11-03 19:00:00+00:00,9.8,0,400
2023-11-03 20:00:00+00:00,9.8,0,400
2023-11-03 21:00:00+00:00,9,0,400
2023-11-03 22:00:00+00:00,9.1,0,400
2023-11-03 23:00:00+00:00,9.2,0,400
2023-11-04 00:00:00+00:00,9.2,0,400
2023-11-04 01:00:00+00:00,8.8,0,400
2023-11-04 02:00:00+00:00,8.8,0,400
2023-11-04 03:00:00+00:00,8.6,0,400
2023-11-04 04:00:00+00:00,8.1,0,400
2023-11-04 05:00:00+00:00,7.9,0,400
2023-11-04 06:00:00+00:00,7.7,0,400
2023-11-04 07:00:00+00:00,7.4,2,400
2023-11-04 08:00:00+00:00,7,17,400
2023-11-04 09:00:00+00:00,7.1,41,400
2023-11-04 10:00:00+00:00,7.7,153,400
2023-11-04 11:00:00+00:00,7.9,92,400
2023-11-04 12:00:00+00:00,7.9,54,400
2023-11-04 13:00:00+00:00,8,35,400
2023-11-04 14:00:00+00:00,8.2,40,400
2023-11-04 15:00:00+00:00,8.6,39,400
2023-11-04 16:00:00+00:00,8.7,4,400
2023-11-04 17:00:00+00:00,8.7,0,400
2023-11-04 18:00:00+00:00,9.1,0,400
2023-11-04 19:00:00+00:00,9.1,0,400
2023-11-04 20:00:00+00:00,8.8,0,400
2023-11-04 21:00:00+00:00,8.7,0,400
2023-11-04 22:00:00+00:00,8.6,0,400
2023-11-04 23:00:00+00:00,7.9,0,400
2023-11-05 00:00:00+00:00,7.6,0,400
2023-11-05 01:00:00+00:00,7.3,0,400
2023-11-05 02:00:00+00:00,7.7,0,400
2023-11-05 03:00:00+00:00,7.7,0,400
2023-11-05 04:00:00+00:00,7.7,0,400
2023-11-05 05:00:00+00:00,7.8,0,400
2023-11-05 06:00:00+00:00,8,0,400
2023-11-05 07:00:00+00:00,8.2,1,400
2023-11-05 08:00:00+00:00,8.4,15,400
2023-11-05 09:00:00+00:00,8.7,52,400
2023-11-05 10:00:00+00:00,9.4,123,400
2023-11-05 11:00:00+00:00,10.1,185,400
2023-11-05 12:00:00+00:00,10.4,143,400
2023-11-05 13:00:00+00:00,10.5,106,400
2023-11-05 14:00:00+00:00,10.5,87,400
2023-11-05 15:00:00+00:00,9.8,20,400
2023-11-05 16:00:00+00:00,9.5,5,400
2023-11-05 17:00:00+00:00,9.5,0,400
2023-11-05 18:00:00+00:00,9.3,0,400
2023-11-05 19:00:00+00:00,9,0,400
2023-11-05 20:00:00+00:00,8.8,0,400
2023-11-05 21:00:00+00:00,8.9,0,400
2023-11-05 22:00:00+00:00,8.9,0,400
2023-11-05 23:00:00+00:00,8.8,0,400
2023-11-06 00:00:00+00:00,8.1,0,400
2023-11-06 01:00:00+00:00,8.2,0,400
2023-11-06 02:00:00+00:00,9,0,400
2023-11-06 03:00:00+00:00,9.2,0,400
2023-11-06 04:00:00+00:00,9.1,0,400
2023-11-06 05:00:00+00:00,9,0,400
2023-11-06 06:00:00+00:00,9.1,0,400
2023-11-06 07:00:00+00:00,9.4,3,400
2023-11-06 08:00:00+00:00,9.4,27,400
2023-11-06 09:00:00+00:00,9.8,97,400
2023-11-06 10:00:00+00:00,10.4,240,400
2023-11-06 11:00:00+00:00,10.8,245,400
2023-11-06 12:00:00+00:00,11,200,400
2023-11-06 13:00:00+00:00,10.4,171,400
2023-11-06 14:00:00+00:00,10.5,83,400
2023-11-06 15:00:00+00:00,10.2,27,400
2023-11-06 16:00:00+00:00,9.7,9,400
2023-11-06 17:00:00+00:00,8.7,0,400
2023-11-06 18:00:00+00:00,8.7,0,400
2023-11-06 19:00:00+00:00,8.9,0,400
2023-11-06 20:00:00+00:00,9.2,0,400
2023-11-06 21:00:00+00:00,9.2,0,400
2023-11-06 22:00:00+00:00,8.6,0,400
2023-11-06 23:00:00+00:00,8.2,0,400
2023-11-07 00:00:00+00:00,8.4,0,400
2023-11-07 01:00:00+00:00,8.2,0,400
2023-11-07 02:00:00+00:00,8.5,0,400
2023-11-07 03:00:00+00:00,8.4,0,400
2023-11-07 04:00:00+00:00,8.4,0,400
2023-11-07 05:00:00+00:00,8.7,0,400
2023-11-07 06:00:00+00:00,8.9,0,400
2023-11-07 07:00:00+00:00,8.9,2,400
2023-11-07 08:00:00+00:00,8.8,43,400
2023-11-07 09:00:00+00:00,9.3,77,400
2023-11-07 10:00:00+00:00,10,163,400
2023-11-07 11:00:00+00:00,10.3,115,400
2023-11-07 12:00:00+00:00,10.3,71,400
2023-11-07 13:00:00+00:00,10.1,95,400
2023-11-07 14:00:00+00:00,10.2,74,400
2023-11-07 15:00:00+00:00,9.8,31,400
2023-11-07 16:00:00+00:00,9.2,8,400
2023-11-07 17:00:00+00:00,8.7,0,400
2023-11-07 18:00:00+00:00,8.8,0,400
2023-11-07 19:00:00+00:00,8.7,0,400
2023-11-07 20:00:00+00:00,8.4,0,400
2023-11-07 21:00:00+00:00,8.4,0,400
2023-11-07 22:00:00+00:00,8.9,0,400
2023-11-07 23:00:00+00:00,8.6,0,400
2023-11-08 00:00:00+00:00,8.6,0,400
2023-11-08 01:00:00+00:00,8.4,0,400
2023-11-08 02:00:00+00:00,8.4,0,400
2023-11-08 03:00:00+00:00,8.6,0,400
2023-11-08 04:00:00+00:00,8.7,0,400
2023-11-08 05:00:00+00:00,8.7,0,400
2023-11-08 06:00:00+00:00,8.6,0,400
2023-11-08 07:00:00+00:00,8.4,5,400
2023-11-08 08:00:00+00:00,8.4,23,400
2023-11-08 09:00:00+00:00,8.7,83,400
2023-11-08 10:00:00+00:00,9.1,164,400
2023-11-08 11:00:00+00:00,9.5,170,400
2023-11-08 12:00:00+00:00,10,247,400
2023-11-08 13:00:00+00:00,9.6,70,400
2023-11-08 14:00:00+00:00,9.4,36,400
2023-11-08 15:00:00+00:00,8.9,27,400
2023-11-08 16:00:00+00:00,8.9,4,400
2023-11-08 17:00:00+00:00,8.9,0,400
2023-11-08 18:00:00+00:00,8.8,0,400
2023-11-08 19:00:00+00:00,8.8,0,400
2023-11-08 20:00:00+00:00,8.7,0,400
2023-11-08 21:00:00+00:00,8.9,0,400
2023-11-08 22:00:00+00:00,8.9,0,400
2023-11-08 23:00:00+00:00,8.7,0,400
2023-11-09 00:00:00+00:00,8.5,0,400
2023-11-09 01:00:00+00:00,8.1,0,400
2023-11-09 02:00:00+00:00,8.2,0,400
2023-11-09 03:00:00+00:00,8.4,0,400
2023-11-09 04:00:00+00:00,8.5,0,400
2023-11-09 05:00:00+00:00,8.6,0,400
2023-11-09 06:00:00+00:00,8.8,0,400
2023-11-09 07:00:00+00:00,8.9,0,400
2023-11-09 08:00:00+00:00,9,10,400
2023-11-09 09:00:00+00:00,9.2,38,400
2023-11-09 10:00:00+00:00,9.4,71,400
2023-11-09 11:00:00+00:00,9.5,46,400
2023-11-09 12:00:00+00:00,9.5,45,400
2023-11-09 13:00:00+00:00,9.7,48,400
2023-11-09 14:00:00+00:00,9.8,29,400
2023-11-09 15:00:00+00:00,9.5,34,400
2023-11-09 16:00:00+00:00,8.2,2,400
2023-11-09 17:00:00+00:00,7.6,0,400
2023-11-09 18:00:00+00:00,7.5,0,400
2023-11-09 19:00:00+00:00,7.8,0,400
2023-11-09 20:00:00+00:00,7.2,0,400
2023-11-09 21:00:00+00:00,7.2,0,400
2023-11-09 22:00:00+00:00,7,0,400
2023-11-09 23:00:00+00:00,7.1,0,400
2023-11-10 00:00:00+00:00,7,0,400
2023-11-10 01:00:00+00:00,7.4,0,400
2023-11-10 02:00:00+00:00,7.5,0,400
2023-11-10 03:00:00+00:00,7.8,0,400
2023-11-10 04:00:00+00:00,7.7,0,400
2023-11-10 05:00:00+00:00,7.1,0,400
2023-11-10 06:00:00+00:00,6.4,0,400
2023-11-10 07:00:00+00:00,6.2,0,400
2023-11-10 08:00:00+00:00,5.9,16,400
2023-11-10 09:00:00+00:00,7,63,400
2023-11-10 10:00:00+00:00,7.4,120,400
2023-11-10 11:00:00+00:00,7.6,73,400
2023-11-10 12:00:00+00:00,7.8,79,400
2023-11-10 13:00:00+00:00,7.8,42,400
2023-11-10 14:00:00+00:00,8,57,400
2023-11-10 15:00:00+00:00,8,26,400
2023-11-10 16:00:00+00:00,7.8,1,400
2023-11-10 17:00:00+00:00,7.7,0,400
2023-11-10 18:00:00+00:00,7.6,0,400
2023-11-10 19:00:00+00:00,7.4,0,400
2023-11-10 20:00:00+00:00,7.5,0,400
2023-11-10 21:00:00+00:00,7.5,0,400
2023-11-10 22:00:00+00:00,7.4,0,400
2023-11-10 23:00:00+00:00,7.3,0,400
2023-11-11 00:00:00+00:00,7.5,0,400
2023-11-11 01:00:00+00:00,7.3,0,400
2023-11-11 02:00:00+00:00,7.2,0,400
2023-11-11 03:00:00+00:00,7,0,400
2023-11-11 04:00:00+00:00,6.9,0,400
2023-11-11 05:00:00+00:00,6.9,0,400
2023-11-11 06:00:00+00:00,6.8,0,400
2023-11-11 07:00:00+00:00,6.8,0,400
2023-11-11 08:00:00+00:00,6.8,14,400
2023-11-11 09:00:00+00:00,7.2,58,400
2023-11-11 10:00:00+00:00,7.8,108,400
2023-11-11 11:00:00+00:00,8.1,101,400
2023-11-11 12:00:00+00:00,8.5,117,400
2023-11-11 13:00:00+00:00,8.6,68,400
2023-11-11 14:00:00+00:00,8.2,32,400
2023-11-11 15:00:00+00:00,7.2,24,400
2023-11-11 16:00:00+00:00,7.1,2,400
2023-11-11 17:00:00+00:00,6.5,0,400
2023-11-11 18:00:00+00:00,5.2,0,400
2023-11-11 19:00:00+00:00,4.5,0,400
2023-11-11 20:00:00+00:00,4.9,0,400
2023-11-11 21:00:00+00:00,5.2,0,400
2023-11-11 22:00:00+00:00,5.3,0,400
2023-11-11 23:00:00+00:00,5.3,0,400
2023-11-12 00:00:00+00:00,5.7,0,400
2023-11-12 01:00:00+00:00,5.8,0,400
2023-11-12 02:00:00+00:00,5.9,0,400
2023-11-12 03:00:00+00:00,5.7,0,400
2023-11-12 04:00:00+00:00,5.7,0,400
2023-11-12 05:00:00+00:00,5.6,0,400
2023-11-12 06:00:00+00:00,5.8,0,400
2023-11-12 07:00:00+00:00,6,1,400
2023-11-12 08:00:00+00:00,6.1,21,400
2023-11-12 09:00:00+00:00,6.3,63,400
2023-11-12 10:00:00+00:00,6.6,115,400
2023-11-12 11:00:00+00:00,6.9,129,400
2023-11-12 12:00:00+00:00,7.1,122,400
2023-11-12 13:00:00+00:00,7.1,101,400
2023-11-12 14:00:00+00:00,7.1,102,400
2023-11-12 15:00:00+00:00,6.7,26,400
2023-11-12 16:00:00+00:00,6.4,2,400
2023-11-12 17:00:00+00:00,6.1,0,400
2023-11-12 18:00:00+00:00,6.2,0,400
2023-11-12 19:00:00+00:00,6,0,400
2023-11-12 20:00:00+00:00,6.2,0,400
2023-11-12 21:00:00+00:00,6.1,0,400
2023-11-12 22:00:00+00:00,6.1,0,400
2023-11-12 23:00:00+00:00,5.9,0,400
2023-11-13 00:00:00+00:00,5.8,0,400
2023-11-13 01:00:00+00:00,5.7,0,400
2023-11-13 02:00:00+00:00,5.6,0,400
2023-11-13 03:00:00+00:00,5.6,0,400
2023-11-13 04:00:00+00:00,5.2,0,400
2023-11-13 05:00:00+00:00,4.9,0,400
2023-11-13 06:00:00+00:00,5.2,0,400
2023-11-13 07:00:00+00:00,5,2,400
2023-11-13 08:00:00+00:00,4.8,20,400
2023-11-13 09:00:00+00:00,5.1,65,400
2023-11-13 10:00:00+00:00,6.4,87,400
2023-11-13 11:00:00+00:00,7.3,110,400
2023-11-13 12:00:00+00:00,7.9,169,400
2023-11-13 13:00:00+00:00,7.4,222,400
2023-11-13 14:00:00+00:00,7,90,400
2023-11-13 15:00:00+00:00,6.7,18,400
2023-11-13 16:00:00+00:00,6.8,0,400
2023-11-13 17:00:00+00:00,6.9,0,400
2023-11-13 18:00:00+00:00,5.8,0,400
2023-11-13 19:00:00+00:00,5,0,400
2023-11-13 20:00:00+00:00,5.4,0,400
2023-11-13 21:00:00+00:00,5.7,0,400
2023-11-13 22:00:00+00:00,6,0,400
2023-11-13 23:00:00+00:00,6.3,0,400
2023-11-14 00:00:00+00:00,6.6,0,400
2023-11-14 01:00:00+00:00,7.2,0,400
2023-11-14 02:00:00+00:00,8.2,0,400
2023-11-14 03:00:00+00:00,8.5,0,400
2023-11-14 04:00:00+00:00,8.7,0,400
2023-11-14 05:00:00+00:00,8.8,0,400
2023-11-14 06:00:00+00:00,8.9,0,400
2023-11-14 07:00:00+00:00,9.1,1,400
2023-11-14 08:00:00+00:00,9.2,10,400
2023-11-14 09:00:00+00:00,9.2,52,400
2023-11-14 10:00:00+00:00,9.4,108,400
2023-11-14 11:00:00+00:00,9,63,400
2023-11-14 12:00:00+00:00,9.1,74,400
2023-11-14 13:00:00+00:00,8.3,83,400
2023-11-14 14:00:00+00:00,7.8,27,400
2023-11-14 15:00:00+00:00,7.4,11,400
2023-11-14 16:00:00+00:00,6.8,1,400
2023-11-14 17:00:00+00:00,6.5,0,400
2023-11-14 18:00:00+00:00,6.3,0,400
2023-11-14 19:00:00+00:00,6,0,400
2023-11-14 20:00:00+00:00,5.8,0,400
2023-11-14 21:00:00+00:00,5.5,0,400
2023-11-14 22:00:00+00:00,5.3,0,400
2023-11-14 23:00:00+00:00,5.2,0,400
2023-11-15 00:00:00+00:00,5.1,0,400
2023-11-15 01:00:00+00:00,5.1,0,400
2023-11-15 02:00:00+00:00,5.1,0,400
2023-11-15 03:00:00+00:00,5,0,400
2023-11-15 04:00:00+00:00,5,0,400
2023-11-15 05:00:00+00:00,4.9,0,400
2023-11-15 06:00:00+00:00,4.8,0,400
2023-11-15 07:00:00+00:00,4.7,1,400
2023-11-15 08:00:00+00:00,4.7,12,400
2023-11-15 09:00:00+00:00,4.8,63,400
2023-11-15 10:00:00+00:00,5.3,187,400
2023-11-15 11:00:00+00:00,6.1,248,400
2023-11-15 12:00:00+00:00,6.3,175,400
2023-11-15 13:00:00+00:00,6.1,62,400
2023-11-15 14:00:00+00:00,5.9,41,400
2023-11-15 15:00:00+00:00,5.5,15,400
2023-11-15 16:00:00+00:00,5.2,1,400
2023-11-15 17:00:00+00:00,5.1,0,400
2023-11-15 18:00:00+00:00,5.2,0,400
2023-11-15 19:00:00+00:00,5.5,0,400
2023-11-15 20:00:00+00:00,5.4,0,400
2023-11-15 21:00:00+00:00,5.5,0,400
2023-11-15 22:00:00+00:00,5.5,0,400
2023-11-15 23:00:00+00:00,5.8,0,400
2023-11-16 00:00:00+00:00,5.9,0,400
2023-11-16 01:00:00+00:00,6.2,0,400
2023-11-16 02:00:00+00:00,5.8,0,400
2023-11-16 03:00:00+00:00,5.4,0,400
2023-11-16 04:00:00+00:00,5,0,400
2023-11-16 05:00:00+00:00,4.2,0,400
2023-11-16 06:00:00+00:00,3.7,0,400
2023-11-16 07:00:00+00:00,3.6,0,400
2023-11-16 08:00:00+00:00,3.7,16,400
2023-11-16 09:00:00+00:00,3.8,26,400
2023-11-16 10:00:00+00:00,4,55,400
2023-11-16 11:00:00+00:00,4.3,96,400
2023-11-16 12:00:00+00:00,4.1,59,400
2023-11-16 13:00:00+00:00,4.3,48,400
2023-11-16 14:00:00+00:00,4.3,51,400
2023-11-16 15:00:00+00:00,4,19,400
2023-11-16 16:00:00+00:00,4.2,1,400
2023-11-16 17:00:00+00:00,4.3,0,400
2023-11-16 18:00:00+00:00,4.1,0,400
2023-11-16 19:00:00+00:00,4,0,400
2023-11-16 20:00:00+00:00,3.8,0,400
2023-11-16 21:00:00+00:00,4.1,0,400
2023-11-16 22:00:00+00:00,4.2,0,400
2023-11-16 23:00:00+00:00,4.3,0,400
2023-11-17 00:00:00+00:00,4.5,0,400
2023-11-17 01:00:00+00:00,4.5,0,400
2023-11-17 02:00:00+00:00,4.6,0,400
2023-11-17 03:00:00+00:00,4.6,0,400
2023-11-17 04:00:00+00:00,4.4,0,400
2023-11-17 05:00:00+00:00,4.3,0,400
2023-11-17 06:00:00+00:00,4.2,0,400
2023-11-17 07:00:00+00:00,4,1,400
2023-11-17 08:00:00+00:00,4.1,6,400
2023-11-17 09:00:00+00:00,4.4,38,400
2023-11-17 10:00:00+00:00,4.8,57,400
2023-11-17 11:00:00+00:00,5.1,61,400
2023-11-17 12:00:00+00:00,5.1,56,400
2023-11-17 13:00:00+00:00,5.2,54,400
2023-11-17 14:00:00+00:00,5.3,58,400
2023-11-17 15:00:00+00:00,5.2,18,400
2023-11-17 16:00:00+00:00,5,1,400
2023-11-17 17:00:00+00:00,4.6,0,400
2023-11-17 18:00:00+00:00,4.4,0,400
2023-11-17 19:00:00+00:00,3.7,0,400
2023-11-17 20:00:00+00:00,3.5,0,400
2023-11-17 21:00:00+00:00,3.1,0,400
2023-11-17 22:00:00+00:00,1.7,0,400
2023-11-17 23:00:00+00:00,0.9,0,400
2023-11-18 00:00:00+00:00,0,0,400
2023-11-18 01:00:00+00:00,-0.2,0,400
2023-11-18 02:00:00+00:00,0.6,0,400
2023-11-18 03:00:00+00:00,0.6,0,400
2023-11-18 04:00:00+00:00,-0.3,0,400
2023-11-18 05:00:00+00:00,-1,0,400
2023-11-18 06:00:00+00:00,-0.3,0,400
2023-11-18 07:00:00+00:00,0.4,1,400
2023-11-18 08:00:00+00:00,0.9,41,400
2023-11-18 09:00:00+00:00,2.2,141,400
2023-11-18 10:00:00+00:00,3.4,196,400
2023-11-18 11:00:00+00:00,4.2,225,400
2023-11-18 12:00:00+00:00,4.4,153,400
2023-11-18 13:00:00+00:00,4.6,191,400
2023-11-18 14:00:00+00:00,4.3,57,400
2023-11-18 15:00:00+00:00,4.1,23,400
2023-11-18 16:00:00+00:00,4,0,400
2023-11-18 17:00:00+00:00,4.4,0,400
2023-11-18 18:00:00+00:00,4.4,0,400
2023-11-18 19:00:00+00:00,4.6,0,400
2023-11-18 20:00:00+00:00,4.8,0,400
2023-11-18 21:00:00+00:00,4.8,0,400
2023-11-18 22:00:00+00:00,4.8,0,400
2023-11-18 23:00:00+00:00,4.8,0,400
2023-11-19 00:00:00+00:00,4.9,0,400
2023-11-19 01:00:00+00:00,4.7,0,400
2023-11-19 02:00:00+00:00,4.5,0,400
2023-11-19 03:00:00+00:00,4.7,0,400
2023-11-19 04:00:00+00:00,4.8,0,400
2023-11-19 05:00:00+00:00,5,0,400
2023-11-19 06:00:00+00:00,5,0,400
2023-11-19 07:00:00+00:00,5,0,400
2023-11-19 08:00:00+00:00,5.1,4,400
2023-11-19 09:00:00+00:00,5.3,12,400
2023-11-19 10:00:00+00:00,5.6,26,400
2023-11-19 11:00:00+00:00,5.8,18,400
2023-11-19 12:00:00+00:00,6,28,400
2023-11-19 13:00:00+00:00,6.6,50,400
2023-11-19 14:00:00+00:00,7,17,400
2023-11-19 15:00:00+00:00,7.7,17,400
2023-11-19 16:00:00+00:00,8.5,1,400
2023-11-19 17:00:00+00:00,9.1,0,400
2023-11-19 18:00:00+00:00,9.1,0,400
2023-11-19 19:00:00+00:00,9.4,0,400
2023-11-19 20:00:00+00:00,9.4,0,400
2023-11-19 21:00:00+00:00,9.3,0,400
2023-11-19 22:00:00+00:00,9.2,0,400
2023-11-19 23:00:00+00:00,9.1,0,400
2023-11-20 00:00:00+00:00,9,0,400
2023-11-20 01:00:00+00:00,8.9,0,400
2023-11-20 02:00:00+00:00,8.8,0,400
2023-11-20 03:00:00+00:00,8.8,0,400
2023-11-20 04:00:00+00:00,8.8,0,400
2023-11-20 05:00:00+00:00,8.1,0,400
2023-11-20 06:00:00+00:00,7.6,0,400
2023-11-20 07:00:00+00:00,7.3,0,400
2023-11-20 08:00:00+00:00,7.1,8,400
2023-11-20 09:00:00+00:00,7,30,400
2023-11-20 10:00:00+00:00,7,36,400
2023-11-20 11:00:00+00:00,7,70,400
2023-11-20 12:00:00+00:00,6.9,78,400
2023-11-20 13:00:00+00:00,6.6,33,400
2023-11-20 14:00:00+00:00,6.5,18,400
2023-11-20 15:00:00+00:00,6.3,6,400
2023-11-20 16:00:00+00:00,6.1,0,400
2023-11-20 17:00:00+00:00,5.8,0,400
2023-11-20 18:00:00+00:00,5.5,0,400
2023-11-20 19:00:00+00:00,5.4,0,400
2023-11-20 20:00:00+00:00,5.3,0,400
2023-11-20 21:00:00+00:00,5.4,0,400
2023-11-20 22:00:00+00:00,5.4,0,400
2023-11-20 23:00:00+00:00,5.3,0,400
2023-11-21 00:00:00+00:00,5.1,0,400
2023-11-21 01:00:00+00:00,4.9,0,400
2023-11-21 02:00:00+00:00,4.5,0,400
2023-11-21 03:00:00+00:00,4.7,0,400
2023-11-21 04:00:00+00:00,4.8,0,400
2023-11-21 05:00:00+00:00,4.8,0,400
2023-11-21 06:00:00+00:00,4.7,0,400
2023-11-21 07:00:00+00:00,4.4,0,400
2023-11-21 08:00:00+00:00,4.3,22,400
2023-11-21 09:00:00+00:00,4.5,40,400
2023-11-21 18:00:00+00:00,1.1,0,400
2023-11-21 19:00:00+00:00,0.3,0,400
2023-11-21 20:00:00+00:00,-0.4,0,400
2023-11-21 21:00:00+00:00,-0.7,0,400
2023-11-21 22:00:00+00:00,-0.9,0,400
2023-11-21 23:00:00+00:00,-1.4,0,400
2023-11-22 00:00:00+00:00,-1.8,0,400
2023-11-22 01:00:00+00:00,-2.1,0,400
2023-11-22 02:00:00+00:00,-2.3,0,400
2023-11-22 03:00:00+00:00,-2.3,0,400
2023-11-22 04:00:00+00:00,-2.1,0,400
2023-11-22 05:00:00+00:00,-0.2,0,400
2023-11-22 06:00:00+00:00,0.3,0,400
2023-11-22 07:00:00+00:00,0.9,1,400
2023-11-22 08:00:00+00:00,1.4,11,400
2023-11-22 09:00:00+00:00,2.4,33,400
2023-11-22 10:00:00+00:00,3,59,400
2023-11-22 11:00:00+00:00,3.5,67,400
2023-11-22 12:00:00+00:00,3.7,38,400
2023-11-22 13:00:00+00:00,3.8,34,400
2023-11-22 14:00:00+00:00,3.8,17,400
2023-11-22 15:00:00+00:00,3.8,10,400
2023-11-22 16:00:00+00:00,3.5,0,400
2023-11-22 17:00:00+00:00,3.3,0,400
2023-11-22 18:00:00+00:00,3.1,0,400
2023-11-22 19:00:00+00:00,3.1,0,400
2023-11-22 20:00:00+00:00,3.5,0,400
2023-11-22 21:00:00+00:00,4,0,400
2023-11-22 22:00:00+00:00,5.4,0,400
2023-11-22 23:00:00+00:00,7,0,400
2023-11-23 00:00:00+00:00,8.1,0,400
2023-11-23 01:00:00+00:00,9.9,0,400
2023-11-23 02:00:00+00:00,10.1,0,400
2023-11-23 03:00:00+00:00,10.3,0,400
2023-11-23 04:00:00+00:00,10.6,0,400
2023-11-23 05:00:00+00:00,11,0,400
2023-11-23 06:00:00+00:00,11.1,0,400
2023-11-23 07:00:00+00:00,11.2,0,400
2023-11-23 08:00:00+00:00,11.3,8,400
2023-11-23 09:00:00+00:00,11.4,50,400
2023-11-23 10:00:00+00:00,11.5,42,400
2023-11-23 11:00:00+00:00,11.2,61,400
2023-11-23 12:00:00+00:00,9.8,54,400
2023-11-23 13:00:00+00:00,9.3,44,400
2023-11-23 14:00:00+00:00,9.4,44,400
2023-11-23 15:00:00+00:00,9.2,14,400
2023-11-23 16:00:00+00:00,8.4,1,400
2023-11-23 17:00:00+00:00,7.8,0,400
2023-11-23 18:00:00+00:00,6.6,0,400
2023-11-23 19:00:00+00:00,6.4,0,400
2023-11-23 20:00:00+00:00,5.8,0,400
2023-11-23 21:00:00+00:00,5.4,0,400
2023-11-23 22:00:00+00:00,4.8,0,400
2023-11-23 23:00:00+00:00,4.7,0,400
2023-11-24 00:00:00+00:00,4.3,0,400
2023-11-24 01:00:00+00:00,3.7,0,400
2023-11-24 02:00:00+00:00,3.4,0,400
2023-11-24 03:00:00+00:00,2.9,0,400
2023-11-24 04:00:00+00:00,2.5,0,400
2023-11-24 05:00:00+00:00,2.3,0,400
2023-11-24 06:00:00+00:00,2.2,0,400
2023-11-24 07:00:00+00:00,2.1,0,400
2023-11-24 08:00:00+00:00,2.5,11,400
2023-11-24 09:00:00+00:00,2.3,75,400
2023-11-24 10:00:00+00:00,3.1,185,400
2023-11-24 11:00:00+00:00,3.9,184,400
2023-11-24 12:00:00+00:00,4.3,150,400
2023-11-24 13:00:00+00:00,4.7,186,400
2023-11-24 14:00:00+00:00,4.6,39,400
2023-11-24 15:00:00+00:00,2.7,6,400
2023-11-24 16:00:00+00:00,1.8,0,400
2023-11-24 17:00:00+00:00,3.5,0,400
2023-11-24 18:00:00+00:00,3.5,0,400
2023-11-24 19:00:00+00:00,2.9,0,400
2023-11-24 20:00:00+00:00,2.3,0,400
2023-11-24 21:00:00+00:00,2.3,0,400
2023-11-24 22:00:00+00:00,2.5,0,400
2023-11-24 23:00:00+00:00,1.8,0,400
2023-11-25 00:00:00+00:00,1.5,0,400
2023-11-25 01:00:00+00:00,0.9,0,400
2023-11-25 02:00:00+00:00,0.5,0,400
2023-11-25 03:00:00+00:00,0.6,0,400
2023-11-25 04:00:00+00:00,1.5,0,400
2023-11-25 05:00:00+00:00,1.3,0,400
2023-11-25 06:00:00+00:00,0.9,0,400
2023-11-25 07:00:00+00:00,0.5,0,400
2023-11-25 08:00:00+00:00,0.9,23,400
2023-11-25 09:00:00+00:00,2.5,67,400
2023-11-25 10:00:00+00:00,2.6,100,400
2023-11-25 11:00:00+00:00,2.3,125,400
2023-11-25 12:00:00+00:00,2.7,67,400
2023-11-25 13:00:00+00:00,3.1,104,400
2023-11-25 14:00:00+00:00,3,114,400
2023-11-25 15:00:00+00:00,3,51,400
2023-11-25 16:00:00+00:00,2.2,1,400
2023-11-25 17:00:00+00:00,0.3,0,400
2023-11-25 18:00:00+00:00,-0.1,0,400
2023-11-25 19:00:00+00:00,0,0,400
2023-11-25 20:00:00+00:00,-0.2,0,400
2023-11-25 21:00:00+00:00,-0.5,0,400
2023-11-25 22:00:00+00:00,-0.4,0,400
2023-11-25 23:00:00+00:00,-0.8,0,400
2023-11-26 00:00:00+00:00,-1.6,0,400
2023-11-26 01:00:00+00:00,-2.9,0,400
2023-11-26 02:00:00+00:00,-3.2,0,400
2023-11-26 03:00:00+00:00,-3.5,0,400
2023-11-26 04:00:00+00:00,-3.6,0,400
2023-11-26 05:00:00+00:00,-3.9,0,400
2023-11-26 06:00:00+00:00,-3.7,0,400
2023-11-26 07:00:00+00:00,-3.8,0,400
2023-11-26 08:00:00+00:00,-4.4,22,400
2023-11-26 09:00:00+00:00,-3,141,400
2023-11-26 10:00:00+00:00,-1.6,99,400
2023-11-26 11:00:00+00:00,-0.9,112,400
2023-11-26 12:00:00+00:00,-0.2,135,400
2023-11-26 13:00:00+00:00,0.4,89,400
2023-11-26 14:00:00+00:00,0.6,50,400
2023-11-26 15:00:00+00:00,0.4,8,400
2023-11-26 16:00:00+00:00,0.5,0,400
2023-11-26 17:00:00+00:00,0.5,0,400
2023-11-26 18:00:00+00:00,0.5,0,400
2023-11-26 19:00:00+00:00,0.1,0,400
2023-11-26 20:00:00+00:00,0.2,0,400
2023-11-26 21:00:00+00:00,0.6,0,400
2023-11-26 22:00:00+00:00,0.6,0,400
2023-11-26 23:00:00+00:00,0.9,0,400
2023-11-27 00:00:00+00:00,1.4,0,400
2023-11-27 01:00:00+00:00,1.6,0,400
2023-11-27 02:00:00+00:00,1.5,0,400
2023-11-27 03:00:00+00:00,1.3,0,400
2023-11-27 04:00:00+00:00,1.5,0,400
2023-11-27 05:00:00+00:00,1.4,0,400
2023-11-27 06:00:00+00:00,1.6,0,400
2023-11-27 07:00:00+00:00,1.8,0,400
2023-11-27 08:00:00+00:00,1.6,9,400
2023-11-27 09:00:00+00:00,1.6,46,400
2023-11-27 10:00:00+00:00,1.6,124,400
2023-11-27 11:00:00+00:00,1.7,201,400
2023-11-27 12:00:00+00:00,1.3,128,400
2023-11-27 13:00:00+00:00,0.5,72,400
2023-11-27 14:00:00+00:00,-0.4,41,400
2023-11-27 15:00:00+00:00,-0.8,15,400
2023-11-27 16:00:00+00:00,-1.2,0,400
2023-11-27 17:00:00+00:00,-1.9,0,400
2023-11-27 18:00:00+00:00,-2,0,400
2023-11-27 19:00:00+00:00,-1.7,0,400
2023-11-27 20:00:00+00:00,-2.1,0,400
2023-11-27 21:00:00+00:00,-2.3,0,400
2023-11-27 22:00:00+00:00,-2.1,0,400
2023-11-27 23:00:00+00:00,-1.6,0,400
2023-11-28 00:00:00+00:00,-1.4,0,400
2023-11-28 01:00:00+00:00,-1.2,0,400
2023-11-28 02:00:00+00:00,-1.4,0,400
2023-11-28 03:00:00+00:00,-1.7,0,400
2023-11-28 04:00:00+00:00,-2.5,0,400
2023-11-28 05:00:00+00:00,-3,0,400
2023-11-28 06:00:00+00:00,-3.1,0,400
2023-11-28 07:00:00+00:00,-2.9,0,400
2023-11-28 08:00:00+00:00,-3,11,400
2023-11-28 09:00:00+00:00,-3.1,48,400
2023-11-28 10:00:00+00:00,-2.9,180,400
2023-11-28 11:00:00+00:00,-2.8,180,400
2023-11-28 12:00:00+00:00,-3,124,400
2023-11-28 13:00:00+00:00,-2.9,124,400
2023-11-28 14:00:00+00:00,-3.2,116,400
2023-11-28 15:00:00+00:00,-3.6,16,400
2023-11-28 16:00:00+00:00,-4.3,0,400
2023-11-28 17:00:00+00:00,-5.1,0,400
2023-11-28 18:00:00+00:00,-5.4,0,400
2023-11-28 19:00:00+00:00,-5.2,0,400
2023-11-28 20:00:00+00:00,-5.3,0,400
2023-11-28 21:00:00+00:00,-5.7,0,400
2023-11-28 22:00:00+00:00,-5.9,0,400
2023-11-28 23:00:00+00:00,-5.8,0,400
2023-11-29 00:00:00+00:00,-5.4,0,400
2023-11-29 01:00:00+00:00,-5.3,0,400
2023-11-29 02:00:00+00:00,-4.7,0,400
2023-11-29 03:00:00+00:00,-4.4,0,400
2023-11-29 04:00:00+00:00,-4,0,400
2023-11-29 05:00:00+00:00,-3.7,0,400
2023-11-29 06:00:00+00:00,-3.3,0,400
2023-11-29 07:00:00+00:00,-3.1,0,400
2023-11-29 08:00:00+00:00,-3.6,7,400
2023-11-29 09:00:00+00:00,-3.9,37,400
2023-11-29 10:00:00+00:00,-2.7,74,400
2023-11-29 11:00:00+00:00,-2,105,400
2023-11-29 12:00:00+00:00,-1.5,107,400
2023-11-29 13:00:00+00:00,-1.5,86,400
2023-11-29 14:00:00+00:00,-1.8,57,400
2023-11-29 15:00:00+00:00,-1.9,18,400
2023-11-29 16:00:00+00:00,-2,0,400
2023-11-29 17:00:00+00:00,-2.4,0,400
2023-11-29 18:00:00+00:00,-3.3,0,400
2023-11-29 19:00:00+00:00,-3.9,0,400
2023-11-29 20:00:00+00:00,-2.8,0,400
2023-11-29 21:00:00+00:00,-2.6,0,400
2023-11-29 22:00:00+00:00,-2.5,0,400
2023-11-29 23:00:00+00:00,-2.5,0,400
2023-11-30 00:00:00+00:00,-2.4,0,400
2023-11-30 01:00:00+00:00,-2.7,0,400
2023-11-30 02:00:00+00:00,-2.4,0,400
2023-11-30 03:00:00+00:00,-2.4,0,400
2023-11-30 04:00:00+00:00,-2.5,0,400
2023-11-30 05:00:00+00:00,-2.5,0,400
2023-11-30 06:00:00+00:00,-2.5,0,400
2023-11-30 07:00:00+00:00,-2.4,0,400
2023-11-30 08:00:00+00:00,-2.2,4,400
2023-11-30 09:00:00+00:00,-1.9,21,400
2023-11-30 10:00:00+00:00,-1.7,45,400
2023-11-30 11:00:00+00:00,-1.3,63,400
2023-11-30 12:00:00+00:00,-0.8,53,400
2023-11-30 13:00:00+00:00,-0.5,42,400
2023-11-30 14:00:00+00:00,-0.7,27,400
2023-11-30 15:00:00+00:00,-0.9,6,400
2023-11-30 16:00:00+00:00,-1,0,400
2023-11-30 17:00:00+00:00,-1.3,0,400
2023-11-30 18:00:00+00:00,-1.4,0,400
2023-11-30 19:00:00+00:00,-1.2,0,400
2023-11-30 20:00:00+00:00,-1.4,0,400
2023-11-30 21:00:00+00:00,-2.6,0,400
2023-11-30 22:00:00+00:00,-3.4,0,400
2023-11-30 23:00:00+00:00,-2.4,0,400
2023-12-01 00:00:00+00:00,-3.1,0,400
2023-12-01 01:00:00+00:00,-5.2,0,400
2023-12-01 02:00:00+00:00,-7.3,0,400
2023-12-01 03:00:00+00:00,-7.2,0,400
2023-12-01 04:00:00+00:00,-4.4,0,400
2023-12-01 05:00:00+00:00,-3.1,0,400
2023-12-01 06:00:00+00:00,-1.8,0,400
2023-12-01 07:00:00+00:00,-1.2,0,400
2023-12-01 08:00:00+00:00,-1.2,5,400
2023-12-01 09:00:00+00:00,-1.1,19,400
2023-12-01 10:00:00+00:00,-0.8,52,400
2023-12-01 11:00:00+00:00,-0.6,83,400
2023-12-01 12:00:00+00:00,-0.4,86,400
2023-12-01 13:00:00+00:00,-0.2,90,400
2023-12-01 14:00:00+00:00,-0.4,47,400
2023-12-01 15:00:00+00:00,-0.7,9,400
2023-12-01 16:00:00+00:00,-1.3,0,400
2023-12-01 17:00:00+00:00,-1.4,0,400
2023-12-01 18:00:00+00:00,-1.3,0,400
2023-12-01 19:00:00+00:00,-1.2,0,400
2023-12-01 20:00:00+00:00,-1.1,0,400
2023-12-01 21:00:00+00:00,-1,0,400
2023-12-01 22:00:00+00:00,-0.9,0,400
2023-12-01 23:00:00+00:00,-0.9,0,400
2023-12-02 00:00:00+00:00,-0.9,0,400
2023-12-02 01:00:00+00:00,-0.9,0,400
2023-12-02 02:00:00+00:00,-0.9,0,400
2023-12-02 03:00:00+00:00,-1.1,0,400
2023-12-02 04:00:00+00:00,-1.9,0,400
2023-12-02 05:00:00+00:00,-2.1,0,400
2023-12-02 06:00:00+00:00,-2.3,0,400
2023-12-02 07:00:00+00:00,-3.6,0,400
2023-12-02 08:00:00+00:00,-4.6,9,400
2023-12-02 09:00:00+00:00,-5.2,39,400
2023-12-02 10:00:00+00:00,-5.3,118,400
2023-12-02 11:00:00+00:00,-3.6,268,400
2023-12-02 12:00:00+00:00,-2.7,195,400
2023-12-02 13:00:00+00:00,-2.6,110,400
2023-12-02 14:00:00+00:00,-1.8,64,400
2023-12-02 15:00:00+00:00,-2.2,16,400
2023-12-02 16:00:00+00:00,-2.6,0,400
2023-12-02 17:00:00+00:00,-3,0,400
2023-12-02 18:00:00+00:00,-3.5,0,400
2023-12-02 19:00:00+00:00,-3.8,0,400
2023-12-02 20:00:00+00:00,-4.2,0,400
2023-12-02 21:00:00+00:00,-4.8,0,400
2023-12-02 22:00:00+00:00,-5.8,0,400
2023-12-02 23:00:00+00:00,-6.5,0,400
2023-12-03 00:00:00+00:00,-7.5,0,400
2023-12-03 01:00:00+00:00,-8.9,0,400
2023-12-03 02:00:00+00:00,-8.2,0,400
2023-12-03 03:00:00+00:00,-7.1,0,400
2023-12-03 04:00:00+00:00,-6.5,0,400
2023-12-03 05:00:00+00:00,-5.8,0,400
2023-12-03 06:00:00+00:00,-5.9,0,400
2023-12-03 07:00:00+00:00,-5.1,0,400
2023-12-03 08:00:00+00:00,-4.3,4,400
2023-12-03 09:00:00+00:00,-3.2,26,400
2023-12-03 10:00:00+00:00,-2.3,66,400
2023-12-03 11:00:00+00:00,-1.6,74,400
2023-12-03 12:00:00+00:00,-0.9,82,400
2023-12-03 13:00:00+00:00,-0.6,91,400
2023-12-03 14:00:00+00:00,-0.7,62,400
2023-12-03 15:00:00+00:00,-1,22,400
2023-12-03 16:00:00+00:00,-2.1,0,400
2023-12-03 17:00:00+00:00,-2.8,0,400
2023-12-03 18:00:00+00:00,-1.8,0,400
2023-12-03 19:00:00+00:00,-1.1,0,400
2023-12-03 20:00:00+00:00,-1.1,0,400
2023-12-03 21:00:00+00:00,-1.1,0,400
2023-12-03 22:00:00+00:00,-1.7,0,400
2023-12-03 23:00:00+00:00,-1.3,0,400
2023-12-04 00:00:00+00:00,-0.9,0,400
2023-12-04 01:00:00+00:00,-0.9,0,400
2023-12-04 02:00:00+00:00,-0.8,0,400
2023-12-04 03:00:00+00:00,-0.7,0,400
2023-12-04 04:00:00+00:00,-0.6,0,400
2023-12-04 05:00:00+00:00,-0.6,0,400
2023-12-04 06:00:00+00:00,-1,0,400
2023-12-04 07:00:00+00:00,-1.3,0,400
2023-12-04 08:00:00+00:00,-2.1,7,400
2023-12-04 09:00:00+00:00,-1.1,48,400
2023-12-04 10:00:00+00:00,-0.6,129,400
2023-12-04 11:00:00+00:00,-0.3,97,400
2023-12-04 12:00:00+00:00,-0.2,92,400
2023-12-04 13:00:00+00:00,-0.2,66,400
2023-12-04 14:00:00+00:00,-0.1,42,400
2023-12-04 15:00:00+00:00,-0.3,10,400
2023-12-04 16:00:00+00:00,-0.3,0,400
2023-12-04 17:00:00+00:00,-0.6,0,400
2023-12-04 18:00:00+00:00,-0.6,0,400
2023-12-04 19:00:00+00:00,-0.4,0,400
2023-12-04 20:00:00+00:00,-0.4,0,400
2023-12-04 21:00:00+00:00,-0.1,0,400
2023-12-04 22:00:00+00:00,0.3,0,400
2023-12-04 23:00:00+00:00,0.4,0,400
2023-12-05 00:00:00+00:00,0.5,0,400
2023-12-05 01:00:00+00:00,0.5,0,400
2023-12-05 02:00:00+00:00,0.5,0,400
2023-12-05 03:00:00+00:00,0.4,0,400
2023-12-05 04:00:00+00:00,0.2,0,400
2023-12-05 05:00:00+00:00,-0.2,0,400
2023-12-05 06:00:00+00:00,-0.3,0,400
2023-12-05 07:00:00+00:00,0.1,0,400
2023-12-05 08:00:00+00:00,0.3,4,400
2023-12-05 09:00:00+00:00,0.9,18,400
2023-12-05 10:00:00+00:00,1,90,400
2023-12-05 11:00:00+00:00,0.9,156,400
2023-12-05 12:00:00+00:00,1,217,400
2023-12-05 13:00:00+00:00,1.2,185,400
2023-12-05 14:00:00+00:00,1.1,79,400
2023-12-05 15:00:00+00:00,1.1,14,400
2023-12-05 16:00:00+00:00,1.3,0,400
2023-12-05 17:00:00+00:00,0.8,0,400
2023-12-05 18:00:00+00:00,0.8,0,400
2023-12-05 19:00:00+00:00,1.1,0,400
2023-12-05 20:00:00+00:00,0.5,0,400
2023-12-05 21:00:00+00:00,0.3,0,400
2023-12-05 22:00:00+00:00,0.5,0,400
2023-12-05 23:00:00+00:00,0.5,0,400
2023-12-06 00:00:00+00:00,0.3,0,400
2023-12-06 01:00:00+00:00,0.1,0,400
2023-12-06 02:00:00+00:00,0.2,0,400
2023-12-06 03:00:00+00:00,0.2,0,400
2023-12-06 04:00:00+00:00,0.2,0,400
2023-12-06 05:00:00+00:00,0.2,0,400
2023-12-06 06:00:00+00:00,0.1,0,400
2023-12-06 07:00:00+00:00,0.1,0,400
2023-12-06 08:00:00+00:00,0.2,1,400
2023-12-06 09:00:00+00:00,0.3,13,400
2023-12-06 10:00:00+00:00,0.6,29,400
2023-12-06 11:00:00+00:00,0.5,37,400
2023-12-06 12:00:00+00:00,0.9,33,400
2023-12-06 13:00:00+00:00,1,26,400
2023-12-06 14:00:00+00:00,0.9,18,400
2023-12-06 15:00:00+00:00,0.9,3,400
2023-12-06 16:00:00+00:00,0.9,0,400
2023-12-06 17:00:00+00:00,0.7,0,400
2023-12-06 18:00:00+00:00,0.7,0,400
2023-12-06 19:00:00+00:00,0.8,0,400
2023-12-06 20:00:00+00:00,0.8,0,400
2023-12-06 21:00:00+00:00,0.7,0,400
2023-12-06 22:00:00+00:00,0.7,0,400
2023-12-06 23:00:00+00:00,0.7,0,400
2023-12-07 00:00:00+00:00,0.7,0,400
2023-12-07 01:00:00+00:00,0.7,0,400
2023-12-07 02:00:00+00:00,0.7,0,400
2023-12-07 03:00:00+00:00,0.7,0,400
2023-12-07 04:00:00+00:00,0.6,0,400
2023-12-07 05:00:00+00:00,0.6,0,400
2023-12-07 06:00:00+00:00,0.6,0,400
2023-12-07 07:00:00+00:00,0.6,0,400
2023-12-07 08:00:00+00:00,0.6,2,400
2023-12-07 09:00:00+00:00,0.7,12,400
2023-12-07 10:00:00+00:00,0.8,35,400
2023-12-07 11:00:00+00:00,0.9,64,400
2023-12-07 12:00:00+00:00,1.1,78,400
2023-12-07 13:00:00+00:00,1.3,63,400
2023-12-07 14:00:00+00:00,1.3,44,400
2023-12-07 15:00:00+00:00,1.2,7,400
2023-12-07 16:00:00+00:00,1.1,0,400
2023-12-07 17:00:00+00:00,1,0,400
2023-12-07 18:00:00+00:00,0.8,0,400
2023-12-07 19:00:00+00:00,0.7,0,400
2023-12-07 20:00:00+00:00,0.6,0,400
2023-12-07 21:00:00+00:00,0.6,0,400
2023-12-07 22:00:00+00:00,0.9,0,400
2023-12-07 23:00:00+00:00,1.1,0,400
2023-12-08 00:00:00+00:00,1.3,0,400
2023-12-08 01:00:00+00:00,1.3,0,400
2023-12-08 02:00:00+00:00,1,0,400
2023-12-08 03:00:00+00:00,1.1,0,400
2023-12-08 04:00:00+00:00,1,0,400
2023-12-08 05:00:00+00:00,0.8,0,400
2023-12-08 06:00:00+00:00,0.8,0,400
2023-12-08 07:00:00+00:00,0.5,0,400
2023-12-08 08:00:00+00:00,0.4,2,400
2023-12-08 09:00:00+00:00,0.8,20,400
2023-12-08 10:00:00+00:00,1.1,37,400
2023-12-08 11:00:00+00:00,1.2,41,400
2023-12-08 12:00:00+00:00,1.4,41,400
2023-12-08 13:00:00+00:00,1.3,23,400
2023-12-08 14:00:00+00:00,1.3,13,400
2023-12-08 15:00:00+00:00,0.6,3,400
2023-12-08 16:00:00+00:00,0.3,0,400
2023-12-08 17:00:00+00:00,0.3,0,400
2023-12-08 18:00:00+00:00,0.3,0,400
2023-12-08 19:00:00+00:00,0.4,0,400
2023-12-08 20:00:00+00:00,0.5,0,400
2023-12-08 21:00:00+00:00,0.5,0,400
2023-12-08 22:00:00+00:00,0.7,0,400
2023-12-08 23:00:00+00:00,0.7,0,400
2023-12-09 00:00:00+00:00,0.8,0,400
2023-12-09 01:00:00+00:00,0.9,0,400
2023-12-09 02:00:00+00:00,1.1,0,400
2023-12-09 03:00:00+00:00,1.1,0,400
2023-12-09 04:00:00+00:00,1.2,0,400
2023-12-09 05:00:00+00:00,1.3,0,400
2023-12-09 06:00:00+00:00,1.5,0,400
2023-12-09 07:00:00+00:00,1.7,0,400
2023-12-09 08:00:00+00:00,2.1,1,400
2023-12-09 09:00:00+00:00,2.4,20,400
2023-12-09 10:00:00+00:00,2.8,43,400
2023-12-09 11:00:00+00:00,3,61,400
2023-12-09 12:00:00+00:00,3.3,57,400
2023-12-09 13:00:00+00:00,3.5,34,400
2023-12-09 14:00:00+00:00,3.7,49,400
2023-12-09 15:00:00+00:00,3.6,6,400
2023-12-09 16:00:00+00:00,3.6,0,400
2023-12-09 17:00:00+00:00,3.6,0,400
2023-12-09 18:00:00+00:00,3.5,0,400
2023-12-09 19:00:00+00:00,3.2,0,400
2023-12-09 20:00:00+00:00,2.9,0,400
2023-12-09 21:00:00+00:00,2.9,0,400
2023-12-09 22:00:00+00:00,2.4,0,400
2023-12-09 23:00:00+00:00,2.7,0,400
2023-12-10 00:00:00+00:00,2.9,0,400
2023-12-10 01:00:00+00:00,2.9,0,400
2023-12-10 02:00:00+00:00,3.1,0,400
2023-12-10 03:00:00+00:00,3,0,400
2023-12-10 04:00:00+00:00,2.9,0,400
2023-12-10 05:00:00+00:00,2.9,0,400
2023-12-10 06:00:00+00:00,2.9,0,400
2023-12-10 07:00:00+00:00,3,0,400
2023-12-10 08:00:00+00:00,2.9,0,400
2023-12-10 09:00:00+00:00,3,6,400
2023-12-10 10:00:00+00:00,3.1,18,400
2023-12-10 11:00:00+00:00,3.2,28,400
2023-12-10 12:00:00+00:00,3.3,33,400
2023-12-10 13:00:00+00:00,3.3,26,400
2023-12-10 14:00:00+00:00,3.3,11,400
2023-12-10 15:00:00+00:00,3.3,2,400
2023-12-10 16:00:00+00:00,3.4,0,400
2023-12-10 17:00:00+00:00,3.4,0,400
2023-12-10 18:00:00+00:00,3.5,0,400
2023-12-10 19:00:00+00:00,3.6,0,400
2023-12-10 20:00:00+00:00,3.8,0,400
2023-12-10 21:00:00+00:00,4,0,400
2023-12-10 22:00:00+00:00,4.5,0,400
2023-12-10 23:00:00+00:00,5.2,0,400
2023-12-11 00:00:00+00:00,5.4,0,400
2023-12-11 01:00:00+00:00,5.3,0,400
2023-12-11 02:00:00+00:00,5.1,0,400
2023-12-11 03:00:00+00:00,4.9,0,400
2023-12-11 04:00:00+00:00,4.8,0,400
2023-12-11 05:00:00+00:00,4.6,0,400
2023-12-11 06:00:00+00:00,4.2,0,400
2023-12-11 07:00:00+00:00,4,0,400
2023-12-11 08:00:00+00:00,4.1,3,400
2023-12-11 09:00:00+00:00,3.9,27,400
2023-12-11 10:00:00+00:00,4.3,42,400
2023-12-11 11:00:00+00:00,4.3,34,400
2023-12-11 12:00:00+00:00,4.6,56,400
2023-12-11 13:00:00+00:00,4.9,61,400
2023-12-11 14:00:00+00:00,4.9,21,400
2023-12-11 15:00:00+00:00,4.8,1,400
2023-12-11 16:00:00+00:00,4.6,0,400
2023-12-11 17:00:00+00:00,4.2,0,400
2023-12-11 18:00:00+00:00,3.8,0,400
2023-12-11 19:00:00+00:00,3.7,0,400
2023-12-11 20:00:00+00:00,3.6,0,400
2023-12-11 21:00:00+00:00,3.3,0,400
2023-12-11 22:00:00+00:00,3.3,0,400
2023-12-11 23:00:00+00:00,3.2,0,400
2023-12-12 00:00:00+00:00,3.1,0,400
2023-12-12 01:00:00+00:00,2.8,0,400
2023-12-12 02:00:00+00:00,2.6,0,400
2023-12-12 03:00:00+00:00,2.6,0,400
2023-12-12 04:00:00+00:00,2.5,0,400
2023-12-12 05:00:00+00:00,2.2,0,400
2023-12-12 06:00:00+00:00,2.1,0,400
2023-12-12 07:00:00+00:00,2,0,400
2023-12-12 08:00:00+00:00,1.5,3,400
2023-12-12 09:00:00+00:00,1.2,22,400
2023-12-12 10:00:00+00:00,1.9,42,400
2023-12-12 11:00:00+00:00,2.3,63,400
2023-12-12 12:00:00+00:00,2.4,74,400
2023-12-12 13:00:00+00:00,2.4,38,400
2023-12-12 14:00:00+00:00,2.3,13,400
2023-12-12 15:00:00+00:00,2,1,400
2023-12-12 16:00:00+00:00,1.8,0,400
2023-12-12 17:00:00+00:00,1.7,0,400
2023-12-12 18:00:00+00:00,1.6,0,400
2023-12-12 19:00:00+00:00,1.8,0,400
2023-12-12 20:00:00+00:00,1.9,0,400
2023-12-12 21:00:00+00:00,2,0,400
2023-12-12 22:00:00+00:00,1.8,0,400
2023-12-12 23:00:00+00:00,1.8,0,400
2023-12-13 00:00:00+00:00,1.8,0,400
2023-12-13 01:00:00+00:00,1.7,0,400
2023-12-13 02:00:00+00:00,1.6,0,400
2023-12-13 03:00:00+00:00,1.6,0,400
2023-12-13 04:00:00+00:00,1.6,0,400
2023-12-13 05:00:00+00:00,1.3,0,400
2023-12-13 06:00:00+00:00,1.2,0,400
2023-12-13 07:00:00+00:00,1.1,0,400
2023-12-13 08:00:00+00:00,1,0,400
2023-12-13 09:00:00+00:00,0.8,3,400
2023-12-13 10:00:00+00:00,0.7,6,400
2023-12-13 11:00:00+00:00,0.4,14,400
2023-12-13 12:00:00+00:00,0.4,23,400
2023-12-13 13:00:00+00:00,0.5,19,400
2023-12-13 14:00:00+00:00,0.4,10,400
2023-12-13 15:00:00+00:00,0.4,1,400
2023-12-13 16:00:00+00:00,0.2,0,400
2023-12-13 17:00:00+00:00,0.2,0,400
2023-12-13 18:00:00+00:00,0.2,0,400
2023-12-13 19:00:00+00:00,0.2,0,400
2023-12-13 20:00:00+00:00,0.3,0,400
2023-12-13 21:00:00+00:00,0.4,0,400
2023-12-13 22:00:00+00:00,0.5,0,400
2023-12-13 23:00:00+00:00,0.3,0,400
2023-12-14 00:00:00+00:00,0.3,0,400
2023-12-14 01:00:00+00:00,0.2,0,400
2023-12-14 02:00:00+00:00,0.1,0,400
2023-12-14 03:00:00+00:00,0,0,400
2023-12-14 04:00:00+00:00,-0.1,0,400
2023-12-14 05:00:00+00:00,-0.1,0,400
2023-12-14 06:00:00+00:00,-0.2,0,400
2023-12-14 07:00:00+00:00,-0.2,0,400
2023-12-14 08:00:00+00:00,-0.1,2,400
2023-12-14 09:00:00+00:00,0.3,22,400
2023-12-14 10:00:00+00:00,0.8,39,400
2023-12-14 11:00:00+00:00,1.3,72,400
2023-12-14 12:00:00+00:00,1.8,75,400
2023-12-14 13:00:00+00:00,1.9,58,400
2023-12-14 14:00:00+00:00,1.9,32,400
2023-12-14 15:00:00+00:00,1.8,3,400
2023-12-14 16:00:00+00:00,1.6,0,400
2023-12-14 17:00:00+00:00,1,0,400
2023-12-14 18:00:00+00:00,0.7,0,400
2023-12-14 19:00:00+00:00,0.8,0,400
2023-12-14 20:00:00+00:00,0.8,0,400
2023-12-14 21:00:00+00:00,1.4,0,400
2023-12-14 22:00:00+00:00,1.7,0,400
2023-12-14 23:00:00+00:00,2.2,0,400
2023-12-15 00:00:00+00:00,2.3,0,400
2023-12-15 01:00:00+00:00,2.9,0,400
2023-12-15 02:00:00+00:00,3.3,0,400
2023-12-15 03:00:00+00:00,3.4,0,400
2023-12-15 04:00:00+00:00,3.8,0,400
2023-12-15 05:00:00+00:00,4.1,0,400
2023-12-15 06:00:00+00:00,4.4,0,400
2023-12-15 07:00:00+00:00,4.7,0,400
2023-12-15 08:00:00+00:00,5.2,1,400
2023-12-15 09:00:00+00:00,5.5,17,400
2023-12-15 10:00:00+00:00,5.6,60,400
2023-12-15 11:00:00+00:00,5.7,62,400
2023-12-15 12:00:00+00:00,6.2,64,400
2023-12-15 13:00:00+00:00,6.8,49,400
2023-12-15 14:00:00+00:00,7,31,400
2023-12-15 15:00:00+00:00,7.1,9,400
2023-12-15 16:00:00+00:00,6.7,0,400
2023-12-15 17:00:00+00:00,6.6,0,400
2023-12-15 18:00:00+00:00,6.9,0,400
2023-12-15 19:00:00+00:00,6.8,0,400
2023-12-15 20:00:00+00:00,6.5,0,400
2023-12-15 21:00:00+00:00,6,0,400
2023-12-15 22:00:00+00:00,5.7,0,400
2023-12-15 23:00:00+00:00,6.3,0,400
2023-12-16 00:00:00+00:00,6.4,0,400
2023-12-16 01:00:00+00:00,6.5,0,400
2023-12-16 02:00:00+00:00,6.7,0,400
2023-12-16 03:00:00+00:00,6.4,0,400
2023-12-16 04:00:00+00:00,6.6,0,400
2023-12-16 05:00:00+00:00,6.8,0,400
2023-12-16 06:00:00+00:00,6.9,0,400
2023-12-16 07:00:00+00:00,6.9,0,400
2023-12-16 08:00:00+00:00,7.2,1,400
2023-12-16 09:00:00+00:00,7.4,8,400
2023-12-16 10:00:00+00:00,7.6,18,400
2023-12-16 11:00:00+00:00,7.8,35,400
2023-12-16 12:00:00+00:00,8,42,400
2023-12-16 13:00:00+00:00,7.9,23,400
2023-12-16 14:00:00+00:00,7.9,16,400
2023-12-16 15:00:00+00:00,7.9,4,400
2023-12-16 16:00:00+00:00,8,0,400
2023-12-16 17:00:00+00:00,8,0,400
2023-12-16 18:00:00+00:00,8,0,400
2023-12-16 19:00:00+00:00,8.4,0,400
2023-12-16 20:00:00+00:00,8.5,0,400
2023-12-16 21:00:00+00:00,8.8,0,400
2023-12-16 22:00:00+00:00,9,0,400
2023-12-16 23:00:00+00:00,8.9,0,400
2023-12-17 00:00:00+00:00,8.7,0,400
2023-12-17 01:00:00+00:00,8.7,0,400
2023-12-17 02:00:00+00:00,8.4,0,400
2023-12-17 03:00:00+00:00,8,0,400
2023-12-17 04:00:00+00:00,8,0,400
2023-12-17 05:00:00+00:00,8.1,0,400
2023-12-17 06:00:00+00:00,8.1,0,400
2023-12-17 07:00:00+00:00,8.1,0,400
2023-12-17 08:00:00+00:00,8.1,0,400
2023-12-17 09:00:00+00:00,8.2,7,400
2023-12-17 10:00:00+00:00,8.3,16,400
2023-12-17 11:00:00+00:00,8.3,17,400
2023-12-17 12:00:00+00:00,8.2,34,400
2023-12-17 13:00:00+00:00,8.3,18,400
2023-12-17 14:00:00+00:00,7.8,9,400
2023-12-17 15:00:00+00:00,7.8,2,400
2023-12-17 16:00:00+00:00,8.3,0,400
2023-12-17 17:00:00+00:00,8.2,0,400
2023-12-17 18:00:00+00:00,7.9,0,400
2023-12-17 19:00:00+00:00,7.7,0,400
2023-12-17 20:00:00+00:00,7.8,0,400
2023-12-17 21:00:00+00:00,7.4,0,400
2023-12-17 22:00:00+00:00,7.3,0,400
2023-12-17 23:00:00+00:00,7.3,0,400
2023-12-18 00:00:00+00:00,7.4,0,400
2023-12-18 01:00:00+00:00,7.5,0,400
2023-12-18 02:00:00+00:00,7.6,0,400
2023-12-18 03:00:00+00:00,7.7,0,400
2023-12-18 04:00:00+00:00,7.8,0,400
2023-12-18 05:00:00+00:00,7.9,0,400
2023-12-18 06:00:00+00:00,7.9,0,400
2023-12-18 07:00:00+00:00,8,0,400
2023-12-18 08:00:00+00:00,8,1,400
2023-12-18 09:00:00+00:00,8,4,400
2023-12-18 10:00:00+00:00,8.1,16,400
2023-12-18 11:00:00+00:00,8.3,44,400
2023-12-18 12:00:00+00:00,8.3,37,400
2023-12-18 13:00:00+00:00,8.3,25,400
2023-12-18 14:00:00+00:00,8.2,9,400
2023-12-18 15:00:00+00:00,8.2,4,400
2023-12-18 16:00:00+00:00,8,0,400
2023-12-18 17:00:00+00:00,8,0,400
2023-12-18 18:00:00+00:00,7.9,0,400
2023-12-18 19:00:00+00:00,7.8,0,400
2023-12-18 20:00:00+00:00,8.1,0,400
2023-12-18 21:00:00+00:00,8.3,0,400
2023-12-18 22:00:00+00:00,8.5,0,400
2023-12-18 23:00:00+00:00,8.6,0,400
2023-12-19 00:00:00+00:00,8.8,0,400
2023-12-19 01:00:00+00:00,9,0,400
2023-12-19 02:00:00+00:00,9.5,0,400
2023-12-19 03:00:00+00:00,9.2,0,400
2023-12-19 04:00:00+00:00,8.9,0,400
2023-12-19 05:00:00+00:00,8.8,0,400
2023-12-19 06:00:00+00:00,8.7,0,400
2023-12-19 07:00:00+00:00,8.4,0,400
2023-12-19 08:00:00+00:00,8.2,0,400
2023-12-19 09:00:00+00:00,8.2,7,400
2023-12-19 10:00:00+00:00,8.2,14,400
2023-12-19 11:00:00+00:00,8.2,22,400
2023-12-19 12:00:00+00:00,8.1,28,400
2023-12-19 13:00:00+00:00,7.8,29,400
2023-12-19 14:00:00+00:00,7.8,15,400
2023-12-19 15:00:00+00:00,6.9,5,400
2023-12-19 16:00:00+00:00,6.6,0,400
2023-12-19 17:00:00+00:00,6.1,0,400
2023-12-19 18:00:00+00:00,5.7,0,400
2023-12-19 19:00:00+00:00,5,0,400
2023-12-19 20:00:00+00:00,4.2,0,400
2023-12-19 21:00:00+00:00,3.7,0,400
2023-12-19 22:00:00+00:00,3.4,0,400
2023-12-19 23:00:00+00:00,4.3,0,400
2023-12-20 00:00:00+00:00,4.5,0,400
2023-12-20 01:00:00+00:00,4.6,0,400
2023-12-20 02:00:00+00:00,4.9,0,400
2023-12-20 03:00:00+00:00,5.1,0,400
2023-12-20 04:00:00+00:00,5.1,0,400
2023-12-20 05:00:00+00:00,5.1,0,400
2023-12-20 06:00:00+00:00,4.6,0,400
2023-12-20 07:00:00+00:00,4.8,0,400
2023-12-20 08:00:00+00:00,4.5,1,400
2023-12-20 09:00:00+00:00,4,11,400
2023-12-20 10:00:00+00:00,3.8,73,400
2023-12-20 11:00:00+00:00,4.3,124,400
2023-12-20 12:00:00+00:00,4.6,104,400
2023-12-20 13:00:00+00:00,4.6,118,400
2023-12-20 14:00:00+00:00,3.8,32,400
2023-12-20 15:00:00+00:00,4.3,10,400
2023-12-20 16:00:00+00:00,3.5,0,400
2023-12-20 17:00:00+00:00,3.2,0,400
2023-12-20 18:00:00+00:00,3.7,0,400
2023-12-20 19:00:00+00:00,4.1,0,400
2023-12-20 20:00:00+00:00,4,0,400
2023-12-20 21:00:00+00:00,3.9,0,400
2023-12-20 22:00:00+00:00,4,0,400
2023-12-20 23:00:00+00:00,4,0,400
2023-12-21 00:00:00+00:00,3.8,0,400
2023-12-21 01:00:00+00:00,3.9,0,400
2023-12-21 02:00:00+00:00,4.2,0,400
2023-12-21 03:00:00+00:00,4.3,0,400
2023-12-21 04:00:00+00:00,4.5,0,400
2023-12-21 05:00:00+00:00,4.8,0,400
2023-12-21 06:00:00+00:00,5.6,0,400
2023-12-21 07:00:00+00:00,6.8,0,400
2023-12-21 08:00:00+00:00,7.4,0,400
2023-12-21 09:00:00+00:00,7.5,5,400
2023-12-21 10:00:00+00:00,7.8,20,400
2023-12-21 11:00:00+00:00,8.1,29,400
2023-12-21 12:00:00+00:00,8,48,400
2023-12-21 13:00:00+00:00,7.7,46,400
2023-12-21 14:00:00+00:00,6.7,49,400
2023-12-21 15:00:00+00:00,6.1,11,400
2023-12-21 16:00:00+00:00,6,0,400
2023-12-21 17:00:00+00:00,6.2,0,400
2023-12-21 18:00:00+00:00,5.2,0,400
2023-12-21 19:00:00+00:00,4,0,400
2023-12-21 20:00:00+00:00,4.2,0,400
2023-12-21 21:00:00+00:00,4.9,0,400
2023-12-21 22:00:00+00:00,4.8,0,400
2023-12-21 23:00:00+00:00,4.4,0,400
2023-12-22 00:00:00+00:00,3.8,0,400
2023-12-22 01:00:00+00:00,3.6,0,400
2023-12-22 02:00:00+00:00,2.5,0,400
2023-12-22 03:00:00+00:00,2.6,0,400
2023-12-22 04:00:00+00:00,3.1,0,400
2023-12-22 05:00:00+00:00,3.5,0,400
2023-12-22 06:00:00+00:00,3.5,0,400
2023-12-22 07:00:00+00:00,3.7,0,400
2023-12-22 08:00:00+00:00,3.5,3,400
2023-12-22 09:00:00+00:00,3.4,44,400
2023-12-22 10:00:00+00:00,3.5,120,400
2023-12-22 11:00:00+00:00,3.8,178,400
2023-12-22 12:00:00+00:00,3.8,188,400
2023-12-22 13:00:00+00:00,3.7,155,400
2023-12-22 14:00:00+00:00,3,94,400
2023-12-22 15:00:00+00:00,2.3,18,400
2023-12-22 16:00:00+00:00,2,0,400
2023-12-22 17:00:00+00:00,1.8,0,400
2023-12-22 18:00:00+00:00,1.8,0,400
2023-12-22 19:00:00+00:00,1.4,0,400
2023-12-22 20:00:00+00:00,1.2,0,400
2023-12-22 21:00:00+00:00,1.1,0,400
2023-12-22 22:00:00+00:00,0.7,0,400
2023-12-22 23:00:00+00:00,0.7,0,400
2023-12-23 00:00:00+00:00,0.5,0,400
2023-12-23 01:00:00+00:00,0.6,0,400
2023-12-23 02:00:00+00:00,0.9,0,400
2023-12-23 03:00:00+00:00,0.9,0,400
2023-12-23 04:00:00+00:00,1.6,0,400
2023-12-23 05:00:00+00:00,1.7,0,400
2023-12-23 06:00:00+00:00,1.8,0,400
2023-12-23 07:00:00+00:00,1.7,0,400
2023-12-23 08:00:00+00:00,1.5,2,400
2023-12-23 09:00:00+00:00,1.6,25,400
2023-12-23 10:00:00+00:00,1.6,75,400
2023-12-23 11:00:00+00:00,1.8,96,400
2023-12-23 12:00:00+00:00,2.1,118,400
2023-12-23 13:00:00+00:00,2.8,151,400
2023-12-23 14:00:00+00:00,3.1,104,400
2023-12-23 15:00:00+00:00,2.7,23,400
2023-12-23 16:00:00+00:00,2.2,0,400
2023-12-23 17:00:00+00:00,2.2,0,400
2023-12-23 18:00:00+00:00,1.7,0,400
2023-12-23 19:00:00+00:00,1.2,0,400
2023-12-23 20:00:00+00:00,1.2,0,400
2023-12-23 21:00:00+00:00,1.3,0,400
2023-12-23 22:00:00+00:00,1.4,0,400
2023-12-23 23:00:00+00:00,1.9,0,400
2023-12-24 00:00:00+00:00,2.2,0,400
2023-12-24 01:00:00+00:00,2.3,0,400
2023-12-24 02:00:00+00:00,2.2,0,400
2023-12-24 03:00:00+00:00,1.7,0,400
2023-12-24 04:00:00+00:00,1.1,0,400
2023-12-24 05:00:00+00:00,1,0,400
2023-12-24 06:00:00+00:00,1.5,0,400
2023-12-24 07:00:00+00:00,2.1,0,400
2023-12-24 08:00:00+00:00,2.7,1,400
2023-12-24 09:00:00+00:00,3.8,12,400
2023-12-24 10:00:00+00:00,6,23,400
2023-12-24 11:00:00+00:00,7.6,27,400
2023-12-24 12:00:00+00:00,8.2,25,400
2023-12-24 13:00:00+00:00,8.4,23,400
2023-12-24 14:00:00+00:00,8.7,12,400
2023-12-24 15:00:00+00:00,9,6,400
2023-12-24 16:00:00+00:00,9.2,0,400
2023-12-24 17:00:00+00:00,9.4,0,400
2023-12-24 18:00:00+00:00,9.6,0,400
2023-12-24 19:00:00+00:00,9,0,400
2023-12-24 20:00:00+00:00,8.6,0,400
2023-12-24 21:00:00+00:00,8.9,0,400
2023-12-24 22:00:00+00:00,8.8,0,400
2023-12-24 23:00:00+00:00,8.8,0,400
2023-12-25 00:00:00+00:00,8.8,0,400
2023-12-25 01:00:00+00:00,8.7,0,400
2023-12-25 02:00:00+00:00,8.6,0,400
2023-12-25 03:00:00+00:00,8.2,0,400
2023-12-25 04:00:00+00:00,7.6,0,400
2023-12-25 05:00:00+00:00,7.1,0,400
2023-12-25 06:00:00+00:00,6.2,0,400
2023-12-25 07:00:00+00:00,6.2,0,400
2023-12-25 08:00:00+00:00,6.4,2,400
2023-12-25 09:00:00+00:00,6.3,42,400
2023-12-25 10:00:00+00:00,6.4,81,400
2023-12-25 11:00:00+00:00,6.4,128,400
2023-12-25 12:00:00+00:00,6.5,163,400
2023-12-25 13:00:00+00:00,6.5,127,400
2023-12-25 14:00:00+00:00,5.9,44,400
2023-12-25 15:00:00+00:00,5.4,9,400
2023-12-25 16:00:00+00:00,5.1,0,400
2023-12-25 17:00:00+00:00,4.9,0,400
2023-12-25 18:00:00+00:00,4.8,0,400
2023-12-25 19:00:00+00:00,4.2,0,400
2023-12-25 20:00:00+00:00,3.9,0,400
2023-12-25 21:00:00+00:00,4.1,0,400
2023-12-25 22:00:00+00:00,4.5,0,400
2023-12-25 23:00:00+00:00,4.7,0,400
2023-12-26 00:00:00+00:00,5.8,0,400
2023-12-26 01:00:00+00:00,6.6,0,400
2023-12-26 02:00:00+00:00,7.3,0,400
2023-12-26 03:00:00+00:00,7.7,0,400
2023-12-26 04:00:00+00:00,7.7,0,400
2023-12-26 05:00:00+00:00,7.3,0,400
2023-12-26 06:00:00+00:00,7.1,0,400
2023-12-26 07:00:00+00:00,6.7,0,400
2023-12-26 08:00:00+00:00,6.5,1,400
2023-12-26 09:00:00+00:00,6.2,17,400
2023-12-26 10:00:00+00:00,5.7,50,400
2023-12-26 11:00:00+00:00,5,35,400
2023-12-26 12:00:00+00:00,4.3,85,400
2023-12-26 13:00:00+00:00,4.8,105,400
2023-12-26 14:00:00+00:00,4.6,45,400
2023-12-26 15:00:00+00:00,4.8,20,400
2023-12-26 16:00:00+00:00,4.4,0,400
2023-12-26 17:00:00+00:00,3.6,0,400
2023-12-26 18:00:00+00:00,3,0,400
2023-12-26 19:00:00+00:00,3.9,0,400
2023-12-26 20:00:00+00:00,4.1,0,400
2023-12-26 21:00:00+00:00,4.4,0,400
2023-12-26 22:00:00+00:00,4,0,400
2023-12-26 23:00:00+00:00,3.7,0,400
2023-12-27 00:00:00+00:00,4,0,400
2023-12-27 01:00:00+00:00,4,0,400
2023-12-27 02:00:00+00:00,3.8,0,400
2023-12-27 03:00:00+00:00,3.5,0,400
2023-12-27 04:00:00+00:00,3.1,0,400
2023-12-27 05:00:00+00:00,2.8,0,400
2023-12-27 06:00:00+00:00,2.3,0,400
2023-12-27 07:00:00+00:00,2.1,0,400
2023-12-27 08:00:00+00:00,1.2,4,400
2023-12-27 09:00:00+00:00,1,43,400
2023-12-27 10:00:00+00:00,1.6,75,400
2023-12-27 11:00:00+00:00,2.1,100,400
2023-12-27 12:00:00+00:00,2.8,123,400
2023-12-27 13:00:00+00:00,3.1,65,400
2023-12-27 14:00:00+00:00,3,39,400
2023-12-27 15:00:00+00:00,2.8,7,400
2023-12-27 16:00:00+00:00,2.7,0,400
2023-12-27 17:00:00+00:00,2.8,0,400
2023-12-27 18:00:00+00:00,3.1,0,400
2023-12-27 19:00:00+00:00,2.9,0,400
2023-12-27 20:00:00+00:00,2.7,0,400
2023-12-27 21:00:00+00:00,3.3,0,400
2023-12-27 22:00:00+00:00,3.7,0,400
2023-12-27 23:00:00+00:00,4.1,0,400
2023-12-28 00:00:00+00:00,4.7,0,400
2023-12-28 01:00:00+00:00,5.1,0,400
2023-12-28 02:00:00+00:00,5.9,0,400
2023-12-28 03:00:00+00:00,7.2,0,400
2023-12-28 04:00:00+00:00,7.8,0,400
2023-12-28 05:00:00+00:00,8,0,400
2023-12-28 06:00:00+00:00,8.1,0,400
2023-12-28 07:00:00+00:00,8.3,0,400
2023-12-28 08:00:00+00:00,8.5,0,400
2023-12-28 09:00:00+00:00,6.9,7,400
2023-12-28 10:00:00+00:00,8.6,32,400
2023-12-28 11:00:00+00:00,9.3,78,400
2023-12-28 12:00:00+00:00,8.3,40,400
2023-12-28 13:00:00+00:00,8.9,74,400
2023-12-28 14:00:00+00:00,8.7,34,400
2023-12-28 15:00:00+00:00,8.4,10,400
2023-12-28 16:00:00+00:00,8.3,0,400
2023-12-28 17:00:00+00:00,8.4,0,400
2023-12-28 18:00:00+00:00,8.6,0,400
2023-12-28 19:00:00+00:00,8.6,0,400
2023-12-28 20:00:00+00:00,8.7,0,400
2023-12-28 21:00:00+00:00,8.4,0,400
2023-12-28 22:00:00+00:00,8.4,0,400
2023-12-28 23:00:00+00:00,8.6,0,400
2023-12-29 00:00:00+00:00,8.5,0,400
2023-12-29 01:00:00+00:00,8.1,0,400
2023-12-29 02:00:00+00:00,7.8,0,400
2023-12-29 03:00:00+00:00,7.3,0,400
2023-12-29 04:00:00+00:00,7.9,0,400
2023-12-29 05:00:00+00:00,7.8,0,400
2023-12-29 06:00:00+00:00,7.9,0,400
2023-12-29 07:00:00+00:00,7.5,0,400
2023-12-29 08:00:00+00:00,7.3,1,400
2023-12-29 09:00:00+00:00,7.7,21,400
2023-12-29 10:00:00+00:00,7,35,400
2023-12-29 11:00:00+00:00,6.3,46,400
2023-12-29 12:00:00+00:00,6.4,59,400
2023-12-29 13:00:00+00:00,7,81,400
2023-12-29 14:00:00+00:00,7.4,35,400
2023-12-29 15:00:00+00:00,7.4,14,400
2023-12-29 16:00:00+00:00,7.2,0,400
2023-12-29 17:00:00+00:00,7.1,0,400
2023-12-29 18:00:00+00:00,6.8,0,400
2023-12-29 19:00:00+00:00,6.5,0,400
2023-12-29 20:00:00+00:00,5.9,0,400
2023-12-29 21:00:00+00:00,5.7,0,400
2023-12-29 22:00:00+00:00,5.8,0,400
2023-12-29 23:00:00+00:00,5.7,0,400
2023-12-30 00:00:00+00:00,5.5,0,400
2023-12-30 01:00:00+00:00,5,0,400
2023-12-30 02:00:00+00:00,4.9,0,400
2023-12-30 03:00:00+00:00,5.1,0,400
2023-12-30 04:00:00+00:00,4.8,0,400
2023-12-30 05:00:00+00:00,4.3,0,400
2023-12-30 06:00:00+00:00,4.2,0,400
2023-12-30 07:00:00+00:00,4,0,400
2023-12-30 08:00:00+00:00,3.5,2,400
2023-12-30 09:00:00+00:00,3.5,42,400
2023-12-30 10:00:00+00:00,4.2,113,400
2023-12-30 11:00:00+00:00,5.1,155,400
2023-12-30 12:00:00+00:00,5.6,185,400
2023-12-30 13:00:00+00:00,5.8,146,400
2023-12-30 14:00:00+00:00,5.5,53,400
2023-12-30 15:00:00+00:00,5.3,13,400
2023-12-30 16:00:00+00:00,5.4,0,400
2023-12-30 17:00:00+00:00,5.3,0,400
2023-12-30 18:00:00+00:00,5.2,0,400
2023-12-30 19:00:00+00:00,4.8,0,400
2023-12-30 20:00:00+00:00,3.8,0,400
2023-12-30 21:00:00+00:00,3.5,0,400
2023-12-30 22:00:00+00:00,3.1,0,400
2023-12-30 23:00:00+00:00,3.5,0,400
2023-12-31 00:00:00+00:00,4.1,0,400
2023-12-31 01:00:00+00:00,4.8,0,400
2023-12-31 02:00:00+00:00,5.1,0,400
2023-12-31 03:00:00+00:00,5.4,0,400
2023-12-31 04:00:00+00:00,5.8,0,400
2023-12-31 05:00:00+00:00,5.7,0,400
2023-12-31 06:00:00+00:00,5.6,0,400
2023-12-31 07:00:00+00:00,5.2,0,400
2023-12-31 08:00:00+00:00,5.3,0,400
2023-12-31 09:00:00+00:00,5.4,17,400
2023-12-31 10:00:00+00:00,5.4,44,400
2023-12-31 11:00:00+00:00,5.5,65,400
2023-12-31 12:00:00+00:00,5.5,67,400
2023-12-31 13:00:00+00:00,5.5,57,400
2023-12-31 14:00:00+00:00,5.3,14,400
2023-12-31 15:00:00+00:00,5.1,2,400
2023-12-31 16:00:00+00:00,5.1,0,400
2023-12-31 17:00:00+00:00,5.2,0,400
2023-12-31 18:00:00+00:00,5.6,0,400
2023-12-31 19:00:00+00:00,5.8,0,400
2023-12-31 20:00:00+00:00,6,0,400
2023-12-31 21:00:00+00:00,5.9,0,400
2023-12-31 22:00:00+00:00,5.9,0,400
2023-12-31 23:00:00+00:00,5.9,0,400
2024-01-01 00:00:00+00:00,5.8,0,400
2024-01-01 01:00:00+00:00,5.9,0,400
2024-01-01 02:00:00+00:00,5.8,0,400
2024-01-01 03:00:00+00:00,5.8,0,400
2024-01-01 04:00:00+00:00,6,0,400
2024-01-01 05:00:00+00:00,5.8,0,400
2024-01-01 06:00:00+00:00,5.8,0,400
2024-01-01 07:00:00+00:00,5.8,0,400
2024-01-01 08:00:00+00:00,5.6,1,400
2024-01-01 09:00:00+00:00,5.9,10,400
2024-01-01 10:00:00+00:00,6.2,47,400
2024-01-01 11:00:00+00:00,6.5,75,400
2024-01-01 12:00:00+00:00,6.3,49,400
2024-01-01 13:00:00+00:00,5.8,37,400
2024-01-01 14:00:00+00:00,5.7,22,400
2024-01-01 15:00:00+00:00,5.4,6,400
2024-01-01 16:00:00+00:00,5.4,0,400
2024-01-01 17:00:00+00:00,5.6,0,400
2024-01-01 18:00:00+00:00,5.6,0,400
2024-01-01 19:00:00+00:00,5.5,0,400
2024-01-01 20:00:00+00:00,5.4,0,400
2024-01-01 21:00:00+00:00,5.4,0,400
2024-01-01 22:00:00+00:00,5.3,0,400
2024-01-01 23:00:00+00:00,5.1,0,400
2024-01-02 00:00:00+00:00,5,0,400
2024-01-02 01:00:00+00:00,4.7,0,400
2024-01-02 02:00:00+00:00,4.8,0,400
2024-01-02 03:00:00+00:00,4.7,0,400
2024-01-02 04:00:00+00:00,4.5,0,400
2024-01-02 05:00:00+00:00,4.2,0,400
2024-01-02 06:00:00+00:00,4.4,0,400
2024-01-02 07:00:00+00:00,4.2,0,400
2024-01-02 08:00:00+00:00,4,1,400
2024-01-02 09:00:00+00:00,4,10,400
2024-01-02 10:00:00+00:00,4.3,34,400
2024-01-02 11:00:00+00:00,4.7,66,400
2024-01-02 12:00:00+00:00,4.9,68,400
2024-01-02 13:00:00+00:00,4.9,29,400
2024-01-02 14:00:00+00:00,5,17,400
2024-01-02 15:00:00+00:00,5,4,400
2024-01-02 16:00:00+00:00,4.8,0,400
2024-01-02 17:00:00+00:00,4.6,0,400
2024-01-02 18:00:00+00:00,4.4,0,400
2024-01-02 19:00:00+00:00,4.1,0,400
2024-01-02 20:00:00+00:00,4,0,400
2024-01-02 21:00:00+00:00,4,0,400
2024-01-02 22:00:00+00:00,4,0,400
2024-01-02 23:00:00+00:00,3.9,0,400
2024-01-03 00:00:00+00:00,3.7,0,400
2024-01-03 01:00:00+00:00,3.3,0,400
2024-01-03 02:00:00+00:00,3,0,400
2024-01-03 03:00:00+00:00,2.6,0,400
2024-01-03 04:00:00+00:00,2.5,0,400
2024-01-03 05:00:00+00:00,2.6,0,400
2024-01-03 06:00:00+00:00,2.6,0,400
2024-01-03 07:00:00+00:00,2.6,0,400
2024-01-03 08:00:00+00:00,2.5,0,400
2024-01-03 09:00:00+00:00,2.4,4,400
2024-01-03 10:00:00+00:00,2.5,16,400
2024-01-03 11:00:00+00:00,2.7,36,400
2024-01-03 12:00:00+00:00,2.8,26,400
2024-01-03 13:00:00+00:00,2.7,17,400
2024-01-03 14:00:00+00:00,2.8,9,400
2024-01-03 15:00:00+00:00,2.9,4,400
2024-01-03 16:00:00+00:00,2.8,0,400
2024-01-03 17:00:00+00:00,2.7,0,400
2024-01-03 18:00:00+00:00,2.2,0,400
2024-01-03 19:00:00+00:00,1.4,0,400
2024-01-03 20:00:00+00:00,1.5,0,400
2024-01-03 21:00:00+00:00,0.7,0,400
2024-01-03 22:00:00+00:00,0.5,0,400
2024-01-03 23:00:00+00:00,0.3,0,400
2024-01-04 00:00:00+00:00,0.2,0,400
2024-01-04 01:00:00+00:00,-0.2,0,400
2024-01-04 02:00:00+00:00,-0.6,0,400
2024-01-04 03:00:00+00:00,-1.4,0,400
2024-01-04 04:00:00+00:00,-2,0,400
2024-01-04 05:00:00+00:00,-2.6,0,400
2024-01-04 06:00:00+00:00,-2.9,0,400
2024-01-04 07:00:00+00:00,-3,0,400
2024-01-04 08:00:00+00:00,-2.9,1,400
2024-01-04 09:00:00+00:00,-2.8,14,400
2024-01-04 10:00:00+00:00,-2.5,51,400
2024-01-04 11:00:00+00:00,-2.3,45,400
2024-01-04 12:00:00+00:00,-2.2,79,400
2024-01-04 13:00:00+00:00,-2.3,47,400
2024-01-04 14:00:00+00:00,-2.3,29,400
2024-01-04 15:00:00+00:00,-2.6,15,400
2024-01-04 16:00:00+00:00,-2.9,0,400
2024-01-04 17:00:00+00:00,-3,0,400
2024-01-04 18:00:00+00:00,-2.9,0,400
2024-01-04 19:00:00+00:00,-2.9,0,400
2024-01-04 20:00:00+00:00,-3,0,400
2024-01-04 21:00:00+00:00,-3,0,400
2024-01-04 22:00:00+00:00,-3.1,0,400
2024-01-04 23:00:00+00:00,-3.3,0,400
2024-01-05 00:00:00+00:00,-3.8,0,400
2024-01-05 01:00:00+00:00,-5.5,0,400
2024-01-05 02:00:00+00:00,-6.7,0,400
2024-01-05 03:00:00+00:00,-7.7,0,400
2024-01-05 04:00:00+00:00,-7.3,0,400
2024-01-05 05:00:00+00:00,-6.2,0,400
2024-01-05 06:00:00+00:00,-6,0,400
2024-01-05 07:00:00+00:00,-5.7,0,400
2024-01-05 08:00:00+00:00,-5.8,3,400
2024-01-05 09:00:00+00:00,-5.2,39,400
2024-01-05 10:00:00+00:00,-4.9,94,400
2024-01-05 11:00:00+00:00,-4.5,161,400
2024-01-05 12:00:00+00:00,-4.4,110,400
2024-01-05 13:00:00+00:00,-4.6,75,400
2024-01-05 14:00:00+00:00,-4.6,59,400
2024-01-05 15:00:00+00:00,-4.4,22,400
2024-01-05 16:00:00+00:00,-4.2,0,400
2024-01-05 17:00:00+00:00,-4.2,0,400
2024-01-05 18:00:00+00:00,-4.2,0,400
2024-01-05 19:00:00+00:00,-4.1,0,400
2024-01-05 20:00:00+00:00,-4.3,0,400
2024-01-05 21:00:00+00:00,-4.7,0,400
2024-01-05 22:00:00+00:00,-4.3,0,400
2024-01-05 23:00:00+00:00,-4.4,0,400
2024-01-06 00:00:00+00:00,-4.2,0,400
2024-01-06 01:00:00+00:00,-4.1,0,400
2024-01-06 02:00:00+00:00,-3.4,0,400
2024-01-06 03:00:00+00:00,-3.4,0,400
2024-01-06 04:00:00+00:00,-3.1,0,400
2024-01-06 05:00:00+00:00,-2.7,0,400
2024-01-06 06:00:00+00:00,-2.3,0,400
2024-01-06 07:00:00+00:00,-2.4,0,400
2024-01-06 08:00:00+00:00,-2.8,0,400
2024-01-06 09:00:00+00:00,-3,12,400
2024-01-06 10:00:00+00:00,-3.5,33,400
2024-01-06 11:00:00+00:00,-3.2,91,400
2024-01-06 12:00:00+00:00,-3.4,111,400
2024-01-06 13:00:00+00:00,-3.8,68,400
2024-01-06 14:00:00+00:00,-4,57,400
2024-01-06 15:00:00+00:00,-3.9,20,400
2024-01-06 16:00:00+00:00,-4.2,0,400
2024-01-06 17:00:00+00:00,-4.4,0,400
2024-01-06 18:00:00+00:00,-4.2,0,400
2024-01-06 19:00:00+00:00,-4.3,0,400
2024-01-06 20:00:00+00:00,-4.4,0,400
2024-01-06 21:00:00+00:00,-4.5,0,400
2024-01-06 22:00:00+00:00,-4.5,0,400
2024-01-06 23:00:00+00:00,-4.5,0,400
2024-01-07 00:00:00+00:00,-4.8,0,400
2024-01-07 01:00:00+00:00,-5.1,0,400
2024-01-07 02:00:00+00:00,-5.4,0,400
2024-01-07 03:00:00+00:00,-5.9,0,400
2024-01-07 04:00:00+00:00,-6.6,0,400
2024-01-07 05:00:00+00:00,-7,0,400
2024-01-07 06:00:00+00:00,-6.8,0,400
2024-01-07 07:00:00+00:00,-7.1,0,400
2024-01-07 08:00:00+00:00,-6.8,2,400
2024-01-07 09:00:00+00:00,-4.5,25,400
2024-01-07 10:00:00+00:00,-4,63,400
2024-01-07 11:00:00+00:00,-3.8,176,400
2024-01-07 12:00:00+00:00,-3.6,202,400
2024-01-07 13:00:00+00:00,-3.3,129,400
2024-01-07 14:00:00+00:00,-3.4,93,400
2024-01-07 15:00:00+00:00,-3.5,22,400
2024-01-07 16:00:00+00:00,-3.4,1,400
2024-01-07 17:00:00+00:00,-3.4,0,400
2024-01-07 18:00:00+00:00,-3.9,0,400
2024-01-07 19:00:00+00:00,-4.2,0,400
2024-01-07 20:00:00+00:00,-4.5,0,400
2024-01-07 21:00:00+00:00,-4.7,0,400
2024-01-07 22:00:00+00:00,-4.8,0,400
2024-01-07 23:00:00+00:00,-5,0,400
2024-01-08 00:00:00+00:00,-5.1,0,400
2024-01-08 01:00:00+00:00,-4.7,0,400
2024-01-08 02:00:00+00:00,-4.1,0,400
2024-01-08 03:00:00+00:00,-3,0,400
2024-01-08 04:00:00+00:00,-3.4,0,400
2024-01-08 05:00:00+00:00,-3.2,0,400
2024-01-08 06:00:00+00:00,-3.7,0,400
2024-01-08 07:00:00+00:00,-4.2,0,400
2024-01-08 08:00:00+00:00,-3.8,3,400
2024-01-08 09:00:00+00:00,-3.9,59,400
2024-01-08 10:00:00+00:00,-3.4,152,400
2024-01-08 11:00:00+00:00,-2.8,213,400
2024-01-08 12:00:00+00:00,-2.4,232,400
2024-01-08 13:00:00+00:00,-2.4,209,400
2024-01-08 14:00:00+00:00,-2.4,145,400
2024-01-08 15:00:00+00:00,-2.9,54,400
2024-01-08 16:00:00+00:00,-4.1,2,400
2024-01-08 17:00:00+00:00,-5.1,0,400
2024-01-08 18:00:00+00:00,-5.7,0,400
2024-01-08 19:00:00+00:00,-7.5,0,400
2024-01-08 20:00:00+00:00,-8.8,0,400
2024-01-08 21:00:00+00:00,-9.1,0,400
2024-01-08 22:00:00+00:00,-8.9,0,400
2024-01-08 23:00:00+00:00,-8.1,0,400
2024-01-09 00:00:00+00:00,-8.1,0,400
2024-01-09 01:00:00+00:00,-9.3,0,400
2024-01-09 02:00:00+00:00,-9.5,0,400
2024-01-09 03:00:00+00:00,-9.8,0,400
2024-01-09 04:00:00+00:00,-10,0,400
2024-01-09 05:00:00+00:00,-9.7,0,400
2024-01-09 06:00:00+00:00,-8.1,0,400
2024-01-09 07:00:00+00:00,-6.7,0,400
2024-01-09 08:00:00+00:00,-5.9,2,400
2024-01-09 09:00:00+00:00,-6,22,400
2024-01-09 10:00:00+00:00,-5.4,60,400
2024-01-09 11:00:00+00:00,-5.3,132,400
2024-01-09 12:00:00+00:00,-4.8,170,400
2024-01-09 13:00:00+00:00,-4.7,125,400
2024-01-09 14:00:00+00:00,-4,101,400
2024-01-09 15:00:00+00:00,-3.3,23,400
2024-01-09 16:00:00+00:00,-2.7,1,400
2024-01-09 17:00:00+00:00,-2.3,0,400
2024-01-09 18:00:00+00:00,-2,0,400
2024-01-09 19:00:00+00:00,-1.7,0,400
2024-01-09 20:00:00+00:00,-1.5,0,400
2024-01-09 21:00:00+00:00,-1.3,0,400
2024-01-09 22:00:00+00:00,-1.1,0,400
2024-01-09 23:00:00+00:00,-0.8,0,400
2024-01-10 00:00:00+00:00,-0.9,0,400
2024-01-10 01:00:00+00:00,-1,0,400
2024-01-10 02:00:00+00:00,-0.6,0,400
2024-01-10 03:00:00+00:00,-0.5,0,400
2024-01-10 04:00:00+00:00,-0.3,0,400
2024-01-10 05:00:00+00:00,-0.1,0,400
2024-01-10 06:00:00+00:00,0,0,400
2024-01-10 07:00:00+00:00,0.1,0,400
2024-01-10 08:00:00+00:00,0.1,1,400
2024-01-10 09:00:00+00:00,0.1,13,400
2024-01-10 10:00:00+00:00,0.2,34,400
2024-01-10 11:00:00+00:00,0.3,59,400
2024-01-10 12:00:00+00:00,0.4,70,400
2024-01-10 13:00:00+00:00,0.4,65,400
2024-01-10 14:00:00+00:00,0.3,42,400
2024-01-10 15:00:00+00:00,0,18,400
2024-01-10 16:00:00+00:00,-0.2,1,400
2024-01-10 17:00:00+00:00,-0.4,0,400
2024-01-10 18:00:00+00:00,-0.5,0,400
2024-01-10 19:00:00+00:00,-0.7,0,400
2024-01-10 20:00:00+00:00,-0.7,0,400
2024-01-10 21:00:00+00:00,-0.8,0,400
2024-01-10 22:00:00+00:00,-0.9,0,400
2024-01-10 23:00:00+00:00,-1,0,400
2024-01-11 00:00:00+00:00,-1.1,0,400
2024-01-11 01:00:00+00:00,-0.5,0,400
2024-01-11 02:00:00+00:00,-0.1,0,400
2024-01-11 03:00:00+00:00,0.1,0,400
2024-01-11 04:00:00+00:00,0.7,0,400
2024-01-11 05:00:00+00:00,1,0,400
2024-01-11 06:00:00+00:00,1.1,0,400
2024-01-11 07:00:00+00:00,1.3,0,400
2024-01-11 08:00:00+00:00,1.3,3,400
2024-01-11 09:00:00+00:00,1.3,33,400
2024-01-11 10:00:00+00:00,1.2,61,400
2024-01-11 11:00:00+00:00,0.6,106,400
2024-01-11 12:00:00+00:00,0.3,126,400
2024-01-11 13:00:00+00:00,-0.1,137,400
2024-01-11 14:00:00+00:00,0.5,146,400
2024-01-11 15:00:00+00:00,1.1,60,400
2024-01-11 16:00:00+00:00,0.9,3,400
2024-01-11 17:00:00+00:00,0.5,0,400
2024-01-11 18:00:00+00:00,0.6,0,400
2024-01-11 19:00:00+00:00,0.4,0,400
2024-01-11 20:00:00+00:00,0.2,0,400
2024-01-11 21:00:00+00:00,-1.2,0,400
2024-01-11 22:00:00+00:00,-2.5,0,400
2024-01-11 23:00:00+00:00,-3.1,0,400
2024-01-12 00:00:00+00:00,-3.5,0,400
2024-01-12 01:00:00+00:00,-3.7,0,400
2024-01-12 02:00:00+00:00,-2.9,0,400
2024-01-12 03:00:00+00:00,-2,0,400
2024-01-12 04:00:00+00:00,-1.1,0,400
2024-01-12 05:00:00+00:00,-1.2,0,400
2024-01-12 06:00:00+00:00,-1.1,0,400
2024-01-12 07:00:00+00:00,-1.2,0,400
2024-01-12 08:00:00+00:00,-0.9,4,400
2024-01-12 09:00:00+00:00,0.1,30,400
2024-01-12 10:00:00+00:00,0.8,49,400
2024-01-12 11:00:00+00:00,0.9,83,400
2024-01-12 12:00:00+00:00,0.7,83,400
2024-01-12 13:00:00+00:00,0.4,63,400
2024-01-12 14:00:00+00:00,0.3,39,400
2024-01-12 15:00:00+00:00,-0.2,18,400
2024-01-12 16:00:00+00:00,-0.7,1,400
2024-01-12 17:00:00+00:00,-0.9,0,400
2024-01-12 18:00:00+00:00,-1.4,0,400
2024-01-12 19:00:00+00:00,-0.6,0,400
2024-01-12 20:00:00+00:00,0.5,0,400
2024-01-12 21:00:00+00:00,0.9,0,400
2024-01-12 22:00:00+00:00,1.5,0,400
2024-01-12 23:00:00+00:00,2.2,0,400
2024-01-13 00:00:00+00:00,2.3,0,400
2024-01-13 01:00:00+00:00,2.3,0,400
2024-01-13 02:00:00+00:00,2.2,0,400
2024-01-13 03:00:00+00:00,2.3,0,400
2024-01-13 04:00:00+00:00,2.3,0,400
2024-01-13 05:00:00+00:00,2.2,0,400
2024-01-13 06:00:00+00:00,2.1,0,400
2024-01-13 07:00:00+00:00,2.2,0,400
2024-01-13 08:00:00+00:00,2.5,0,400
2024-01-13 09:00:00+00:00,2.9,9,400
2024-01-13 10:00:00+00:00,3.3,27,400
2024-01-13 11:00:00+00:00,3.9,51,400
2024-01-13 12:00:00+00:00,4.4,58,400
2024-01-13 13:00:00+00:00,4.6,101,400
2024-01-13 14:00:00+00:00,4.5,44,400
2024-01-13 15:00:00+00:00,4.5,19,400
2024-01-13 16:00:00+00:00,4.2,1,400
2024-01-13 17:00:00+00:00,3.7,0,400
2024-01-13 18:00:00+00:00,3.5,0,400
2024-01-13 19:00:00+00:00,3.2,0,400
2024-01-13 20:00:00+00:00,3,0,400
2024-01-13 21:00:00+00:00,2.6,0,400
2024-01-13 22:00:00+00:00,2.5,0,400
2024-01-13 23:00:00+00:00,2.4,0,400
2024-01-14 00:00:00+00:00,2.3,0,400
2024-01-14 01:00:00+00:00,2.2,0,400
2024-01-14 02:00:00+00:00,1.9,0,400
2024-01-14 03:00:00+00:00,1.9,0,400
2024-01-14 04:00:00+00:00,1.7,0,400
2024-01-14 05:00:00+00:00,1.8,0,400
2024-01-14 06:00:00+00:00,2.2,0,400
2024-01-14 07:00:00+00:00,2.5,0,400
2024-01-14 08:00:00+00:00,2.7,2,400
2024-01-14 09:00:00+00:00,2.6,21,400
2024-01-14 10:00:00+00:00,2.9,50,400
2024-01-14 11:00:00+00:00,3.3,78,400
2024-01-14 12:00:00+00:00,3.2,69,400
2024-01-14 13:00:00+00:00,2.6,93,400
2024-01-14 14:00:00+00:00,2.7,63,400
2024-01-14 15:00:00+00:00,2.6,35,400
2024-01-14 16:00:00+00:00,2.5,6,400
2024-01-14 17:00:00+00:00,2.1,0,400
2024-01-14 18:00:00+00:00,2,0,400
2024-01-14 19:00:00+00:00,1.6,0,400
2024-01-14 20:00:00+00:00,1,0,400
2024-01-14 21:00:00+00:00,0.8,0,400
2024-01-14 22:00:00+00:00,0.6,0,400
2024-01-14 23:00:00+00:00,0.8,0,400
2024-01-15 00:00:00+00:00,0.7,0,400
2024-01-15 01:00:00+00:00,1.1,0,400
2024-01-15 02:00:00+00:00,0.9,0,400
2024-01-15 03:00:00+00:00,0.7,0,400
2024-01-15 04:00:00+00:00,0.6,0,400
2024-01-15 05:00:00+00:00,0.2,0,400
2024-01-15 06:00:00+00:00,-0.1,0,400
2024-01-15 07:00:00+00:00,-0.3,0,400
2024-01-15 08:00:00+00:00,-0.8,2,400
2024-01-15 09:00:00+00:00,-1.1,22,400
2024-01-15 10:00:00+00:00,-1.5,49,400
2024-01-15 11:00:00+00:00,-2,93,400
2024-01-15 12:00:00+00:00,-2.1,117,400
2024-01-15 13:00:00+00:00,-2.1,116,400
2024-01-15 14:00:00+00:00,-2.1,94,400
2024-01-15 15:00:00+00:00,-2.2,21,400
2024-01-15 16:00:00+00:00,-2.3,2,400
2024-01-15 17:00:00+00:00,-2.5,0,400
2024-01-15 18:00:00+00:00,-2.6,0,400
2024-01-15 19:00:00+00:00,-2.8,0,400
2024-01-15 20:00:00+00:00,-3.6,0,400
2024-01-15 21:00:00+00:00,-4.2,0,400
2024-01-15 22:00:00+00:00,-4.6,0,400
2024-01-15 23:00:00+00:00,-4.6,0,400
2024-01-16 00:00:00+00:00,-5.3,0,400
2024-01-16 01:00:00+00:00,-5.7,0,400
2024-01-16 02:00:00+00:00,-5.1,0,400
2024-01-16 03:00:00+00:00,-4.6,0,400
2024-01-16 04:00:00+00:00,-4.3,0,400
2024-01-16 05:00:00+00:00,-4.7,0,400
2024-01-16 06:00:00+00:00,-5,0,400
2024-01-16 07:00:00+00:00,-4.5,0,400
2024-01-16 08:00:00+00:00,-4.5,5,400
2024-01-16 09:00:00+00:00,-4.2,38,400
2024-01-16 10:00:00+00:00,-3.3,103,400
2024-01-16 11:00:00+00:00,-2.4,91,400
2024-01-16 12:00:00+00:00,-1.7,51,400
2024-01-16 13:00:00+00:00,-1.1,110,400
2024-01-16 14:00:00+00:00,-0.9,109,400
2024-01-16 15:00:00+00:00,-1.1,34,400
2024-01-16 16:00:00+00:00,-1.7,3,400
2024-01-16 17:00:00+00:00,-1.5,0,400
2024-01-16 18:00:00+00:00,-1.5,0,400
2024-01-16 19:00:00+00:00,-1,0,400
2024-01-16 20:00:00+00:00,-0.2,0,400
2024-01-16 21:00:00+00:00,0.1,0,400
2024-01-16 22:00:00+00:00,0.2,0,400
2024-01-16 23:00:00+00:00,0.2,0,400
2024-01-17 00:00:00+00:00,0.3,0,400
2024-01-17 01:00:00+00:00,-0.4,0,400
2024-01-17 02:00:00+00:00,-0.8,0,400
2024-01-17 03:00:00+00:00,-0.5,0,400
2024-01-17 04:00:00+00:00,-0.5,0,400
2024-01-17 05:00:00+00:00,-0.1,0,400
2024-01-17 06:00:00+00:00,0,0,400
2024-01-17 07:00:00+00:00,0.3,0,400
2024-01-17 08:00:00+00:00,-0.4,1,400
2024-01-17 09:00:00+00:00,-0.8,20,400
2024-01-17 10:00:00+00:00,-0.4,49,400
2024-01-17 11:00:00+00:00,0,78,400
2024-01-17 12:00:00+00:00,0.1,103,400
2024-01-17 13:00:00+00:00,0.2,109,400
2024-01-17 14:00:00+00:00,0.2,104,400
2024-01-17 15:00:00+00:00,-0.4,28,400
2024-01-17 16:00:00+00:00,-1.3,3,400
2024-01-17 17:00:00+00:00,-1.6,0,400
2024-01-17 18:00:00+00:00,-1.1,0,400
2024-01-17 19:00:00+00:00,-1.3,0,400
2024-01-17 20:00:00+00:00,-1.4,0,400
2024-01-17 21:00:00+00:00,-1.7,0,400
2024-01-17 22:00:00+00:00,-1.8,0,400
2024-01-17 23:00:00+00:00,-2.1,0,400
2024-01-18 00:00:00+00:00,-3.2,0,400
2024-01-18 01:00:00+00:00,-4.1,0,400
2024-01-18 02:00:00+00:00,-4.2,0,400
2024-01-18 03:00:00+00:00,-4.2,0,400
2024-01-18 04:00:00+00:00,-4.1,0,400
2024-01-18 05:00:00+00:00,-3.7,0,400
2024-01-18 06:00:00+00:00,-3.7,0,400
2024-01-18 07:00:00+00:00,-3.3,0,400
2024-01-18 08:00:00+00:00,-3,5,400
2024-01-18 09:00:00+00:00,-2.6,95,400
2024-01-18 10:00:00+00:00,-1.9,203,400
2024-01-18 11:00:00+00:00,-1.6,260,400
2024-01-18 12:00:00+00:00,-1.3,273,400
2024-01-18 13:00:00+00:00,-0.9,249,400
2024-01-18 14:00:00+00:00,-0.4,184,400
2024-01-18 15:00:00+00:00,-0.6,85,400
2024-01-18 16:00:00+00:00,-1.6,7,400
2024-01-18 17:00:00+00:00,-1.4,0,400
2024-01-18 18:00:00+00:00,-1.2,0,400
2024-01-18 19:00:00+00:00,-1.8,0,400
2024-01-18 20:00:00+00:00,-1.6,0,400
2024-01-18 21:00:00+00:00,-0.9,0,400
2024-01-18 22:00:00+00:00,-0.2,0,400
2024-01-18 23:00:00+00:00,-0.2,0,400
2024-01-19 00:00:00+00:00,-0.1,0,400
2024-01-19 01:00:00+00:00,-0.1,0,400
2024-01-19 02:00:00+00:00,0,0,400
2024-01-19 03:00:00+00:00,-0.6,0,400
2024-01-19 04:00:00+00:00,-1.1,0,400
2024-01-19 05:00:00+00:00,-1,0,400
2024-01-19 06:00:00+00:00,-1.7,0,400
2024-01-19 07:00:00+00:00,-2,0,400
2024-01-19 08:00:00+00:00,-1.6,6,400
2024-01-19 09:00:00+00:00,-1.6,75,400
2024-01-19 10:00:00+00:00,-0.6,169,400
2024-01-19 11:00:00+00:00,0.6,229,400
2024-01-19 12:00:00+00:00,1.5,231,400
2024-01-19 13:00:00+00:00,1.5,97,400
2024-01-19 14:00:00+00:00,1.8,94,400
2024-01-19 15:00:00+00:00,1.4,35,400
2024-01-19 16:00:00+00:00,0.7,1,400
2024-01-19 17:00:00+00:00,1,0,400
2024-01-19 18:00:00+00:00,0.6,0,400
2024-01-19 19:00:00+00:00,1,0,400
2024-01-19 20:00:00+00:00,1.8,0,400
2024-01-19 21:00:00+00:00,2.2,0,400
2024-01-19 22:00:00+00:00,3.1,0,400
2024-01-19 23:00:00+00:00,3.2,0,400
2024-01-20 00:00:00+00:00,3.3,0,400
2024-01-20 01:00:00+00:00,3.6,0,400
2024-01-20 02:00:00+00:00,3.5,0,400
2024-01-20 03:00:00+00:00,3.3,0,400
2024-01-20 04:00:00+00:00,3.5,0,400
2024-01-20 05:00:00+00:00,3.4,0,400
2024-01-20 06:00:00+00:00,3.4,0,400
2024-01-20 07:00:00+00:00,3.6,0,400
2024-01-20 08:00:00+00:00,3.9,3,400
2024-01-20 09:00:00+00:00,3.9,15,400
2024-01-20 10:00:00+00:00,4.1,46,400
2024-01-20 11:00:00+00:00,4.1,61,400
2024-01-20 12:00:00+00:00,4.3,94,400
2024-01-20 13:00:00+00:00,4.4,42,400
2024-01-20 14:00:00+00:00,4.6,49,400
2024-01-20 15:00:00+00:00,4.7,17,400
2024-01-20 16:00:00+00:00,4.3,2,400
2024-01-20 17:00:00+00:00,3.8,0,400
2024-01-20 18:00:00+00:00,3.1,0,400
2024-01-20 19:00:00+00:00,3,0,400
2024-01-20 20:00:00+00:00,3,0,400
2024-01-20 21:00:00+00:00,2.8,0,400
2024-01-20 22:00:00+00:00,2.3,0,400
2024-01-20 23:00:00+00:00,1.4,0,400
2024-01-21 00:00:00+00:00,1,0,400
2024-01-21 01:00:00+00:00,0.7,0,400
2024-01-21 02:00:00+00:00,0.5,0,400
2024-01-21 03:00:00+00:00,0.9,0,400
2024-01-21 04:00:00+00:00,1.2,0,400
2024-01-21 05:00:00+00:00,1.4,0,400
2024-01-21 06:00:00+00:00,1.7,0,400
2024-01-21 07:00:00+00:00,1.8,0,400
2024-01-21 08:00:00+00:00,1.9,2,400
2024-01-21 09:00:00+00:00,2.1,25,400
2024-01-21 10:00:00+00:00,2.4,40,400
2024-01-21 11:00:00+00:00,2.5,43,400
2024-01-21 12:00:00+00:00,2.9,74,400
2024-01-21 13:00:00+00:00,1.9,60,400
2024-01-21 14:00:00+00:00,1.2,15,400
2024-01-21 15:00:00+00:00,1.6,8,400
2024-01-21 16:00:00+00:00,2.3,0,400
2024-01-21 17:00:00+00:00,2.8,0,400
2024-01-21 18:00:00+00:00,2.8,0,400
2024-01-21 19:00:00+00:00,3,0,400
2024-01-21 20:00:00+00:00,3.3,0,400
2024-01-21 21:00:00+00:00,3.4,0,400
2024-01-21 22:00:00+00:00,3.6,0,400
2024-01-21 23:00:00+00:00,3.7,0,400
2024-01-22 00:00:00+00:00,4.1,0,400
2024-01-22 01:00:00+00:00,4.2,0,400
2024-01-22 02:00:00+00:00,4.6,0,400
2024-01-22 03:00:00+00:00,4.7,0,400
2024-01-22 04:00:00+00:00,5.2,0,400
2024-01-22 05:00:00+00:00,5.4,0,400
2024-01-22 06:00:00+00:00,6.1,0,400
2024-01-22 07:00:00+00:00,7.7,0,400
2024-01-22 08:00:00+00:00,8.3,1,400
2024-01-22 09:00:00+00:00,8.4,22,400
2024-01-22 10:00:00+00:00,8.3,131,400
2024-01-22 11:00:00+00:00,8.4,186,400
2024-01-22 12:00:00+00:00,8.3,206,400
2024-01-22 13:00:00+00:00,8.1,144,400
2024-01-22 14:00:00+00:00,7.7,70,400
2024-01-22 15:00:00+00:00,7.3,31,400
2024-01-22 16:00:00+00:00,6.7,8,400
2024-01-22 17:00:00+00:00,6.3,0,400
2024-01-22 18:00:00+00:00,6.2,0,400
2024-01-22 19:00:00+00:00,6.1,0,400
2024-01-22 20:00:00+00:00,5.7,0,400
2024-01-22 21:00:00+00:00,6,0,400
2024-01-22 22:00:00+00:00,6,0,400
2024-01-22 23:00:00+00:00,6.2,0,400
2024-01-23 00:00:00+00:00,6,0,400
2024-01-23 01:00:00+00:00,5.7,0,400
2024-01-23 02:00:00+00:00,5.6,0,400
2024-01-23 03:00:00+00:00,5.4,0,400
2024-01-23 04:00:00+00:00,5.1,0,400
2024-01-23 05:00:00+00:00,5.1,0,400
2024-01-23 06:00:00+00:00,4.9,0,400
2024-01-23 07:00:00+00:00,5.3,0,400
2024-01-23 08:00:00+00:00,6,3,400
2024-01-23 09:00:00+00:00,6.3,26,400
2024-01-23 10:00:00+00:00,6.5,86,400
2024-01-23 11:00:00+00:00,6.6,105,400
2024-01-23 12:00:00+00:00,7,195,400
2024-01-23 13:00:00+00:00,6.9,186,400
2024-01-23 14:00:00+00:00,6.7,90,400
2024-01-23 15:00:00+00:00,6,48,400
2024-01-23 16:00:00+00:00,5.3,7,400
2024-01-23 17:00:00+00:00,5.4,0,400
2024-01-23 18:00:00+00:00,5.3,0,400
2024-01-23 19:00:00+00:00,5.1,0,400
2024-01-23 20:00:00+00:00,5.1,0,400
2024-01-23 21:00:00+00:00,4.6,0,400
2024-01-23 22:00:00+00:00,4.5,0,400
2024-01-23 23:00:00+00:00,4.7,0,400
2024-01-24 00:00:00+00:00,5.4,0,400
2024-01-24 01:00:00+00:00,6.3,0,400
2024-01-24 02:00:00+00:00,8.1,0,400
2024-01-24 03:00:00+00:00,8.9,0,400
2024-01-24 04:00:00+00:00,9.1,0,400
2024-01-24 05:00:00+00:00,9.1,0,400
2024-01-24 06:00:00+00:00,8.8,0,400
2024-01-24 07:00:00+00:00,8.7,0,400
2024-01-24 08:00:00+00:00,8.4,2,400
2024-01-24 09:00:00+00:00,7.6,13,400
2024-01-24 10:00:00+00:00,7.8,26,400
2024-01-24 11:00:00+00:00,7.1,28,400
2024-01-24 12:00:00+00:00,7.5,31,400
2024-01-24 13:00:00+00:00,7.9,44,400
2024-01-24 14:00:00+00:00,7.8,47,400
2024-01-24 15:00:00+00:00,7.4,16,400
2024-01-24 16:00:00+00:00,7.9,3,400
2024-01-24 17:00:00+00:00,7.6,0,400
2024-01-24 18:00:00+00:00,8,0,400
2024-01-24 19:00:00+00:00,7.3,0,400
2024-01-24 20:00:00+00:00,7.5,0,400
2024-01-24 21:00:00+00:00,7.7,0,400
2024-01-24 22:00:00+00:00,7.5,0,400
2024-01-24 23:00:00+00:00,7.4,0,400
2024-01-25 00:00:00+00:00,7.2,0,400
2024-01-25 01:00:00+00:00,7.2,0,400
2024-01-25 02:00:00+00:00,7.2,0,400
2024-01-25 03:00:00+00:00,7,0,400
2024-01-25 04:00:00+00:00,6.7,0,400
2024-01-25 05:00:00+00:00,6.4,0,400
2024-01-25 06:00:00+00:00,6,0,400
2024-01-25 07:00:00+00:00,5.8,0,400
2024-01-25 08:00:00+00:00,5.5,9,400
2024-01-25 09:00:00+00:00,5.4,71,400
2024-01-25 10:00:00+00:00,6,173,400
2024-01-25 11:00:00+00:00,6.5,240,400
2024-01-25 12:00:00+00:00,6.8,244,400
2024-01-25 13:00:00+00:00,7.2,247,400
2024-01-25 14:00:00+00:00,7.1,142,400
2024-01-25 15:00:00+00:00,6.9,92,400
2024-01-25 16:00:00+00:00,5.9,13,400
2024-01-25 17:00:00+00:00,4.6,0,400
2024-01-25 18:00:00+00:00,4.3,0,400
2024-01-25 19:00:00+00:00,4.6,0,400
2024-01-25 20:00:00+00:00,4.6,0,400
2024-01-25 21:00:00+00:00,4.6,0,400
2024-01-25 22:00:00+00:00,4.1,0,400
2024-01-25 23:00:00+00:00,3.9,0,400
2024-01-26 00:00:00+00:00,3.9,0,400
2024-01-26 01:00:00+00:00,4,0,400
2024-01-26 02:00:00+00:00,4.1,0,400
2024-01-26 03:00:00+00:00,4.3,0,400
2024-01-26 04:00:00+00:00,4.5,0,400
2024-01-26 05:00:00+00:00,4.5,0,400
2024-01-26 06:00:00+00:00,4.6,0,400
2024-01-26 07:00:00+00:00,4.8,0,400
2024-01-26 08:00:00+00:00,5.3,0,400
2024-01-26 09:00:00+00:00,5.6,4,400
2024-01-26 10:00:00+00:00,6.1,7,400
2024-01-26 11:00:00+00:00,7.2,25,400
2024-01-26 12:00:00+00:00,8.1,46,400
2024-01-26 13:00:00+00:00,8,74,400
2024-01-26 14:00:00+00:00,6.9,42,400
2024-01-26 15:00:00+00:00,5.9,43,400
2024-01-26 16:00:00+00:00,6,7,400
2024-01-26 17:00:00+00:00,6,0,400
2024-01-26 18:00:00+00:00,5.5,0,400
2024-01-26 19:00:00+00:00,5.5,0,400
2024-01-26 20:00:00+00:00,5.6,0,400
2024-01-26 21:00:00+00:00,5.4,0,400
2024-01-26 22:00:00+00:00,5.2,0,400
2024-01-26 23:00:00+00:00,5,0,400
2024-01-27 00:00:00+00:00,4.9,0,400
2024-01-27 01:00:00+00:00,5,0,400
2024-01-27 02:00:00+00:00,4.7,0,400
2024-01-27 03:00:00+00:00,4.7,0,400
2024-01-27 04:00:00+00:00,4.9,0,400
2024-01-27 05:00:00+00:00,5.5,0,400
2024-01-27 06:00:00+00:00,5.4,0,400
2024-01-27 07:00:00+00:00,5.1,0,400
2024-01-27 08:00:00+00:00,4.9,5,400
2024-01-27 09:00:00+00:00,5.2,30,400
2024-01-27 10:00:00+00:00,5.3,50,400
2024-01-27 11:00:00+00:00,5.4,67,400
2024-01-27 12:00:00+00:00,5.6,75,400
2024-01-27 13:00:00+00:00,6.1,66,400
2024-01-27 14:00:00+00:00,6.2,60,400
2024-01-27 15:00:00+00:00,6.2,27,400
2024-01-27 16:00:00+00:00,6.1,6,400
2024-01-27 17:00:00+00:00,5.8,0,400
2024-01-27 18:00:00+00:00,5.7,0,400
2024-01-27 19:00:00+00:00,5.6,0,400
2024-01-27 20:00:00+00:00,5.3,0,400
2024-01-27 21:00:00+00:00,4.7,0,400
2024-01-27 22:00:00+00:00,3.8,0,400
2024-01-27 23:00:00+00:00,3.5,0,400
2024-01-28 00:00:00+00:00,3.3,0,400
2024-01-28 01:00:00+00:00,3.4,0,400
2024-01-28 02:00:00+00:00,3.8,0,400
2024-01-28 03:00:00+00:00,3.7,0,400
2024-01-28 04:00:00+00:00,3.5,0,400
2024-01-28 05:00:00+00:00,2.9,0,400
2024-01-28 06:00:00+00:00,2.4,0,400
2024-01-28 07:00:00+00:00,1.5,0,400
2024-01-28 08:00:00+00:00,1.3,20,400
2024-01-28 09:00:00+00:00,2,64,400
2024-01-28 10:00:00+00:00,3.1,198,400
2024-01-28 11:00:00+00:00,4.8,261,400
2024-01-28 12:00:00+00:00,5.4,286,400
2024-01-28 13:00:00+00:00,5.3,214,400
2024-01-28 14:00:00+00:00,5.2,185,400
2024-01-28 15:00:00+00:00,5.3,128,400
2024-01-28 16:00:00+00:00,4.8,28,400
2024-01-28 17:00:00+00:00,4.1,0,400
2024-01-28 18:00:00+00:00,4.4,0,400
2024-01-28 19:00:00+00:00,4.4,0,400
2024-01-28 20:00:00+00:00,4.1,0,400
2024-01-28 21:00:00+00:00,4.2,0,400
2024-01-28 22:00:00+00:00,4,0,400
2024-01-28 23:00:00+00:00,4.3,0,400
2024-01-29 00:00:00+00:00,4.5,0,400
2024-01-29 01:00:00+00:00,4.5,0,400
2024-01-29 02:00:00+00:00,4.3,0,400
2024-01-29 03:00:00+00:00,3.9,0,400
2024-01-29 04:00:00+00:00,3.8,0,400
2024-01-29 05:00:00+00:00,4,0,400
2024-01-29 06:00:00+00:00,3.5,0,400
2024-01-29 07:00:00+00:00,3.2,0,400
2024-01-29 08:00:00+00:00,3.2,25,400
2024-01-29 09:00:00+00:00,3.9,106,400
2024-01-29 10:00:00+00:00,4.7,186,400
2024-01-29 11:00:00+00:00,5.7,248,400
2024-01-29 12:00:00+00:00,6.1,173,400
2024-01-29 13:00:00+00:00,6.1,187,400
2024-01-29 14:00:00+00:00,6.3,166,400
2024-01-29 15:00:00+00:00,6.1,94,400
2024-01-29 16:00:00+00:00,5.2,18,400
2024-01-29 17:00:00+00:00,4.4,0,400
2024-01-29 18:00:00+00:00,4.4,0,400
2024-01-29 19:00:00+00:00,4.8,0,400
2024-01-29 20:00:00+00:00,4.6,0,400
2024-01-29 21:00:00+00:00,4.4,0,400
2024-01-29 22:00:00+00:00,4.5,0,400
2024-01-29 23:00:00+00:00,4.7,0,400
2024-01-30 00:00:00+00:00,4.8,0,400
2024-01-30 01:00:00+00:00,4.9,0,400
2024-01-30 02:00:00+00:00,5,0,400
2024-01-30 03:00:00+00:00,5.2,0,400
2024-01-30 04:00:00+00:00,5.4,0,400
2024-01-30 05:00:00+00:00,5.8,0,400
2024-01-30 06:00:00+00:00,6.1,0,400
2024-01-30 07:00:00+00:00,6.3,0,400
2024-01-30 08:00:00+00:00,5.8,9,400
2024-01-30 09:00:00+00:00,5.8,46,400
2024-01-30 10:00:00+00:00,5.8,66,400
2024-01-30 11:00:00+00:00,6,87,400
2024-01-30 12:00:00+00:00,6.3,72,400
2024-01-30 13:00:00+00:00,6.4,64,400
2024-01-30 14:00:00+00:00,6.3,41,400
2024-01-30 15:00:00+00:00,6.4,19,400
2024-01-30 16:00:00+00:00,7,7,400
2024-01-30 17:00:00+00:00,7.6,0,400
2024-01-30 18:00:00+00:00,7.3,0,400
2024-01-30 19:00:00+00:00,7,0,400
2024-01-30 20:00:00+00:00,6.9,0,400
2024-01-30 21:00:00+00:00,6.7,0,400
2024-01-30 22:00:00+00:00,6.4,0,400
2024-01-30 23:00:00+00:00,6.2,0,400
2024-01-31 00:00:00+00:00,5.9,0,400
2024-01-31 01:00:00+00:00,5.7,0,400
2024-01-31 02:00:00+00:00,5.2,0,400
2024-01-31 03:00:00+00:00,4.8,0,400
2024-01-31 04:00:00+00:00,4.2,0,400
2024-01-31 05:00:00+00:00,3.7,0,400
2024-01-31 06:00:00+00:00,3.7,0,400
2024-01-31 07:00:00+00:00,3.5,0,400
2024-01-31 08:00:00+00:00,3.2,18,400
2024-01-31 09:00:00+00:00,3.5,81,400
2024-01-31 10:00:00+00:00,4.5,111,400
2024-01-31 11:00:00+00:00,5,148,400
2024-01-31 12:00:00+00:00,5.2,143,400
2024-01-31 13:00:00+00:00,5,127,400
2024-01-31 14:00:00+00:00,4.8,71,400
2024-01-31 15:00:00+00:00,4.4,27,400
2024-01-31 16:00:00+00:00,4.4,4,400
2024-01-31 17:00:00+00:00,4.6,0,400
2024-01-31 18:00:00+00:00,4.8,0,400
2024-01-31 19:00:00+00:00,5,0,400
2024-01-31 20:00:00+00:00,5.3,0,400
2024-01-31 21:00:00+00:00,5.4,0,400
2024-01-31 22:00:00+00:00,5.1,0,400
2024-01-31 23:00:00+00:00,5,0,400
2024-02-01 00:00:00+00:00,5.4,0,400
2024-02-01 01:00:00+00:00,5.9,0,400
2024-02-01 02:00:00+00:00,5.1,0,400
2024-02-01 03:00:00+00:00,4.4,0,400
2024-02-01 04:00:00+00:00,4.1,0,400
2024-02-01 05:00:00+00:00,4.2,0,400
2024-02-01 06:00:00+00:00,4.6,0,400
2024-02-01 07:00:00+00:00,4.7,0,400
2024-02-01 08:00:00+00:00,5,15,400
2024-02-01 09:00:00+00:00,5.4,79,400
2024-02-01 10:00:00+00:00,5.6,65,400
2024-02-01 11:00:00+00:00,5.3,152,400
2024-02-01 12:00:00+00:00,5.9,117,400
2024-02-01 13:00:00+00:00,6.5,143,400
2024-02-01 14:00:00+00:00,6.3,138,400
2024-02-01 15:00:00+00:00,6.1,56,400
2024-02-01 16:00:00+00:00,5.5,13,400
2024-02-01 17:00:00+00:00,5.4,0,400
2024-02-01 18:00:00+00:00,4.6,0,400
2024-02-01 19:00:00+00:00,4.7,0,400
2024-02-01 20:00:00+00:00,4.7,0,400
2024-02-01 21:00:00+00:00,4.3,0,400
2024-02-01 22:00:00+00:00,4.2,0,400
2024-02-01 23:00:00+00:00,4.2,0,400
2024-02-02 00:00:00+00:00,4,0,400
2024-02-02 01:00:00+00:00,4.3,0,400
2024-02-02 02:00:00+00:00,4.7,0,400
2024-02-02 03:00:00+00:00,4.9,0,400
2024-02-02 04:00:00+00:00,4.9,0,400
2024-02-02 05:00:00+00:00,4.9,0,400
2024-02-02 06:00:00+00:00,5.1,0,400
2024-02-02 07:00:00+00:00,5.2,0,400
2024-02-02 08:00:00+00:00,5.2,6,400
2024-02-02 09:00:00+00:00,5.2,22,400
2024-02-02 10:00:00+00:00,5.1,38,400
2024-02-02 11:00:00+00:00,5.5,49,400
2024-02-02 12:00:00+00:00,5.8,38,400
2024-02-02 13:00:00+00:00,6.2,40,400
2024-02-02 14:00:00+00:00,6.6,39,400
2024-02-02 15:00:00+00:00,7,26,400
2024-02-02 16:00:00+00:00,7.2,6,400
2024-02-02 17:00:00+00:00,7.3,0,400
2024-02-02 18:00:00+00:00,7.3,0,400
2024-02-02 19:00:00+00:00,7.3,0,400
2024-02-02 20:00:00+00:00,7.3,0,400
2024-02-02 21:00:00+00:00,7.3,0,400
2024-02-02 22:00:00+00:00,7.6,0,400
2024-02-02 23:00:00+00:00,7.6,0,400
2024-02-03 00:00:00+00:00,7.8,0,400
2024-02-03 01:00:00+00:00,7.8,0,400
2024-02-03 02:00:00+00:00,7.8,0,400
2024-02-03 03:00:00+00:00,7.8,0,400
2024-02-03 04:00:00+00:00,7.6,0,400
2024-02-03 05:00:00+00:00,7.7,0,400
2024-02-03 06:00:00+00:00,7.7,0,400
2024-02-03 07:00:00+00:00,7.8,0,400
2024-02-03 08:00:00+00:00,7.5,19,400
2024-02-03 09:00:00+00:00,7.6,92,400
2024-02-03 10:00:00+00:00,7.9,162,400
2024-02-03 11:00:00+00:00,8.1,126,400
2024-02-03 12:00:00+00:00,8.3,112,400
2024-02-03 13:00:00+00:00,8.3,159,400
2024-02-03 14:00:00+00:00,8.6,223,400
2024-02-03 15:00:00+00:00,8.6,113,400
2024-02-03 16:00:00+00:00,8.1,46,400
2024-02-03 17:00:00+00:00,6.9,0,400
2024-02-03 18:00:00+00:00,6.2,0,400
2024-02-03 19:00:00+00:00,5.7,0,400
2024-02-03 20:00:00+00:00,5.6,0,400
2024-02-03 21:00:00+00:00,5.2,0,400
2024-02-03 22:00:00+00:00,5.1,0,400
2024-02-03 23:00:00+00:00,5.1,0,400
2024-02-04 00:00:00+00:00,5.4,0,400
2024-02-04 01:00:00+00:00,5.6,0,400
2024-02-04 02:00:00+00:00,5.8,0,400
2024-02-04 03:00:00+00:00,6,0,400
2024-02-04 04:00:00+00:00,6.1,0,400
2024-02-04 05:00:00+00:00,6.1,0,400
2024-02-04 06:00:00+00:00,6.2,0,400
2024-02-04 07:00:00+00:00,6.3,0,400
2024-02-04 08:00:00+00:00,6.4,6,400
2024-02-04 09:00:00+00:00,6.5,22,400
2024-02-04 10:00:00+00:00,6.6,49,400
2024-02-04 11:00:00+00:00,6.8,78,400
2024-02-04 12:00:00+00:00,7,97,400
2024-02-04 13:00:00+00:00,7.1,92,400
2024-02-04 14:00:00+00:00,7.2,75,400
2024-02-04 15:00:00+00:00,7.1,36,400
2024-02-04 16:00:00+00:00,7,8,400
2024-02-04 17:00:00+00:00,6.9,0,400
2024-02-04 18:00:00+00:00,6.9,0,400
2024-02-04 19:00:00+00:00,7,0,400
2024-02-04 20:00:00+00:00,6.9,0,400
2024-02-04 21:00:00+00:00,6.8,0,400
2024-02-04 22:00:00+00:00,6.7,0,400
2024-02-04 23:00:00+00:00,6.5,0,400
2024-02-05 00:00:00+00:00,6.4,0,400
2024-02-05 01:00:00+00:00,6.6,0,400
2024-02-05 02:00:00+00:00,6.3,0,400
2024-02-05 03:00:00+00:00,5.9,0,400
2024-02-05 04:00:00+00:00,5.8,0,400
2024-02-05 05:00:00+00:00,6.1,0,400
2024-02-05 06:00:00+00:00,6.1,0,400
2024-02-05 07:00:00+00:00,5.9,0,400
2024-02-05 08:00:00+00:00,5.6,8,400
2024-02-05 09:00:00+00:00,5.4,24,400
2024-02-05 10:00:00+00:00,5.3,53,400
2024-02-05 11:00:00+00:00,5.3,99,400
2024-02-05 12:00:00+00:00,5.5,73,400
2024-02-05 13:00:00+00:00,5.6,41,400
2024-02-05 14:00:00+00:00,6.4,18,400
2024-02-05 15:00:00+00:00,7.3,10,400
2024-02-05 16:00:00+00:00,7.3,2,400
2024-02-05 17:00:00+00:00,7,0,400
2024-02-05 18:00:00+00:00,6.9,0,400
2024-02-05 19:00:00+00:00,6.9,0,400
2024-02-05 20:00:00+00:00,7,0,400
2024-02-05 21:00:00+00:00,7,0,400
2024-02-05 22:00:00+00:00,7.1,0,400
2024-02-05 23:00:00+00:00,7.2,0,400
2024-02-06 00:00:00+00:00,7.2,0,400
2024-02-06 01:00:00+00:00,7.1,0,400
2024-02-06 02:00:00+00:00,7.1,0,400
2024-02-06 03:00:00+00:00,7.1,0,400
2024-02-06 04:00:00+00:00,7.1,0,400
2024-02-06 05:00:00+00:00,7,0,400
2024-02-06 06:00:00+00:00,7.2,0,400
2024-02-06 07:00:00+00:00,7.3,0,400
2024-02-06 08:00:00+00:00,7.1,4,400
2024-02-06 09:00:00+00:00,7.2,20,400
2024-02-06 10:00:00+00:00,7.4,41,400
2024-02-06 11:00:00+00:00,7.5,40,400
2024-02-06 12:00:00+00:00,7.7,44,400
2024-02-06 13:00:00+00:00,7.7,29,400
2024-02-06 14:00:00+00:00,7.6,30,400
2024-02-06 15:00:00+00:00,7.5,17,400
2024-02-06 16:00:00+00:00,7.3,6,400
2024-02-06 17:00:00+00:00,6.4,0,400
2024-02-06 18:00:00+00:00,5.9,0,400
2024-02-06 19:00:00+00:00,5.2,0,400
2024-02-06 20:00:00+00:00,4.7,0,400
2024-02-06 21:00:00+00:00,4.2,0,400
2024-02-06 22:00:00+00:00,4.7,0,400
2024-02-06 23:00:00+00:00,4.7,0,400
2024-02-07 00:00:00+00:00,4.6,0,400
2024-02-07 01:00:00+00:00,4.5,0,400
2024-02-07 02:00:00+00:00,4.4,0,400
2024-02-07 03:00:00+00:00,4.2,0,400
2024-02-07 04:00:00+00:00,3.5,0,400
2024-02-07 05:00:00+00:00,2.7,0,400
2024-02-07 06:00:00+00:00,2.5,0,400
2024-02-07 07:00:00+00:00,2.3,0,400
2024-02-07 08:00:00+00:00,1.9,9,400
2024-02-07 09:00:00+00:00,1.6,108,400
2024-02-07 10:00:00+00:00,1.9,257,400
2024-02-07 11:00:00+00:00,2.7,327,400
2024-02-07 12:00:00+00:00,3.4,318,400
2024-02-07 13:00:00+00:00,3.7,266,400
2024-02-07 14:00:00+00:00,3.5,75,400
2024-02-07 15:00:00+00:00,3,73,400
2024-02-07 16:00:00+00:00,2.2,37,400
2024-02-07 17:00:00+00:00,1.2,1,400
2024-02-07 18:00:00+00:00,0.9,0,400
2024-02-07 19:00:00+00:00,0,0,400
2024-02-07 20:00:00+00:00,-0.1,0,400
2024-02-07 21:00:00+00:00,0.1,0,400
2024-02-07 22:00:00+00:00,1,0,400
2024-02-07 23:00:00+00:00,1.3,0,400
2024-02-08 00:00:00+00:00,0.6,0,400
2024-02-08 01:00:00+00:00,0.5,0,400
2024-02-08 02:00:00+00:00,1.1,0,400
2024-02-08 03:00:00+00:00,0.7,0,400
2024-02-08 04:00:00+00:00,0.3,0,400
2024-02-08 05:00:00+00:00,0,0,400
2024-02-08 06:00:00+00:00,-0.3,0,400
2024-02-08 07:00:00+00:00,-0.8,0,400
2024-02-08 08:00:00+00:00,-0.6,44,400
2024-02-08 09:00:00+00:00,0.2,162,400
2024-02-08 10:00:00+00:00,1.3,264,400
2024-02-08 11:00:00+00:00,2.4,319,400
2024-02-08 12:00:00+00:00,3.2,351,400
2024-02-08 13:00:00+00:00,3.5,269,400
2024-02-08 14:00:00+00:00,3.4,176,400
2024-02-08 15:00:00+00:00,2.8,39,400
2024-02-08 16:00:00+00:00,2.2,20,400
2024-02-08 17:00:00+00:00,0.8,0,400
2024-02-08 18:00:00+00:00,-0.1,0,400
2024-02-08 19:00:00+00:00,-0.5,0,400
2024-02-08 20:00:00+00:00,-0.8,0,400
2024-02-08 21:00:00+00:00,-0.8,0,400
2024-02-08 22:00:00+00:00,-0.6,0,400
2024-02-08 23:00:00+00:00,-0.3,0,400
2024-02-09 00:00:00+00:00,0.1,0,400
2024-02-09 01:00:00+00:00,0.9,0,400
2024-02-09 02:00:00+00:00,1,0,400
2024-02-09 03:00:00+00:00,1,0,400
2024-02-09 04:00:00+00:00,1.1,0,400
2024-02-09 05:00:00+00:00,1.3,0,400
2024-02-09 06:00:00+00:00,1.5,0,400
2024-02-09 07:00:00+00:00,1.6,0,400
2024-02-09 08:00:00+00:00,1.3,2,400
2024-02-09 09:00:00+00:00,0.5,12,400
2024-02-09 10:00:00+00:00,0.2,34,400
2024-02-09 11:00:00+00:00,-0.1,53,400
2024-02-09 12:00:00+00:00,-0.1,62,400
2024-02-09 13:00:00+00:00,-0.2,59,400
2024-02-09 14:00:00+00:00,-0.3,45,400
2024-02-09 15:00:00+00:00,-0.3,38,400
2024-02-09 16:00:00+00:00,-0.2,15,400
2024-02-09 17:00:00+00:00,-0.2,0,400
2024-02-09 18:00:00+00:00,-0.1,0,400
2024-02-09 19:00:00+00:00,0,0,400
2024-02-09 20:00:00+00:00,0,0,400
2024-02-09 21:00:00+00:00,0.2,0,400
2024-02-09 22:00:00+00:00,0.5,0,400
2024-02-09 23:00:00+00:00,1.1,0,400
2024-02-10 00:00:00+00:00,1.3,0,400
2024-02-10 01:00:00+00:00,1.4,0,400
2024-02-10 02:00:00+00:00,1.5,0,400
2024-02-10 03:00:00+00:00,1.5,0,400
2024-02-10 04:00:00+00:00,1.5,0,400
2024-02-10 05:00:00+00:00,1.5,0,400
2024-02-10 06:00:00+00:00,1.6,0,400
2024-02-10 07:00:00+00:00,1.6,0,400
2024-02-10 08:00:00+00:00,1.7,8,400
2024-02-10 09:00:00+00:00,1.9,44,400
2024-02-10 10:00:00+00:00,2.1,53,400
2024-02-10 11:00:00+00:00,2.3,64,400
2024-02-10 12:00:00+00:00,2.3,55,400
2024-02-10 13:00:00+00:00,2.5,65,400
2024-02-10 14:00:00+00:00,2.4,41,400
2024-02-10 15:00:00+00:00,2.5,14,400
2024-02-10 16:00:00+00:00,2.5,3,400
2024-02-10 17:00:00+00:00,2.4,0,400
2024-02-10 18:00:00+00:00,2.3,0,400
2024-02-10 19:00:00+00:00,2.3,0,400
2024-02-10 20:00:00+00:00,2.4,0,400
2024-02-10 21:00:00+00:00,2.4,0,400
2024-02-10 22:00:00+00:00,2.4,0,400
2024-02-10 23:00:00+00:00,2.3,0,400
2024-02-11 00:00:00+00:00,2.2,0,400
2024-02-11 01:00:00+00:00,2.1,0,400
2024-02-11 02:00:00+00:00,2,0,400
2024-02-11 03:00:00+00:00,1.9,0,400
2024-02-11 04:00:00+00:00,1.7,0,400
2024-02-11 05:00:00+00:00,1.6,0,400
2024-02-11 06:00:00+00:00,1.6,0,400
2024-02-11 07:00:00+00:00,1.6,0,400
2024-02-11 08:00:00+00:00,1.7,2,400
2024-02-11 09:00:00+00:00,1.9,10,400
2024-02-11 10:00:00+00:00,2,26,400
2024-02-11 11:00:00+00:00,2.2,26,400
2024-02-11 12:00:00+00:00,2.5,25,400
2024-02-11 13:00:00+00:00,2.7,35,400
2024-02-11 14:00:00+00:00,2.7,30,400
2024-02-11 15:00:00+00:00,2.7,14,400
2024-02-11 16:00:00+00:00,2.4,3,400
2024-02-11 17:00:00+00:00,2.3,0,400
2024-02-11 18:00:00+00:00,2.2,0,400
2024-02-11 19:00:00+00:00,2.2,0,400
2024-02-11 20:00:00+00:00,2.3,0,400
2024-02-11 21:00:00+00:00,2.3,0,400
2024-02-11 22:00:00+00:00,2.2,0,400
2024-02-11 23:00:00+00:00,2.2,0,400
2024-02-12 00:00:00+00:00,2.3,0,400
2024-02-12 01:00:00+00:00,2.5,0,400
2024-02-12 02:00:00+00:00,2.6,0,400
2024-02-12 03:00:00+00:00,2.6,0,400
2024-02-12 04:00:00+00:00,2.6,0,400
2024-02-12 05:00:00+00:00,2.7,0,400
2024-02-12 06:00:00+00:00,2.6,0,400
2024-02-12 07:00:00+00:00,2.4,0,400
2024-02-12 08:00:00+00:00,2.1,8,400
2024-02-12 09:00:00+00:00,2,36,400
2024-02-12 10:00:00+00:00,2.1,63,400
2024-02-12 11:00:00+00:00,2.4,92,400
2024-02-12 12:00:00+00:00,2.8,70,400
2024-02-12 13:00:00+00:00,3.1,68,400
2024-02-12 14:00:00+00:00,3.3,61,400
2024-02-12 15:00:00+00:00,4.1,86,400
2024-02-12 16:00:00+00:00,4.8,31,400
2024-02-12 17:00:00+00:00,4.9,1,400
2024-02-12 18:00:00+00:00,4.9,0,400
2024-02-12 19:00:00+00:00,5.2,0,400
2024-02-12 20:00:00+00:00,5.1,0,400
2024-02-12 21:00:00+00:00,5.1,0,400
2024-02-12 22:00:00+00:00,4.6,0,400
2024-02-12 23:00:00+00:00,4.3,0,400
2024-02-13 00:00:00+00:00,4.2,0,400
2024-02-13 01:00:00+00:00,3.8,0,400
2024-02-13 02:00:00+00:00,3.7,0,400
2024-02-13 03:00:00+00:00,3.8,0,400
2024-02-13 04:00:00+00:00,3.6,0,400
2024-02-13 05:00:00+00:00,3.7,0,400
2024-02-13 06:00:00+00:00,4.2,0,400
2024-02-13 07:00:00+00:00,3.3,2,400
2024-02-13 08:00:00+00:00,3.4,38,400
2024-02-13 09:00:00+00:00,4.4,63,400
2024-02-13 10:00:00+00:00,5,79,400
2024-02-13 11:00:00+00:00,5.1,86,400
2024-02-13 12:00:00+00:00,5.8,148,400
2024-02-13 13:00:00+00:00,6.5,203,400
2024-02-13 14:00:00+00:00,7.1,209,400
2024-02-13 15:00:00+00:00,7.2,191,400
2024-02-13 16:00:00+00:00,6.4,48,400
2024-02-13 17:00:00+00:00,5.5,2,400
2024-02-13 18:00:00+00:00,5.1,0,400
2024-02-13 19:00:00+00:00,4.5,0,400
2024-02-13 20:00:00+00:00,4.7,0,400
2024-02-13 21:00:00+00:00,5.3,0,400
2024-02-13 22:00:00+00:00,5.5,0,400
2024-02-13 23:00:00+00:00,5.6,0,400
2024-02-14 00:00:00+00:00,5.5,0,400
2024-02-14 01:00:00+00:00,5.4,0,400
2024-02-14 02:00:00+00:00,5.3,0,400
2024-02-14 03:00:00+00:00,5.1,0,400
2024-02-14 04:00:00+00:00,4.9,0,400
2024-02-14 05:00:00+00:00,4.8,0,400
2024-02-14 06:00:00+00:00,4.6,0,400
2024-02-14 07:00:00+00:00,4.3,1,400
2024-02-14 08:00:00+00:00,4.3,19,400
2024-02-14 09:00:00+00:00,4.7,85,400
2024-02-14 10:00:00+00:00,5.6,173,400
2024-02-14 11:00:00+00:00,5.6,115,400
2024-02-14 12:00:00+00:00,5.2,106,400
2024-02-14 13:00:00+00:00,5.3,87,400
2024-02-14 14:00:00+00:00,5.4,74,400
2024-02-14 15:00:00+00:00,5.5,48,400
2024-02-14 16:00:00+00:00,5.3,28,400
2024-02-14 17:00:00+00:00,5.1,1,400
2024-02-14 18:00:00+00:00,4.9,0,400
2024-02-14 19:00:00+00:00,4.9,0,400
2024-02-14 20:00:00+00:00,4.9,0,400
2024-02-14 21:00:00+00:00,5,0,400
2024-02-14 22:00:00+00:00,4.8,0,400
2024-02-14 23:00:00+00:00,4.9,0,400
2024-02-15 00:00:00+00:00,5.5,0,400
2024-02-15 01:00:00+00:00,6.1,0,400
2024-02-15 02:00:00+00:00,6.5,0,400
2024-02-15 03:00:00+00:00,6.9,0,400
2024-02-15 04:00:00+00:00,7,0,400
2024-02-15 05:00:00+00:00,7.3,0,400
2024-02-15 06:00:00+00:00,7.5,0,400
2024-02-15 07:00:00+00:00,7.7,1,400
2024-02-15 08:00:00+00:00,7.9,17,400
2024-02-15 09:00:00+00:00,8.1,39,400
2024-02-15 10:00:00+00:00,8.3,57,400
2024-02-15 11:00:00+00:00,8.7,84,400
2024-02-15 12:00:00+00:00,9.3,101,400
2024-02-15 13:00:00+00:00,9.8,119,400
2024-02-15 14:00:00+00:00,10.1,101,400
2024-02-15 15:00:00+00:00,10.1,50,400
2024-02-15 16:00:00+00:00,10.2,26,400
2024-02-15 17:00:00+00:00,10.3,2,400
2024-02-15 18:00:00+00:00,10.2,0,400
2024-02-15 19:00:00+00:00,10,0,400
2024-02-15 20:00:00+00:00,10,0,400
2024-02-15 21:00:00+00:00,10.2,0,400
2024-02-15 22:00:00+00:00,10.3,0,400
2024-02-15 23:00:00+00:00,10.4,0,400
2024-02-16 00:00:00+00:00,10.4,0,400
2024-02-16 01:00:00+00:00,10.2,0,400
2024-02-16 02:00:00+00:00,10.4,0,400
2024-02-16 03:00:00+00:00,10.4,0,400
2024-02-16 04:00:00+00:00,10.2,0,400
2024-02-16 05:00:00+00:00,10.2,0,400
2024-02-16 06:00:00+00:00,10.1,0,400
2024-02-16 07:00:00+00:00,9.8,1,400
2024-02-16 08:00:00+00:00,9.4,21,400
2024-02-16 09:00:00+00:00,9.5,110,400
2024-02-16 10:00:00+00:00,10.2,137,400
2024-02-16 11:00:00+00:00,10.1,172,400
2024-02-16 12:00:00+00:00,11,202,400
2024-02-16 13:00:00+00:00,11.1,191,400
2024-02-16 14:00:00+00:00,11.3,138,400
2024-02-16 15:00:00+00:00,11.1,52,400
2024-02-16 16:00:00+00:00,9.3,5,400
2024-02-16 17:00:00+00:00,8.2,2,400
2024-02-16 18:00:00+00:00,8.4,0,400
2024-02-16 19:00:00+00:00,8.1,0,400
2024-02-16 20:00:00+00:00,7.5,0,400
2024-02-16 21:00:00+00:00,6.6,0,400
2024-02-16 22:00:00+00:00,5.9,0,400
2024-02-16 23:00:00+00:00,5.8,0,400
2024-02-17 00:00:00+00:00,6,0,400
2024-02-17 01:00:00+00:00,5.9,0,400
2024-02-17 02:00:00+00:00,5.5,0,400
2024-02-17 03:00:00+00:00,5.7,0,400
2024-02-17 04:00:00+00:00,5.7,0,400
2024-02-17 05:00:00+00:00,5.6,0,400
2024-02-17 06:00:00+00:00,5.5,0,400
2024-02-17 07:00:00+00:00,5.4,1,400
2024-02-17 08:00:00+00:00,5.3,10,400
2024-02-17 09:00:00+00:00,5.2,71,400
2024-02-17 10:00:00+00:00,5.5,315,400
2024-02-17 11:00:00+00:00,6.1,386,400
2024-02-17 12:00:00+00:00,6.6,412,400
2024-02-17 13:00:00+00:00,7,395,400
2024-02-17 14:00:00+00:00,7.4,337,400
2024-02-17 15:00:00+00:00,7.4,237,400
2024-02-17 16:00:00+00:00,7.2,107,400
2024-02-17 17:00:00+00:00,5.5,6,400
2024-02-17 18:00:00+00:00,3.2,0,400
2024-02-17 19:00:00+00:00,2.9,0,400
2024-02-17 20:00:00+00:00,2,0,400
2024-02-17 21:00:00+00:00,1.8,0,400
2024-02-17 22:00:00+00:00,1.5,0,400
2024-02-17 23:00:00+00:00,2.2,0,400
2024-02-18 00:00:00+00:00,2.6,0,400
2024-02-18 01:00:00+00:00,2.7,0,400
2024-02-18 02:00:00+00:00,2.9,0,400
2024-02-18 03:00:00+00:00,2.5,0,400
2024-02-18 04:00:00+00:00,2.8,0,400
2024-02-18 05:00:00+00:00,3.1,0,400
2024-02-18 06:00:00+00:00,3.6,0,400
2024-02-18 07:00:00+00:00,3.9,0,400
2024-02-18 08:00:00+00:00,3.9,9,400
2024-02-18 09:00:00+00:00,4.3,21,400
2024-02-18 10:00:00+00:00,5,42,400
2024-02-18 11:00:00+00:00,5.5,65,400
2024-02-18 12:00:00+00:00,6.2,89,400
2024-02-18 13:00:00+00:00,6.7,46,400
2024-02-18 14:00:00+00:00,7.1,37,400
2024-02-18 15:00:00+00:00,7.3,33,400
2024-02-18 16:00:00+00:00,7.4,7,400
2024-02-18 17:00:00+00:00,7.3,0,400
2024-02-18 18:00:00+00:00,7.1,0,400
2024-02-18 19:00:00+00:00,7.1,0,400
2024-02-18 20:00:00+00:00,7.1,0,400
2024-02-18 21:00:00+00:00,6.8,0,400
2024-02-18 22:00:00+00:00,6.6,0,400
2024-02-18 23:00:00+00:00,6.6,0,400
2024-02-19 00:00:00+00:00,6.7,0,400
2024-02-19 01:00:00+00:00,6.5,0,400
2024-02-19 02:00:00+00:00,6.4,0,400
2024-02-19 03:00:00+00:00,6.1,0,400
2024-02-19 04:00:00+00:00,5.4,0,400
2024-02-19 05:00:00+00:00,4.7,0,400
2024-02-19 06:00:00+00:00,4.2,0,400
2024-02-19 07:00:00+00:00,4.1,2,400
2024-02-19 08:00:00+00:00,4.4,29,400
2024-02-19 09:00:00+00:00,4.6,65,400
2024-02-19 10:00:00+00:00,5.4,97,400
2024-02-19 11:00:00+00:00,6.9,140,400
2024-02-19 12:00:00+00:00,7.9,206,400
2024-02-19 13:00:00+00:00,8.3,176,400
2024-02-19 14:00:00+00:00,8.8,177,400
2024-02-19 15:00:00+00:00,8.6,117,400
2024-02-19 16:00:00+00:00,8.2,50,400
2024-02-19 17:00:00+00:00,7.3,6,400
2024-02-19 18:00:00+00:00,7,0,400
2024-02-19 19:00:00+00:00,6.8,0,400
2024-02-19 20:00:00+00:00,6.6,0,400
2024-02-19 21:00:00+00:00,6.6,0,400
2024-02-19 22:00:00+00:00,6.5,0,400
2024-02-19 23:00:00+00:00,6.4,0,400
2024-02-20 00:00:00+00:00,6.5,0,400
2024-02-20 01:00:00+00:00,6.6,0,400
2024-02-20 02:00:00+00:00,6.6,0,400
2024-02-20 03:00:00+00:00,6.4,0,400
2024-02-20 04:00:00+00:00,6.3,0,400
2024-02-20 05:00:00+00:00,6.1,0,400
2024-02-20 06:00:00+00:00,5.9,0,400
2024-02-20 07:00:00+00:00,5.6,9,400
2024-02-20 08:00:00+00:00,5.9,51,400
2024-02-20 09:00:00+00:00,6,82,400
2024-02-20 10:00:00+00:00,6.4,156,400
2024-02-20 11:00:00+00:00,7.1,215,400
2024-02-20 12:00:00+00:00,8.3,324,400
2024-02-20 13:00:00+00:00,8.8,326,400
2024-02-20 14:00:00+00:00,8.4,180,400
2024-02-20 15:00:00+00:00,8.1,79,400
2024-02-20 16:00:00+00:00,7.6,37,400
2024-02-20 17:00:00+00:00,7.1,4,400
2024-02-20 18:00:00+00:00,6.9,0,400
2024-02-20 19:00:00+00:00,6.9,0,400
2024-02-20 20:00:00+00:00,7.1,0,400
2024-02-20 21:00:00+00:00,7.4,0,400
2024-02-20 22:00:00+00:00,7.3,0,400
2024-02-20 23:00:00+00:00,7,0,400
2024-02-21 00:00:00+00:00,6.9,0,400
2024-02-21 01:00:00+00:00,6.9,0,400
2024-02-21 02:00:00+00:00,7.3,0,400
2024-02-21 03:00:00+00:00,7.6,0,400
2024-02-21 04:00:00+00:00,7.6,0,400
2024-02-21 05:00:00+00:00,7.1,0,400
2024-02-21 06:00:00+00:00,6.1,0,400
2024-02-21 07:00:00+00:00,5.5,7,400
2024-02-21 08:00:00+00:00,5.6,52,400
2024-02-21 09:00:00+00:00,6,122,400
2024-02-21 10:00:00+00:00,6.9,298,400
2024-02-21 11:00:00+00:00,7.3,318,400
2024-02-21 12:00:00+00:00,7.8,396,400
2024-02-21 13:00:00+00:00,8,340,400
2024-02-21 14:00:00+00:00,8.2,252,400
2024-02-21 15:00:00+00:00,8.3,122,400
2024-02-21 16:00:00+00:00,8.1,21,400
2024-02-21 17:00:00+00:00,7.9,4,400
2024-02-21 18:00:00+00:00,7.5,0,400
2024-02-21 19:00:00+00:00,7.2,0,400
2024-02-21 20:00:00+00:00,7.2,0,400
2024-02-21 21:00:00+00:00,7.3,0,400
2024-02-21 22:00:00+00:00,7,0,400
2024-02-21 23:00:00+00:00,6.6,0,400
2024-02-22 00:00:00+00:00,6.4,0,400
2024-02-22 01:00:00+00:00,6.6,0,400
2024-02-22 02:00:00+00:00,6.6,0,400
2024-02-22 03:00:00+00:00,6.4,0,400
2024-02-22 04:00:00+00:00,6.3,0,400
2024-02-22 05:00:00+00:00,6.3,0,400
2024-02-22 06:00:00+00:00,6.4,0,400
2024-02-22 07:00:00+00:00,6.5,3,400
2024-02-22 08:00:00+00:00,6.7,20,400
2024-02-22 09:00:00+00:00,7,92,400
2024-02-22 10:00:00+00:00,7.4,103,400
2024-02-22 11:00:00+00:00,7.4,100,400
2024-02-22 12:00:00+00:00,7.6,93,400
2024-02-22 13:00:00+00:00,7.8,102,400
2024-02-22 14:00:00+00:00,7.9,52,400
2024-02-22 15:00:00+00:00,8.3,61,400
2024-02-22 16:00:00+00:00,8.2,18,400
2024-02-22 17:00:00+00:00,8,4,400
2024-02-22 18:00:00+00:00,7.9,0,400
2024-02-22 19:00:00+00:00,8.1,0,400
2024-02-22 20:00:00+00:00,8.4,0,400
2024-02-22 21:00:00+00:00,8.3,0,400
2024-02-22 22:00:00+00:00,8.4,0,400
2024-02-22 23:00:00+00:00,8.8,0,400
2024-02-23 00:00:00+00:00,9.3,0,400
2024-02-23 01:00:00+00:00,9.2,0,400
2024-02-23 02:00:00+00:00,7.7,0,400
2024-02-23 03:00:00+00:00,5.5,0,400
2024-02-23 04:00:00+00:00,5,0,400
2024-02-23 05:00:00+00:00,5.8,0,400
2024-02-23 06:00:00+00:00,5.3,0,400
2024-02-23 07:00:00+00:00,4.9,5,400
2024-02-23 08:00:00+00:00,4.9,72,400
2024-02-23 09:00:00+00:00,4.9,108,400
2024-02-23 10:00:00+00:00,4.6,154,400
2024-02-23 11:00:00+00:00,5,212,400
2024-02-23 12:00:00+00:00,6.6,315,400
2024-02-23 13:00:00+00:00,6.7,188,400
2024-02-23 14:00:00+00:00,6.5,140,400
2024-02-23 15:00:00+00:00,6.5,116,400
2024-02-23 16:00:00+00:00,6.5,45,400
2024-02-23 17:00:00+00:00,6.5,7,400
2024-02-23 18:00:00+00:00,6.4,0,400
2024-02-23 19:00:00+00:00,6,0,400
2024-02-23 20:00:00+00:00,6.1,0,400
2024-02-23 21:00:00+00:00,5.6,0,400
2024-02-23 22:00:00+00:00,4.8,0,400
2024-02-23 23:00:00+00:00,4.5,0,400
2024-02-24 00:00:00+00:00,4.6,0,400
2024-02-24 01:00:00+00:00,3.7,0,400
2024-02-24 02:00:00+00:00,3.4,0,400
2024-02-24 03:00:00+00:00,3.6,0,400
2024-02-24 04:00:00+00:00,3.9,0,400
2024-02-24 05:00:00+00:00,3.6,0,400
2024-02-24 06:00:00+00:00,4,0,400
2024-02-24 07:00:00+00:00,4,8,400
2024-02-24 08:00:00+00:00,4,68,400
2024-02-24 09:00:00+00:00,4.8,199,400
2024-02-24 10:00:00+00:00,5.7,197,400
2024-02-24 11:00:00+00:00,5.9,219,400
2024-02-24 12:00:00+00:00,6.7,362,400
2024-02-24 13:00:00+00:00,7.1,391,400
2024-02-24 14:00:00+00:00,7.6,333,400
2024-02-24 15:00:00+00:00,6.9,141,400
2024-02-24 16:00:00+00:00,6.3,52,400
2024-02-24 17:00:00+00:00,6,3,400
2024-02-24 18:00:00+00:00,5.9,0,400
2024-02-24 19:00:00+00:00,5.9,0,400
2024-02-24 20:00:00+00:00,4.8,0,400
2024-02-24 21:00:00+00:00,2.2,0,400
2024-02-24 22:00:00+00:00,2.9,0,400
2024-02-24 23:00:00+00:00,3.8,0,400
2024-02-25 00:00:00+00:00,3.9,0,400
2024-02-25 01:00:00+00:00,3.3,0,400
2024-02-25 02:00:00+00:00,3.7,0,400
2024-02-25 03:00:00+00:00,3.5,0,400
2024-02-25 04:00:00+00:00,3,0,400
2024-02-25 05:00:00+00:00,2.8,0,400
2024-02-25 06:00:00+00:00,2.4,0,400
2024-02-25 07:00:00+00:00,2.6,17,400
2024-02-25 08:00:00+00:00,3,47,400
2024-02-25 09:00:00+00:00,3.7,96,400
2024-02-25 10:00:00+00:00,4.3,95,400
2024-02-25 11:00:00+00:00,4.4,83,400
2024-02-25 12:00:00+00:00,4,131,400
2024-02-25 13:00:00+00:00,4.1,146,400
2024-02-25 14:00:00+00:00,4.8,160,400
2024-02-25 15:00:00+00:00,5.2,107,400
2024-02-25 16:00:00+00:00,5.1,44,400
2024-02-25 17:00:00+00:00,4.9,2,400
2024-02-25 18:00:00+00:00,4.4,0,400
2024-02-25 19:00:00+00:00,4.1,0,400
2024-02-25 20:00:00+00:00,3.9,0,400
2024-02-25 21:00:00+00:00,3.4,0,400
2024-02-25 22:00:00+00:00,3.2,0,400
2024-02-25 23:00:00+00:00,3.1,0,400
2024-02-26 00:00:00+00:00,3.1,0,400
2024-02-26 01:00:00+00:00,3.2,0,400
2024-02-26 02:00:00+00:00,3,0,400
2024-02-26 03:00:00+00:00,2.6,0,400
2024-02-26 04:00:00+00:00,2.5,0,400
2024-02-26 05:00:00+00:00,2.4,0,400
2024-02-26 06:00:00+00:00,1.5,0,400
2024-02-26 07:00:00+00:00,1.3,9,400
2024-02-26 08:00:00+00:00,2.2,87,400
2024-02-26 09:00:00+00:00,3.2,189,400
2024-02-26 10:00:00+00:00,4.3,151,400
2024-02-26 11:00:00+00:00,4.9,182,400
2024-02-26 12:00:00+00:00,4.7,150,400
2024-02-26 13:00:00+00:00,4.7,96,400
2024-02-26 14:00:00+00:00,4.8,73,400
2024-02-26 15:00:00+00:00,5.1,119,400
2024-02-26 16:00:00+00:00,5.1,68,400
2024-02-26 17:00:00+00:00,4.4,20,400
2024-02-26 18:00:00+00:00,3.7,0,400
2024-02-26 19:00:00+00:00,3,0,400
2024-02-26 20:00:00+00:00,2.2,0,400
2024-02-26 21:00:00+00:00,2.9,0,400
2024-02-26 22:00:00+00:00,2.9,0,400
2024-02-26 23:00:00+00:00,3,0,400
2024-02-27 00:00:00+00:00,3.1,0,400
2024-02-27 01:00:00+00:00,3,0,400
2024-02-27 02:00:00+00:00,2.8,0,400
2024-02-27 03:00:00+00:00,2.9,0,400
2024-02-27 04:00:00+00:00,2.6,0,400
2024-02-27 05:00:00+00:00,1.5,0,400
2024-02-27 06:00:00+00:00,1,0,400
2024-02-27 07:00:00+00:00,1.7,6,400
2024-02-27 08:00:00+00:00,2.4,29,400
2024-02-27 09:00:00+00:00,2.4,56,400
2024-02-27 10:00:00+00:00,2.6,75,400
2024-02-27 11:00:00+00:00,2.7,84,400
2024-02-27 12:00:00+00:00,2.9,108,400
2024-02-27 13:00:00+00:00,3.2,180,400
2024-02-27 14:00:00+00:00,3.6,138,400
2024-02-27 15:00:00+00:00,3.9,85,400
2024-02-27 16:00:00+00:00,3.5,40,400
2024-02-27 17:00:00+00:00,3.2,3,400
2024-02-27 18:00:00+00:00,3.1,0,400
2024-02-27 19:00:00+00:00,3.1,0,400
2024-02-27 20:00:00+00:00,3,0,400
2024-02-27 21:00:00+00:00,2.9,0,400
2024-02-27 22:00:00+00:00,2.8,0,400
2024-02-27 23:00:00+00:00,2.4,0,400
2024-02-28 00:00:00+00:00,2.4,0,400
2024-02-28 01:00:00+00:00,2.5,0,400
2024-02-28 02:00:00+00:00,2.5,0,400
2024-02-28 03:00:00+00:00,2.4,0,400
2024-02-28 04:00:00+00:00,2.1,0,400
2024-02-28 05:00:00+00:00,1.8,0,400
2024-02-28 06:00:00+00:00,1.8,0,400
2024-02-28 07:00:00+00:00,2.2,6,400
2024-02-28 08:00:00+00:00,2.4,31,400
2024-02-28 09:00:00+00:00,2.6,51,400
2024-02-28 10:00:00+00:00,3,99,400
2024-02-28 11:00:00+00:00,3.5,114,400
2024-02-28 12:00:00+00:00,4.3,153,400
2024-02-28 13:00:00+00:00,4.8,111,400
2024-02-28 14:00:00+00:00,5.5,98,400
2024-02-28 15:00:00+00:00,5.6,86,400
2024-02-28 16:00:00+00:00,5.9,52,400
2024-02-28 17:00:00+00:00,5.7,6,400
2024-02-28 18:00:00+00:00,5.2,0,400
2024-02-28 19:00:00+00:00,4.9,0,400
2024-02-28 20:00:00+00:00,4.8,0,400
2024-02-28 21:00:00+00:00,4.8,0,400
2024-02-28 22:00:00+00:00,4.7,0,400
2024-02-28 23:00:00+00:00,4.8,0,400
2024-02-29 00:00:00+00:00,5,0,400
2024-02-29 01:00:00+00:00,4.8,0,400
2024-02-29 02:00:00+00:00,4.8,0,400
2024-02-29 03:00:00+00:00,4.7,0,400
2024-02-29 04:00:00+00:00,4.6,0,400
2024-02-29 05:00:00+00:00,4.6,0,400
2024-02-29 06:00:00+00:00,4.7,0,400
2024-02-29 07:00:00+00:00,4.7,14,400
2024-02-29 08:00:00+00:00,5,68,400
2024-02-29 09:00:00+00:00,5.5,164,400
2024-02-29 10:00:00+00:00,5.7,157,400
2024-02-29 11:00:00+00:00,6.1,142,400
2024-02-29 12:00:00+00:00,6.5,207,400
2024-02-29 13:00:00+00:00,7.8,250,400
2024-02-29 14:00:00+00:00,8.2,147,400
2024-02-29 15:00:00+00:00,8.3,105,400
2024-02-29 16:00:00+00:00,8.6,58,400
2024-02-29 17:00:00+00:00,8.5,17,400
2024-02-29 18:00:00+00:00,8.2,0,400
2024-02-29 19:00:00+00:00,8.3,0,400
2024-02-29 20:00:00+00:00,8.7,0,400
2024-02-29 21:00:00+00:00,8,0,400
2024-02-29 22:00:00+00:00,7.4,0,400
2024-02-29 23:00:00+00:00,6.7,0,400
2024-03-01 00:00:00+00:00,5.9,0,400
2024-03-01 01:00:00+00:00,5.2,0,400
2024-03-01 02:00:00+00:00,4.5,0,400
2024-03-01 03:00:00+00:00,4.1,0,400
2024-03-01 04:00:00+00:00,3.8,0,400
2024-03-01 05:00:00+00:00,3.7,0,400
2024-03-01 06:00:00+00:00,3.4,0,400
2024-03-01 07:00:00+00:00,3.4,22,400
2024-03-01 08:00:00+00:00,4,124,400
2024-03-01 09:00:00+00:00,5,249,400
2024-03-01 10:00:00+00:00,6.2,358,400
2024-03-01 11:00:00+00:00,7.3,408,400
2024-03-01 12:00:00+00:00,8.3,342,400
2024-03-01 13:00:00+00:00,8.7,191,400
2024-03-01 14:00:00+00:00,7.9,141,400
2024-03-01 15:00:00+00:00,7.5,54,400
2024-03-01 16:00:00+00:00,7.5,60,400
2024-03-01 17:00:00+00:00,7.4,23,400
2024-03-01 18:00:00+00:00,7,0,400
2024-03-01 19:00:00+00:00,6.5,0,400
2024-03-01 20:00:00+00:00,6.4,0,400
2024-03-01 21:00:00+00:00,6.3,0,400
2024-03-01 22:00:00+00:00,6.2,0,400
2024-03-01 23:00:00+00:00,7,0,400
2024-03-02 00:00:00+00:00,7.7,0,400
2024-03-02 01:00:00+00:00,6.8,0,400
2024-03-02 02:00:00+00:00,6.1,0,400
2024-03-02 03:00:00+00:00,5.5,0,400
2024-03-02 04:00:00+00:00,5.4,0,400
2024-03-02 05:00:00+00:00,5.3,0,400
2024-03-02 06:00:00+00:00,5,0,400
2024-03-02 07:00:00+00:00,5.1,7,400
2024-03-02 08:00:00+00:00,5.1,36,400
2024-03-02 09:00:00+00:00,5.8,89,400
2024-03-02 10:00:00+00:00,7,92,400
2024-03-02 11:00:00+00:00,7.8,155,400
2024-03-02 12:00:00+00:00,9.1,235,400
2024-03-02 13:00:00+00:00,9.7,196,400
2024-03-02 14:00:00+00:00,10.5,237,400
2024-03-02 15:00:00+00:00,9.8,114,400
2024-03-02 16:00:00+00:00,8.6,53,400
2024-03-02 17:00:00+00:00,7.3,23,400
2024-03-02 18:00:00+00:00,6.4,0,400
2024-03-02 19:00:00+00:00,6.2,0,400
2024-03-02 20:00:00+00:00,6.3,0,400
2024-03-02 21:00:00+00:00,5.7,0,400
2024-03-02 22:00:00+00:00,5.7,0,400
2024-03-02 23:00:00+00:00,6.1,0,400
2024-03-03 00:00:00+00:00,5.6,0,400
2024-03-03 01:00:00+00:00,5.5,0,400
2024-03-03 02:00:00+00:00,5.8,0,400
2024-03-03 03:00:00+00:00,6,0,400
2024-03-03 04:00:00+00:00,6.5,0,400
2024-03-03 05:00:00+00:00,6.6,0,400
2024-03-03 06:00:00+00:00,6.5,0,400
2024-03-03 07:00:00+00:00,6.5,6,400
2024-03-03 08:00:00+00:00,6.5,34,400
2024-03-03 09:00:00+00:00,6.6,53,400
2024-03-03 10:00:00+00:00,6.7,82,400
2024-03-03 11:00:00+00:00,6.8,99,400
2024-03-03 12:00:00+00:00,7.2,91,400
2024-03-03 13:00:00+00:00,7.8,133,400
2024-03-03 14:00:00+00:00,8.2,89,400
2024-03-03 15:00:00+00:00,7.9,55,400
2024-03-03 16:00:00+00:00,7.6,23,400
2024-03-03 17:00:00+00:00,7.2,4,400
2024-03-03 18:00:00+00:00,6.9,0,400
2024-03-03 19:00:00+00:00,6.7,0,400
2024-03-03 20:00:00+00:00,6.5,0,400
2024-03-03 21:00:00+00:00,6.2,0,400
2024-03-03 22:00:00+00:00,5.8,0,400
2024-03-03 23:00:00+00:00,5.2,0,400
2024-03-04 00:00:00+00:00,4.6,0,400
2024-03-04 01:00:00+00:00,4.7,0,400
2024-03-04 02:00:00+00:00,4.8,0,400
2024-03-04 03:00:00+00:00,4.8,0,400
2024-03-04 04:00:00+00:00,4.8,0,400
2024-03-04 05:00:00+00:00,4.7,0,400
2024-03-04 06:00:00+00:00,4.6,0,400
2024-03-04 07:00:00+00:00,4.8,6,400
2024-03-04 08:00:00+00:00,5,42,400
2024-03-04 09:00:00+00:00,5.4,99,400
2024-03-04 10:00:00+00:00,6,309,400
2024-03-04 11:00:00+00:00,7.5,434,400
2024-03-04 12:00:00+00:00,8.1,461,400
2024-03-04 13:00:00+00:00,7.9,359,400
2024-03-04 14:00:00+00:00,7.6,230,400
2024-03-04 15:00:00+00:00,7,163,400
2024-03-04 16:00:00+00:00,6.6,130,400
2024-03-04 17:00:00+00:00,5.7,30,400
2024-03-04 18:00:00+00:00,4.9,0,400
2024-03-04 19:00:00+00:00,4.3,0,400
2024-03-04 20:00:00+00:00,3.8,0,400
2024-03-04 21:00:00+00:00,3.2,0,400
2024-03-04 22:00:00+00:00,2.6,0,400
2024-03-04 23:00:00+00:00,2.1,0,400
2024-03-05 00:00:00+00:00,2.2,0,400
2024-03-05 01:00:00+00:00,1.8,0,400
2024-03-05 02:00:00+00:00,1.8,0,400
2024-03-05 03:00:00+00:00,1.7,0,400
2024-03-05 04:00:00+00:00,1.3,0,400
2024-03-05 05:00:00+00:00,0.9,0,400
2024-03-05 06:00:00+00:00,0.8,0,400
2024-03-05 07:00:00+00:00,1.1,18,400
2024-03-05 08:00:00+00:00,1.4,32,400
2024-03-05 09:00:00+00:00,2,144,400
2024-03-05 10:00:00+00:00,2.4,145,400
2024-03-05 11:00:00+00:00,2.9,165,400
2024-03-05 12:00:00+00:00,3.7,174,400
2024-03-05 13:00:00+00:00,3.1,78,400
2024-03-05 14:00:00+00:00,2.9,74,400
2024-03-05 15:00:00+00:00,2.9,36,400
2024-03-05 16:00:00+00:00,3.1,40,400
2024-03-05 17:00:00+00:00,3.2,16,400
2024-03-05 18:00:00+00:00,3.3,0,400
2024-03-05 19:00:00+00:00,3.5,0,400
2024-03-05 20:00:00+00:00,3.6,0,400
2024-03-05 21:00:00+00:00,2.9,0,400
2024-03-05 22:00:00+00:00,2.5,0,400
2024-03-05 23:00:00+00:00,2.5,0,400
2024-03-06 00:00:00+00:00,2.4,0,400
2024-03-06 01:00:00+00:00,2.1,0,400
2024-03-06 02:00:00+00:00,1.7,0,400
2024-03-06 03:00:00+00:00,1.3,0,400
2024-03-06 04:00:00+00:00,1.5,0,400
2024-03-06 05:00:00+00:00,1.7,0,400
2024-03-06 06:00:00+00:00,2,0,400
2024-03-06 07:00:00+00:00,2.3,3,400
2024-03-06 08:00:00+00:00,2.8,32,400
2024-03-06 09:00:00+00:00,3.3,41,400
2024-03-06 10:00:00+00:00,3.6,47,400
2024-03-06 11:00:00+00:00,4.1,102,400
2024-03-06 12:00:00+00:00,4.7,170,400
2024-03-06 13:00:00+00:00,5.2,213,400
2024-03-06 14:00:00+00:00,5.7,269,400
2024-03-06 15:00:00+00:00,6,169,400
2024-03-06 16:00:00+00:00,5.3,43,400
2024-03-06 17:00:00+00:00,4.6,17,400
2024-03-06 18:00:00+00:00,4.1,1,400
2024-03-06 19:00:00+00:00,3.8,0,400
2024-03-06 20:00:00+00:00,3.8,0,400
2024-03-06 21:00:00+00:00,3.8,0,400
2024-03-06 22:00:00+00:00,3.7,0,400
2024-03-06 23:00:00+00:00,3.6,0,400
2024-03-07 00:00:00+00:00,3,0,400
2024-03-07 01:00:00+00:00,1.3,0,400
2024-03-07 02:00:00+00:00,0.4,0,400
2024-03-07 03:00:00+00:00,-0.4,0,400
2024-03-07 04:00:00+00:00,-0.7,0,400
2024-03-07 05:00:00+00:00,-1,0,400
2024-03-07 06:00:00+00:00,-0.5,0,400
2024-03-07 07:00:00+00:00,0.4,14,400
2024-03-07 08:00:00+00:00,0.9,61,400
2024-03-07 09:00:00+00:00,1.3,76,400
2024-03-07 10:00:00+00:00,1.8,119,400
2024-03-07 11:00:00+00:00,2.2,156,400
2024-03-07 12:00:00+00:00,2.4,130,400
2024-03-07 13:00:00+00:00,2.8,153,400
2024-03-07 14:00:00+00:00,3.1,149,400
2024-03-07 15:00:00+00:00,3.2,151,400
2024-03-07 16:00:00+00:00,3.1,139,400
2024-03-07 17:00:00+00:00,2.6,48,400
2024-03-07 18:00:00+00:00,2.2,1,400
2024-03-07 19:00:00+00:00,1.6,0,400
2024-03-07 20:00:00+00:00,0.3,0,400
2024-03-07 21:00:00+00:00,0,0,400
2024-03-07 22:00:00+00:00,-0.8,0,400
2024-03-07 23:00:00+00:00,-0.9,0,400
2024-03-08 00:00:00+00:00,-0.7,0,400
2024-03-08 01:00:00+00:00,0.1,0,400
2024-03-08 02:00:00+00:00,-0.4,0,400
2024-03-08 03:00:00+00:00,-0.7,0,400
2024-03-08 04:00:00+00:00,-1.1,0,400
2024-03-08 05:00:00+00:00,-1.4,0,400
2024-03-08 06:00:00+00:00,-1.6,1,400
2024-03-08 07:00:00+00:00,-1.5,20,400
2024-03-08 08:00:00+00:00,-0.8,89,400
2024-03-08 09:00:00+00:00,-0.2,205,400
2024-03-08 10:00:00+00:00,1.3,437,400
2024-03-08 11:00:00+00:00,2.8,523,400
2024-03-08 12:00:00+00:00,3.3,550,400
2024-03-08 13:00:00+00:00,3.9,525,400
2024-03-08 14:00:00+00:00,4.5,456,400
2024-03-08 15:00:00+00:00,4.1,353,400
2024-03-08 16:00:00+00:00,3.4,213,400
2024-03-08 17:00:00+00:00,2.4,68,400
2024-03-08 18:00:00+00:00,1.7,1,400
2024-03-08 19:00:00+00:00,1.3,0,400
2024-03-08 20:00:00+00:00,0.5,0,400
2024-03-08 21:00:00+00:00,0.2,0,400
2024-03-08 22:00:00+00:00,0,0,400
2024-03-08 23:00:00+00:00,0.3,0,400
2024-03-09 00:00:00+00:00,0.8,0,400
2024-03-09 01:00:00+00:00,0.8,0,400
2024-03-09 02:00:00+00:00,1,0,400
2024-03-09 03:00:00+00:00,1.2,0,400
2024-03-09 04:00:00+00:00,1.4,0,400
2024-03-09 05:00:00+00:00,1.4,0,400
2024-03-09 06:00:00+00:00,1.3,0,400
2024-03-09 07:00:00+00:00,1.4,17,400
2024-03-09 08:00:00+00:00,1.7,75,400
2024-03-09 09:00:00+00:00,2.1,179,400
2024-03-09 10:00:00+00:00,3.2,375,400
2024-03-09 11:00:00+00:00,3.8,396,400
2024-03-09 12:00:00+00:00,4.2,511,400
2024-03-09 13:00:00+00:00,4.4,482,400
2024-03-09 14:00:00+00:00,4.4,421,400
2024-03-09 15:00:00+00:00,4.3,309,400
2024-03-09 16:00:00+00:00,3.6,202,400
2024-03-09 17:00:00+00:00,3,59,400
2024-03-09 18:00:00+00:00,2.4,2,400
2024-03-09 19:00:00+00:00,2.4,0,400
2024-03-09 20:00:00+00:00,1.8,0,400
2024-03-09 21:00:00+00:00,1.6,0,400
2024-03-09 22:00:00+00:00,1.4,0,400
2024-03-09 23:00:00+00:00,1.6,0,400
2024-03-10 00:00:00+00:00,1.8,0,400
2024-03-10 01:00:00+00:00,1.8,0,400
2024-03-10 02:00:00+00:00,1.7,0,400
2024-03-10 03:00:00+00:00,2,0,400
2024-03-10 04:00:00+00:00,1.9,0,400
2024-03-10 05:00:00+00:00,1.9,0,400
2024-03-10 06:00:00+00:00,1.9,0,400
2024-03-10 07:00:00+00:00,1.9,6,400
2024-03-10 08:00:00+00:00,2.1,22,400
2024-03-10 09:00:00+00:00,2.2,47,400
2024-03-10 10:00:00+00:00,2.6,73,400
2024-03-10 11:00:00+00:00,3.1,106,400
2024-03-10 12:00:00+00:00,3.5,117,400
2024-03-10 13:00:00+00:00,3.9,145,400
2024-03-10 14:00:00+00:00,4.1,92,400
2024-03-10 15:00:00+00:00,4.4,84,400
2024-03-10 16:00:00+00:00,4.6,86,400
2024-03-10 17:00:00+00:00,4.5,25,400
2024-03-10 18:00:00+00:00,3.9,0,400
2024-03-10 19:00:00+00:00,3.3,0,400
2024-03-10 20:00:00+00:00,3.1,0,400
2024-03-10 21:00:00+00:00,3.1,0,400
2024-03-10 22:00:00+00:00,3.2,0,400
2024-03-10 23:00:00+00:00,3.1,0,400
2024-03-11 00:00:00+00:00,3.2,0,400
2024-03-11 01:00:00+00:00,3.2,0,400
2024-03-11 02:00:00+00:00,3,0,400
2024-03-11 03:00:00+00:00,3.2,0,400
2024-03-11 04:00:00+00:00,3.4,0,400
2024-03-11 05:00:00+00:00,3.6,0,400
2024-03-11 06:00:00+00:00,3.3,2,400
2024-03-11 07:00:00+00:00,3.4,52,400
2024-03-11 08:00:00+00:00,3.9,152,400
2024-03-11 09:00:00+00:00,4.3,143,400
2024-03-11 10:00:00+00:00,4.6,79,400
2024-03-11 11:00:00+00:00,5,108,400
2024-03-11 12:00:00+00:00,5.4,115,400
2024-03-11 13:00:00+00:00,5.5,122,400
2024-03-11 14:00:00+00:00,5.2,67,400
2024-03-11 15:00:00+00:00,4.8,45,400
2024-03-11 16:00:00+00:00,4.1,17,400
2024-03-11 17:00:00+00:00,3.9,7,400
2024-03-11 18:00:00+00:00,3.5,0,400
2024-03-11 19:00:00+00:00,3.3,0,400
2024-03-11 20:00:00+00:00,3.2,0,400
2024-03-11 21:00:00+00:00,3.1,0,400
2024-03-11 22:00:00+00:00,3.1,0,400
2024-03-11 23:00:00+00:00,3.1,0,400
2024-03-12 00:00:00+00:00,3.1,0,400
2024-03-12 01:00:00+00:00,3,0,400
2024-03-12 02:00:00+00:00,3,0,400
2024-03-12 03:00:00+00:00,3,0,400
2024-03-12 04:00:00+00:00,3,0,400
2024-03-12 05:00:00+00:00,3,0,400
2024-03-12 06:00:00+00:00,3,0,400
2024-03-12 07:00:00+00:00,3,8,400
2024-03-12 08:00:00+00:00,3.1,15,400
2024-03-12 09:00:00+00:00,3.2,42,400
2024-03-12 10:00:00+00:00,3.4,50,400
2024-03-12 11:00:00+00:00,3.6,69,400
2024-03-12 12:00:00+00:00,4.1,110,400
2024-03-12 13:00:00+00:00,4.5,120,400
