,TagName,DateTime,Value,vValue
0,supply_air_temperature,2023-11-27 00:00:00+01:00,21.100006103515625,21.100006103515625
1,supply_air_temperature,2023-11-27 00:10:00+01:00,21.5,21.5
2,supply_air_temperature,2023-11-27 00:20:00+01:00,21.199996948242188,21.199996948242188
3,supply_air_temperature,2023-11-27 00:30:00+01:00,20.699996948242188,20.699996948242188
4,supply_air_temperature,2023-11-27 00:40:00+01:00,20.600006103515625,20.600006103515625
5,supply_air_temperature,2023-11-27 00:50:00+01:00,20.80000305175781,20.80000305175781
6,supply_air_temperature,2023-11-27 01:00:00+01:00,21.30000305175781,21.30000305175781
7,supply_air_temperature,2023-11-27 01:10:00+01:00,21.30000305175781,21.30000305175781
8,supply_air_temperature,2023-11-27 01:20:00+01:00,21.0,21.0
9,supply_air_temperature,2023-11-27 01:30:00+01:00,20.699996948242188,20.699996948242188
10,supply_air_temperature,2023-11-27 01:40:00+01:00,20.39999389648437,20.39999389648437
11,supply_air_temperature,2023-11-27 01:50:00+01:00,20.80000305175781,20.80000305175781
12,supply_air_temperature,2023-11-27 02:00:00+01:00,21.30000305175781,21.30000305175781
13,supply_air_temperature,2023-11-27 02:10:00+01:00,21.5,21.5
14,supply_air_temperature,2023-11-27 02:20:00+01:00,21.199996948242188,21.199996948242188
15,supply_air_temperature,2023-11-27 02:30:00+01:00,20.699996948242188,20.699996948242188
16,supply_air_temperature,2023-11-27 02:40:00+01:00,20.600006103515625,20.600006103515625
17,supply_air_temperature,2023-11-27 02:50:00+01:00,20.80000305175781,20.80000305175781
18,supply_air_temperature,2023-11-27 03:00:00+01:00,21.30000305175781,21.30000305175781
19,supply_air_temperature,2023-11-27 03:10:00+01:00,21.30000305175781,21.30000305175781
20,supply_air_temperature,2023-11-27 03:20:00+01:00,20.89999389648437,20.89999389648437
21,supply_air_temperature,2023-11-27 03:30:00+01:00,20.600006103515625,20.600006103515625
22,supply_air_temperature,2023-11-27 03:40:00+01:00,20.80000305175781,20.80000305175781
23,supply_air_temperature,2023-11-27 03:50:00+01:00,21.100006103515625,21.100006103515625
24,supply_air_temperature,2023-11-27 04:00:00+01:00,21.30000305175781,21.30000305175781
25,supply_air_temperature,2023-11-27 04:10:00+01:00,21.199996948242188,21.199996948242188
26,supply_air_temperature,2023-11-27 04:20:00+01:00,20.699996948242188,20.699996948242188
27,supply_air_temperature,2023-11-27 04:30:00+01:00,20.600006103515625,20.600006103515625
28,supply_air_temperature,2023-11-27 04:40:00+01:00,20.80000305175781,20.80000305175781
29,supply_air_temperature,2023-11-27 04:50:00+01:00,21.100006103515625,21.100006103515625
30,supply_air_temperature,2023-11-27 05:00:00+01:00,21.100006103515625,21.100006103515625
31,supply_air_temperature,2023-11-27 05:10:00+01:00,20.39999389648437,20.39999389648437
32,supply_air_temperature,2023-11-27 05:20:00+01:00,19.5,19.5
33,supply_air_temperature,2023-11-27 05:30:00+01:00,19.0,19.0
34,supply_air_temperature,2023-11-27 05:40:00+01:00,18.89999389648437,18.89999389648437
35,supply_air_temperature,2023-11-27 05:50:00+01:00,18.699996948242188,18.699996948242188
36,supply_air_temperature,2023-11-27 06:00:00+01:00,18.699996948242188,18.699996948242188
37,supply_air_temperature,2023-11-27 06:10:00+01:00,18.699996948242188,18.699996948242188
38,supply_air_temperature,2023-11-27 06:20:00+01:00,18.699996948242188,18.699996948242188
39,supply_air_temperature,2023-11-27 06:30:00+01:00,18.699996948242188,18.699996948242188
40,supply_air_temperature,2023-11-27 06:40:00+01:00,18.699996948242188,18.699996948242188
41,supply_air_temperature,2023-11-27 06:50:00+01:00,18.80000305175781,18.80000305175781
42,supply_air_temperature,2023-11-27 07:00:00+01:00,19.0,19.0
43,supply_air_temperature,2023-11-27 07:10:00+01:00,19.100006103515625,19.100006103515625
44,supply_air_temperature,2023-11-27 07:20:00+01:00,19.100006103515625,19.100006103515625
45,supply_air_temperature,2023-11-27 07:30:00+01:00,19.100006103515625,19.100006103515625
46,supply_air_temperature,2023-11-27 07:40:00+01:00,19.100006103515625,19.100006103515625
47,supply_air_temperature,2023-11-27 07:50:00+01:00,19.100006103515625,19.100006103515625
48,supply_air_temperature,2023-11-27 08:00:00+01:00,19.100006103515625,19.100006103515625
49,supply_air_temperature,2023-11-27 08:10:00+01:00,19.0,19.0
50,supply_air_temperature,2023-11-27 08:20:00+01:00,19.0,19.0
51,supply_air_temperature,2023-11-27 08:30:00+01:00,19.0,19.0
52,supply_air_temperature,2023-11-27 08:40:00+01:00,19.100006103515625,19.100006103515625
53,supply_air_temperature,2023-11-27 08:50:00+01:00,19.100006103515625,19.100006103515625
54,supply_air_temperature,2023-11-27 09:00:00+01:00,19.0,19.0
55,supply_air_temperature,2023-11-27 09:10:00+01:00,19.0,19.0
56,supply_air_temperature,2023-11-27 09:20:00+01:00,19.0,19.0
57,supply_air_temperature,2023-11-27 09:30:00+01:00,19.0,19.0
58,supply_air_temperature,2023-11-27 09:40:00+01:00,19.0,19.0
59,supply_air_temperature,2023-11-27 09:50:00+01:00,19.0,19.0
60,supply_air_temperature,2023-11-27 10:00:00+01:00,19.0,19.0
61,supply_air_temperature,2023-11-27 10:10:00+01:00,18.89999389648437,18.89999389648437
62,supply_air_temperature,2023-11-27 10:20:00+01:00,18.89999389648437,18.89999389648437
63,supply_air_temperature,2023-11-27 10:30:00+01:00,18.89999389648437,18.89999389648437
64,supply_air_temperature,2023-11-27 10:40:00+01:00,18.89999389648437,18.89999389648437
65,supply_air_temperature,2023-11-27 10:50:00+01:00,18.89999389648437,18.89999389648437
66,supply_air_temperature,2023-11-27 11:00:00+01:00,18.89999389648437,18.89999389648437
67,supply_air_temperature,2023-11-27 11:10:00+01:00,19.0,19.0
68,supply_air_temperature,2023-11-27 11:20:00+01:00,19.0,19.0
69,supply_air_temperature,2023-11-27 11:30:00+01:00,19.0,19.0
70,supply_air_temperature,2023-11-27 11:40:00+01:00,19.100006103515625,19.100006103515625
71,supply_air_temperature,2023-11-27 11:50:00+01:00,19.100006103515625,19.100006103515625
72,supply_air_temperature,2023-11-27 12:00:00+01:00,19.100006103515625,19.100006103515625
73,supply_air_temperature,2023-11-27 12:10:00+01:00,19.100006103515625,19.100006103515625
74,supply_air_temperature,2023-11-27 12:20:00+01:00,19.100006103515625,19.100006103515625
75,supply_air_temperature,2023-11-27 12:30:00+01:00,19.0,19.0
76,supply_air_temperature,2023-11-27 12:40:00+01:00,19.100006103515625,19.100006103515625
77,supply_air_temperature,2023-11-27 12:50:00+01:00,19.100006103515625,19.100006103515625
78,supply_air_temperature,2023-11-27 13:00:00+01:00,19.0,19.0
79,supply_air_temperature,2023-11-27 13:10:00+01:00,18.89999389648437,18.89999389648437
80,supply_air_temperature,2023-11-27 13:20:00+01:00,18.89999389648437,18.89999389648437
81,supply_air_temperature,2023-11-27 13:30:00+01:00,18.89999389648437,18.89999389648437
82,supply_air_temperature,2023-11-27 13:40:00+01:00,18.89999389648437,18.89999389648437
83,supply_air_temperature,2023-11-27 13:50:00+01:00,18.80000305175781,18.80000305175781
84,supply_air_temperature,2023-11-27 14:00:00+01:00,18.80000305175781,18.80000305175781
85,supply_air_temperature,2023-11-27 14:10:00+01:00,18.80000305175781,18.80000305175781
86,supply_air_temperature,2023-11-27 14:20:00+01:00,19.0,19.0
87,supply_air_temperature,2023-11-27 14:30:00+01:00,19.0,19.0
88,supply_air_temperature,2023-11-27 14:40:00+01:00,19.0,19.0
89,supply_air_temperature,2023-11-27 14:50:00+01:00,19.0,19.0
90,supply_air_temperature,2023-11-27 15:00:00+01:00,18.89999389648437,18.89999389648437
91,supply_air_temperature,2023-11-27 15:10:00+01:00,19.100006103515625,19.100006103515625
92,supply_air_temperature,2023-11-27 15:20:00+01:00,19.30000305175781,19.30000305175781
93,supply_air_temperature,2023-11-27 15:30:00+01:00,19.199996948242188,19.199996948242188
94,supply_air_temperature,2023-11-27 15:40:00+01:00,19.0,19.0
95,supply_air_temperature,2023-11-27 15:50:00+01:00,18.89999389648437,18.89999389648437
96,supply_air_temperature,2023-11-27 16:00:00+01:00,18.89999389648437,18.89999389648437
97,supply_air_temperature,2023-11-27 16:10:00+01:00,18.89999389648437,18.89999389648437
98,supply_air_temperature,2023-11-27 16:20:00+01:00,18.89999389648437,18.89999389648437
99,supply_air_temperature,2023-11-27 16:30:00+01:00,19.30000305175781,19.30000305175781
100,supply_air_temperature,2023-11-27 16:40:00+01:00,19.30000305175781,19.30000305175781
101,supply_air_temperature,2023-11-27 16:50:00+01:00,19.0,19.0
102,supply_air_temperature,2023-11-27 17:00:00+01:00,18.89999389648437,18.89999389648437
103,supply_air_temperature,2023-11-27 17:10:00+01:00,18.699996948242188,18.699996948242188
104,supply_air_temperature,2023-11-27 17:20:00+01:00,18.80000305175781,18.80000305175781
105,supply_air_temperature,2023-11-27 17:30:00+01:00,19.0,19.0
106,supply_air_temperature,2023-11-27 17:40:00+01:00,19.30000305175781,19.30000305175781
107,supply_air_temperature,2023-11-27 17:50:00+01:00,19.30000305175781,19.30000305175781
108,supply_air_temperature,2023-11-27 18:00:00+01:00,19.0,19.0
109,supply_air_temperature,2023-11-27 18:10:00+01:00,18.89999389648437,18.89999389648437
110,supply_air_temperature,2023-11-27 18:20:00+01:00,18.699996948242188,18.699996948242188
111,supply_air_temperature,2023-11-27 18:30:00+01:00,18.80000305175781,18.80000305175781
112,supply_air_temperature,2023-11-27 18:40:00+01:00,19.100006103515625,19.100006103515625
113,supply_air_temperature,2023-11-27 18:50:00+01:00,19.30000305175781,19.30000305175781
114,supply_air_temperature,2023-11-27 19:00:00+01:00,19.39999389648437,19.39999389648437
115,supply_air_temperature,2023-11-27 19:10:00+01:00,18.89999389648437,18.89999389648437
116,supply_air_temperature,2023-11-27 19:20:00+01:00,19.0,19.0
117,supply_air_temperature,2023-11-27 19:30:00+01:00,19.5,19.5
118,supply_air_temperature,2023-11-27 19:40:00+01:00,22.80000305175781,22.80000305175781
119,supply_air_temperature,2023-11-27 19:50:00+01:00,24.5,24.5
120,supply_air_temperature,2023-11-27 20:00:00+01:00,24.199996948242188,24.199996948242188
121,supply_air_temperature,2023-11-27 20:10:00+01:00,22.0,22.0
122,supply_air_temperature,2023-11-27 20:20:00+01:00,20.199996948242188,20.199996948242188
123,supply_air_temperature,2023-11-27 20:30:00+01:00,19.199996948242188,19.199996948242188
124,supply_air_temperature,2023-11-27 20:40:00+01:00,18.699996948242188,18.699996948242188
125,supply_air_temperature,2023-11-27 20:50:00+01:00,18.39999389648437,18.39999389648437
126,supply_air_temperature,2023-11-27 21:00:00+01:00,18.199996948242188,18.199996948242188
127,supply_air_temperature,2023-11-27 21:10:00+01:00,18.199996948242188,18.199996948242188
128,supply_air_temperature,2023-11-27 21:20:00+01:00,18.80000305175781,18.80000305175781
129,supply_air_temperature,2023-11-27 21:30:00+01:00,20.80000305175781,20.80000305175781
130,supply_air_temperature,2023-11-27 21:40:00+01:00,22.0,22.0
131,supply_air_temperature,2023-11-27 21:50:00+01:00,22.100006103515625,22.100006103515625
132,supply_air_temperature,2023-11-27 22:00:00+01:00,21.5,21.5
133,supply_air_temperature,2023-11-27 22:10:00+01:00,20.5,20.5
134,supply_air_temperature,2023-11-27 22:20:00+01:00,19.89999389648437,19.89999389648437
135,supply_air_temperature,2023-11-27 22:30:00+01:00,20.30000305175781,20.30000305175781
136,supply_air_temperature,2023-11-27 22:40:00+01:00,21.0,21.0
137,supply_air_temperature,2023-11-27 22:50:00+01:00,21.30000305175781,21.30000305175781
138,supply_air_temperature,2023-11-27 23:00:00+01:00,21.5,21.5
139,supply_air_temperature,2023-11-27 23:10:00+01:00,21.39999389648437,21.39999389648437
140,supply_air_temperature,2023-11-27 23:20:00+01:00,20.89999389648437,20.89999389648437
141,supply_air_temperature,2023-11-27 23:30:00+01:00,20.699996948242188,20.699996948242188
142,supply_air_temperature,2023-11-27 23:40:00+01:00,20.39999389648437,20.39999389648437
143,supply_air_temperature,2023-11-27 23:50:00+01:00,20.600006103515625,20.600006103515625
144,supply_air_temperature,2023-11-28 00:00:00+01:00,20.80000305175781,20.80000305175781
145,supply_air_temperature,2023-11-28 00:10:00+01:00,21.30000305175781,21.30000305175781
146,supply_air_temperature,2023-11-28 00:20:00+01:00,21.30000305175781,21.30000305175781
147,supply_air_temperature,2023-11-28 00:30:00+01:00,21.30000305175781,21.30000305175781
148,supply_air_temperature,2023-11-28 00:40:00+01:00,21.0,21.0
149,supply_air_temperature,2023-11-28 00:50:00+01:00,20.699996948242188,20.699996948242188
150,supply_air_temperature,2023-11-28 01:00:00+01:00,20.600006103515625,20.600006103515625
151,supply_air_temperature,2023-11-28 01:10:00+01:00,20.80000305175781,20.80000305175781
152,supply_air_temperature,2023-11-28 01:20:00+01:00,21.100006103515625,21.100006103515625
153,supply_air_temperature,2023-11-28 01:30:00+01:00,21.30000305175781,21.30000305175781
154,supply_air_temperature,2023-11-28 01:40:00+01:00,21.199996948242188,21.199996948242188
155,supply_air_temperature,2023-11-28 01:50:00+01:00,20.699996948242188,20.699996948242188
156,supply_air_temperature,2023-11-28 02:00:00+01:00,20.600006103515625,20.600006103515625
157,supply_air_temperature,2023-11-28 02:10:00+01:00,20.80000305175781,20.80000305175781
158,supply_air_temperature,2023-11-28 02:20:00+01:00,21.100006103515625,21.100006103515625
159,supply_air_temperature,2023-11-28 02:30:00+01:00,21.30000305175781,21.30000305175781
160,supply_air_temperature,2023-11-28 02:40:00+01:00,21.30000305175781,21.30000305175781
161,supply_air_temperature,2023-11-28 02:50:00+01:00,21.0,21.0
162,supply_air_temperature,2023-11-28 03:00:00+01:00,20.699996948242188,20.699996948242188
163,supply_air_temperature,2023-11-28 03:10:00+01:00,20.5,20.5
164,supply_air_temperature,2023-11-28 03:20:00+01:00,20.80000305175781,20.80000305175781
165,supply_air_temperature,2023-11-28 03:30:00+01:00,21.100006103515625,21.100006103515625
166,supply_air_temperature,2023-11-28 03:40:00+01:00,21.30000305175781,21.30000305175781
167,supply_air_temperature,2023-11-28 03:50:00+01:00,21.30000305175781,21.30000305175781
168,supply_air_temperature,2023-11-28 04:00:00+01:00,21.199996948242188,21.199996948242188
169,supply_air_temperature,2023-11-28 04:10:00+01:00,20.89999389648437,20.89999389648437
170,supply_air_temperature,2023-11-28 04:20:00+01:00,20.89999389648437,20.89999389648437
171,supply_air_temperature,2023-11-28 04:30:00+01:00,20.89999389648437,20.89999389648437
172,supply_air_temperature,2023-11-28 04:40:00+01:00,20.89999389648437,20.89999389648437
173,supply_air_temperature,2023-11-28 04:50:00+01:00,20.89999389648437,20.89999389648437
174,supply_air_temperature,2023-11-28 05:00:00+01:00,21.100006103515625,21.100006103515625
175,supply_air_temperature,2023-11-28 05:10:00+01:00,21.100006103515625,21.100006103515625
176,supply_air_temperature,2023-11-28 05:20:00+01:00,21.0,21.0
177,supply_air_temperature,2023-11-28 05:30:00+01:00,20.89999389648437,20.89999389648437
178,supply_air_temperature,2023-11-28 05:40:00+01:00,20.89999389648437,20.89999389648437
179,supply_air_temperature,2023-11-28 05:50:00+01:00,20.89999389648437,20.89999389648437
180,supply_air_temperature,2023-11-28 06:00:00+01:00,20.89999389648437,20.89999389648437
181,supply_air_temperature,2023-11-28 06:10:00+01:00,20.89999389648437,20.89999389648437
182,supply_air_temperature,2023-11-28 06:20:00+01:00,20.89999389648437,20.89999389648437
183,supply_air_temperature,2023-11-28 06:30:00+01:00,20.89999389648437,20.89999389648437
184,supply_air_temperature,2023-11-28 06:40:00+01:00,20.89999389648437,20.89999389648437
185,supply_air_temperature,2023-11-28 06:50:00+01:00,20.89999389648437,20.89999389648437
186,supply_air_temperature,2023-11-28 07:00:00+01:00,20.89999389648437,20.89999389648437
187,supply_air_temperature,2023-11-28 07:10:00+01:00,20.89999389648437,20.89999389648437
188,supply_air_temperature,2023-11-28 07:20:00+01:00,20.89999389648437,20.89999389648437
189,supply_air_temperature,2023-11-28 07:30:00+01:00,20.89999389648437,20.89999389648437
190,supply_air_temperature,2023-11-28 07:40:00+01:00,20.89999389648437,20.89999389648437
191,supply_air_temperature,2023-11-28 07:50:00+01:00,20.699996948242188,20.699996948242188
192,supply_air_temperature,2023-11-28 08:00:00+01:00,19.699996948242188,19.699996948242188
193,supply_air_temperature,2023-11-28 08:10:00+01:00,18.89999389648437,18.89999389648437
194,supply_air_temperature,2023-11-28 08:20:00+01:00,18.5,18.5
195,supply_air_temperature,2023-11-28 08:30:00+01:00,18.39999389648437,18.39999389648437
196,supply_air_temperature,2023-11-28 08:40:00+01:00,18.39999389648437,18.39999389648437
197,supply_air_temperature,2023-11-28 08:50:00+01:00,18.600006103515625,18.600006103515625
198,supply_air_temperature,2023-11-28 09:00:00+01:00,19.100006103515625,19.100006103515625
199,supply_air_temperature,2023-11-28 09:10:00+01:00,19.30000305175781,19.30000305175781
200,supply_air_temperature,2023-11-28 09:20:00+01:00,19.30000305175781,19.30000305175781
201,supply_air_temperature,2023-11-28 09:30:00+01:00,19.0,19.0
202,supply_air_temperature,2023-11-28 09:40:00+01:00,18.89999389648437,18.89999389648437
203,supply_air_temperature,2023-11-28 09:50:00+01:00,18.699996948242188,18.699996948242188
204,supply_air_temperature,2023-11-28 10:00:00+01:00,18.80000305175781,18.80000305175781
205,supply_air_temperature,2023-11-28 10:10:00+01:00,19.100006103515625,19.100006103515625
206,supply_air_temperature,2023-11-28 10:20:00+01:00,19.30000305175781,19.30000305175781
207,supply_air_temperature,2023-11-28 10:30:00+01:00,19.199996948242188,19.199996948242188
208,supply_air_temperature,2023-11-28 10:40:00+01:00,18.89999389648437,18.89999389648437
209,supply_air_temperature,2023-11-28 10:50:00+01:00,18.699996948242188,18.699996948242188
210,supply_air_temperature,2023-11-28 11:00:00+01:00,18.80000305175781,18.80000305175781
211,supply_air_temperature,2023-11-28 11:10:00+01:00,19.100006103515625,19.100006103515625
212,supply_air_temperature,2023-11-28 11:20:00+01:00,19.30000305175781,19.30000305175781
213,supply_air_temperature,2023-11-28 11:30:00+01:00,19.30000305175781,19.30000305175781
214,supply_air_temperature,2023-11-28 11:40:00+01:00,19.199996948242188,19.199996948242188
215,supply_air_temperature,2023-11-28 11:50:00+01:00,18.89999389648437,18.89999389648437
216,supply_air_temperature,2023-11-28 12:00:00+01:00,18.89999389648437,18.89999389648437
217,supply_air_temperature,2023-11-28 12:10:00+01:00,18.89999389648437,18.89999389648437
218,supply_air_temperature,2023-11-28 12:20:00+01:00,18.89999389648437,18.89999389648437
219,supply_air_temperature,2023-11-28 12:30:00+01:00,18.89999389648437,18.89999389648437
220,supply_air_temperature,2023-11-28 12:40:00+01:00,19.30000305175781,19.30000305175781
221,supply_air_temperature,2023-11-28 12:50:00+01:00,19.30000305175781,19.30000305175781
222,supply_air_temperature,2023-11-28 13:00:00+01:00,19.199996948242188,19.199996948242188
223,supply_air_temperature,2023-11-28 13:10:00+01:00,18.89999389648437,18.89999389648437
224,supply_air_temperature,2023-11-28 13:20:00+01:00,18.89999389648437,18.89999389648437
225,supply_air_temperature,2023-11-28 13:30:00+01:00,18.699996948242188,18.699996948242188
226,supply_air_temperature,2023-11-28 13:40:00+01:00,18.699996948242188,18.699996948242188
227,supply_air_temperature,2023-11-28 13:50:00+01:00,18.80000305175781,18.80000305175781
228,supply_air_temperature,2023-11-28 14:00:00+01:00,19.100006103515625,19.100006103515625
229,supply_air_temperature,2023-11-28 14:10:00+01:00,19.100006103515625,19.100006103515625
230,supply_air_temperature,2023-11-28 14:20:00+01:00,19.100006103515625,19.100006103515625
231,supply_air_temperature,2023-11-28 14:30:00+01:00,19.100006103515625,19.100006103515625
232,supply_air_temperature,2023-11-28 14:40:00+01:00,19.100006103515625,19.100006103515625
233,supply_air_temperature,2023-11-28 14:50:00+01:00,19.100006103515625,19.100006103515625
234,supply_air_temperature,2023-11-28 15:00:00+01:00,19.0,19.0
235,supply_air_temperature,2023-11-28 15:10:00+01:00,18.699996948242188,18.699996948242188
236,supply_air_temperature,2023-11-28 15:20:00+01:00,18.699996948242188,18.699996948242188
237,supply_air_temperature,2023-11-28 15:30:00+01:00,18.80000305175781,18.80000305175781
238,supply_air_temperature,2023-11-28 15:40:00+01:00,19.0,19.0
239,supply_air_temperature,2023-11-28 15:50:00+01:00,19.100006103515625,19.100006103515625
240,supply_air_temperature,2023-11-28 16:00:00+01:00,19.100006103515625,19.100006103515625
241,supply_air_temperature,2023-11-28 16:10:00+01:00,19.100006103515625,19.100006103515625
242,supply_air_temperature,2023-11-28 16:20:00+01:00,19.0,19.0
243,supply_air_temperature,2023-11-28 16:30:00+01:00,19.0,19.0
244,supply_air_temperature,2023-11-28 16:40:00+01:00,19.0,19.0
245,supply_air_temperature,2023-11-28 16:50:00+01:00,19.0,19.0
246,supply_air_temperature,2023-11-28 17:00:00+01:00,19.100006103515625,19.100006103515625
247,supply_air_temperature,2023-11-28 17:10:00+01:00,19.100006103515625,19.100006103515625
248,supply_air_temperature,2023-11-28 17:20:00+01:00,19.100006103515625,19.100006103515625
249,supply_air_temperature,2023-11-28 17:30:00+01:00,19.100006103515625,19.100006103515625
250,supply_air_temperature,2023-11-28 17:40:00+01:00,19.0,19.0
251,supply_air_temperature,2023-11-28 17:50:00+01:00,19.0,19.0
252,supply_air_temperature,2023-11-28 18:00:00+01:00,18.89999389648437,18.89999389648437
253,supply_air_temperature,2023-11-28 18:10:00+01:00,19.0,19.0
254,supply_air_temperature,2023-11-28 18:20:00+01:00,18.89999389648437,18.89999389648437
255,supply_air_temperature,2023-11-28 18:30:00+01:00,18.89999389648437,18.89999389648437
256,supply_air_temperature,2023-11-28 18:40:00+01:00,19.0,19.0
257,supply_air_temperature,2023-11-28 18:50:00+01:00,19.100006103515625,19.100006103515625
258,supply_air_temperature,2023-11-28 19:00:00+01:00,19.100006103515625,19.100006103515625
259,supply_air_temperature,2023-11-28 19:10:00+01:00,19.100006103515625,19.100006103515625
260,supply_air_temperature,2023-11-28 19:20:00+01:00,19.30000305175781,19.30000305175781
261,supply_air_temperature,2023-11-28 19:30:00+01:00,19.600006103515625,19.600006103515625
262,supply_air_temperature,2023-11-28 19:40:00+01:00,19.5,19.5
263,supply_air_temperature,2023-11-28 19:50:00+01:00,19.0,19.0
264,supply_air_temperature,2023-11-28 20:00:00+01:00,18.699996948242188,18.699996948242188
265,supply_air_temperature,2023-11-28 20:10:00+01:00,19.0,19.0
266,supply_air_temperature,2023-11-28 20:20:00+01:00,20.100006103515625,20.100006103515625
267,supply_air_temperature,2023-11-28 20:30:00+01:00,21.30000305175781,21.30000305175781
268,supply_air_temperature,2023-11-28 20:40:00+01:00,21.80000305175781,21.80000305175781
269,supply_air_temperature,2023-11-28 20:50:00+01:00,21.5,21.5
270,supply_air_temperature,2023-11-28 21:00:00+01:00,20.199996948242188,20.199996948242188
271,supply_air_temperature,2023-11-28 21:10:00+01:00,18.89999389648437,18.89999389648437
272,supply_air_temperature,2023-11-28 21:20:00+01:00,18.39999389648437,18.39999389648437
273,supply_air_temperature,2023-11-28 21:30:00+01:00,18.30000305175781,18.30000305175781
274,supply_air_temperature,2023-11-28 21:40:00+01:00,19.80000305175781,19.80000305175781
275,supply_air_temperature,2023-11-28 21:50:00+01:00,21.5,21.5
276,supply_air_temperature,2023-11-28 22:00:00+01:00,22.100006103515625,22.100006103515625
277,supply_air_temperature,2023-11-28 22:10:00+01:00,22.0,22.0
278,supply_air_temperature,2023-11-28 22:20:00+01:00,21.39999389648437,21.39999389648437
279,supply_air_temperature,2023-11-28 22:30:00+01:00,20.699996948242188,20.699996948242188
280,supply_air_temperature,2023-11-28 22:40:00+01:00,20.199996948242188,20.199996948242188
281,supply_air_temperature,2023-11-28 22:50:00+01:00,20.600006103515625,20.600006103515625
282,supply_air_temperature,2023-11-28 23:00:00+01:00,21.100006103515625,21.100006103515625
283,supply_air_temperature,2023-11-28 23:10:00+01:00,21.5,21.5
284,supply_air_temperature,2023-11-28 23:20:00+01:00,21.39999389648437,21.39999389648437
285,supply_air_temperature,2023-11-28 23:30:00+01:00,21.199996948242188,21.199996948242188
286,supply_air_temperature,2023-11-28 23:40:00+01:00,20.699996948242188,20.699996948242188
287,supply_air_temperature,2023-11-28 23:50:00+01:00,20.5,20.5
288,supply_air_temperature,2023-11-29 00:00:00+01:00,20.80000305175781,20.80000305175781
289,supply_air_temperature,2023-11-29 00:10:00+01:00,21.100006103515625,21.100006103515625
290,supply_air_temperature,2023-11-29 00:20:00+01:00,21.30000305175781,21.30000305175781
291,supply_air_temperature,2023-11-29 00:30:00+01:00,21.30000305175781,21.30000305175781
292,supply_air_temperature,2023-11-29 00:40:00+01:00,21.199996948242188,21.199996948242188
293,supply_air_temperature,2023-11-29 00:50:00+01:00,20.89999389648437,20.89999389648437
294,supply_air_temperature,2023-11-29 01:00:00+01:00,20.89999389648437,20.89999389648437
295,supply_air_temperature,2023-11-29 01:10:00+01:00,20.89999389648437,20.89999389648437
296,supply_air_temperature,2023-11-29 01:20:00+01:00,20.89999389648437,20.89999389648437
297,supply_air_temperature,2023-11-29 01:30:00+01:00,21.0,21.0
298,supply_air_temperature,2023-11-29 01:40:00+01:00,21.0,21.0
299,supply_air_temperature,2023-11-29 01:50:00+01:00,21.0,21.0
300,supply_air_temperature,2023-11-29 02:00:00+01:00,21.0,21.0
301,supply_air_temperature,2023-11-29 02:10:00+01:00,21.0,21.0
302,supply_air_temperature,2023-11-29 02:20:00+01:00,21.0,21.0
303,supply_air_temperature,2023-11-29 02:30:00+01:00,21.0,21.0
304,supply_air_temperature,2023-11-29 02:40:00+01:00,21.0,21.0
305,supply_air_temperature,2023-11-29 02:50:00+01:00,21.0,21.0
306,supply_air_temperature,2023-11-29 03:00:00+01:00,21.0,21.0
307,supply_air_temperature,2023-11-29 03:10:00+01:00,21.0,21.0
308,supply_air_temperature,2023-11-29 03:20:00+01:00,21.0,21.0
309,supply_air_temperature,2023-11-29 03:30:00+01:00,20.699996948242188,20.699996948242188
310,supply_air_temperature,2023-11-29 03:40:00+01:00,20.5,20.5
311,supply_air_temperature,2023-11-29 03:50:00+01:00,20.600006103515625,20.600006103515625
312,supply_air_temperature,2023-11-29 04:00:00+01:00,21.0,21.0
313,supply_air_temperature,2023-11-29 04:10:00+01:00,21.30000305175781,21.30000305175781
314,supply_air_temperature,2023-11-29 04:20:00+01:00,21.30000305175781,21.30000305175781
315,supply_air_temperature,2023-11-29 04:30:00+01:00,21.199996948242188,21.199996948242188
316,supply_air_temperature,2023-11-29 04:40:00+01:00,21.0,21.0
317,supply_air_temperature,2023-11-29 04:50:00+01:00,20.89999389648437,20.89999389648437
318,supply_air_temperature,2023-11-29 05:00:00+01:00,20.699996948242188,20.699996948242188
319,supply_air_temperature,2023-11-29 05:10:00+01:00,20.699996948242188,20.699996948242188
320,supply_air_temperature,2023-11-29 05:20:00+01:00,20.699996948242188,20.699996948242188
321,supply_air_temperature,2023-11-29 05:30:00+01:00,20.80000305175781,20.80000305175781
322,supply_air_temperature,2023-11-29 05:40:00+01:00,21.100006103515625,21.100006103515625
323,supply_air_temperature,2023-11-29 05:50:00+01:00,21.100006103515625,21.100006103515625
324,supply_air_temperature,2023-11-29 06:00:00+01:00,20.199996948242188,20.199996948242188
325,supply_air_temperature,2023-11-29 06:10:00+01:00,19.0,19.0
326,supply_air_temperature,2023-11-29 06:20:00+01:00,18.5,18.5
327,supply_air_temperature,2023-11-29 06:30:00+01:00,18.39999389648437,18.39999389648437
328,supply_air_temperature,2023-11-29 06:40:00+01:00,18.30000305175781,18.30000305175781
329,supply_air_temperature,2023-11-29 06:50:00+01:00,18.80000305175781,18.80000305175781
330,supply_air_temperature,2023-11-29 07:00:00+01:00,19.5,19.5
331,supply_air_temperature,2023-11-29 07:10:00+01:00,19.600006103515625,19.600006103515625
332,supply_air_temperature,2023-11-29 07:20:00+01:00,19.39999389648437,19.39999389648437
333,supply_air_temperature,2023-11-29 07:30:00+01:00,18.89999389648437,18.89999389648437
334,supply_air_temperature,2023-11-29 07:40:00+01:00,18.699996948242188,18.699996948242188
335,supply_air_temperature,2023-11-29 07:50:00+01:00,18.699996948242188,18.699996948242188
336,supply_air_temperature,2023-11-29 08:00:00+01:00,19.0,19.0
337,supply_air_temperature,2023-11-29 08:10:00+01:00,19.30000305175781,19.30000305175781
338,supply_air_temperature,2023-11-29 08:20:00+01:00,19.30000305175781,19.30000305175781
339,supply_air_temperature,2023-11-29 08:30:00+01:00,19.199996948242188,19.199996948242188
340,supply_air_temperature,2023-11-29 08:40:00+01:00,18.89999389648437,18.89999389648437
341,supply_air_temperature,2023-11-29 08:50:00+01:00,18.699996948242188,18.699996948242188
342,supply_air_temperature,2023-11-29 09:00:00+01:00,18.699996948242188,18.699996948242188
343,supply_air_temperature,2023-11-29 09:10:00+01:00,19.0,19.0
344,supply_air_temperature,2023-11-29 09:20:00+01:00,19.100006103515625,19.100006103515625
345,supply_air_temperature,2023-11-29 09:30:00+01:00,19.100006103515625,19.100006103515625
346,supply_air_temperature,2023-11-29 09:40:00+01:00,19.100006103515625,19.100006103515625
347,supply_air_temperature,2023-11-29 09:50:00+01:00,19.0,19.0
348,supply_air_temperature,2023-11-29 10:00:00+01:00,19.0,19.0
349,supply_air_temperature,2023-11-29 10:10:00+01:00,19.100006103515625,19.100006103515625
350,supply_air_temperature,2023-11-29 10:20:00+01:00,19.100006103515625,19.100006103515625
351,supply_air_temperature,2023-11-29 10:30:00+01:00,19.100006103515625,19.100006103515625
352,supply_air_temperature,2023-11-29 10:40:00+01:00,19.100006103515625,19.100006103515625
353,supply_air_temperature,2023-11-29 10:50:00+01:00,19.100006103515625,19.100006103515625
354,supply_air_temperature,2023-11-29 11:00:00+01:00,19.0,19.0
355,supply_air_temperature,2023-11-29 11:10:00+01:00,18.89999389648437,18.89999389648437
356,supply_air_temperature,2023-11-29 11:20:00+01:00,18.89999389648437,18.89999389648437
357,supply_air_temperature,2023-11-29 11:30:00+01:00,18.89999389648437,18.89999389648437
358,supply_air_temperature,2023-11-29 11:40:00+01:00,19.30000305175781,19.30000305175781
359,supply_air_temperature,2023-11-29 11:50:00+01:00,19.30000305175781,19.30000305175781
360,supply_air_temperature,2023-11-29 12:00:00+01:00,19.199996948242188,19.199996948242188
361,supply_air_temperature,2023-11-29 12:10:00+01:00,19.199996948242188,19.199996948242188
362,supply_air_temperature,2023-11-29 12:20:00+01:00,19.0,19.0
363,supply_air_temperature,2023-11-29 12:30:00+01:00,19.0,19.0
364,supply_air_temperature,2023-11-29 12:40:00+01:00,19.0,19.0
365,supply_air_temperature,2023-11-29 12:50:00+01:00,19.0,19.0
366,supply_air_temperature,2023-11-29 13:00:00+01:00,19.0,19.0
367,supply_air_temperature,2023-11-29 13:10:00+01:00,19.0,19.0
368,supply_air_temperature,2023-11-29 13:20:00+01:00,19.0,19.0
369,supply_air_temperature,2023-11-29 13:30:00+01:00,18.89999389648437,18.89999389648437
370,supply_air_temperature,2023-11-29 13:40:00+01:00,18.89999389648437,18.89999389648437
371,supply_air_temperature,2023-11-29 13:50:00+01:00,18.89999389648437,18.89999389648437
372,supply_air_temperature,2023-11-29 14:00:00+01:00,18.89999389648437,18.89999389648437
373,supply_air_temperature,2023-11-29 14:10:00+01:00,18.89999389648437,18.89999389648437
374,supply_air_temperature,2023-11-29 14:20:00+01:00,18.89999389648437,18.89999389648437
375,supply_air_temperature,2023-11-29 14:30:00+01:00,19.0,19.0
376,supply_air_temperature,2023-11-29 14:40:00+01:00,19.100006103515625,19.100006103515625
377,supply_air_temperature,2023-11-29 14:50:00+01:00,19.30000305175781,19.30000305175781
378,supply_air_temperature,2023-11-29 15:00:00+01:00,19.199996948242188,19.199996948242188
379,supply_air_temperature,2023-11-29 15:10:00+01:00,19.0,19.0
380,supply_air_temperature,2023-11-29 15:20:00+01:00,18.89999389648437,18.89999389648437
381,supply_air_temperature,2023-11-29 15:30:00+01:00,18.89999389648437,18.89999389648437
382,supply_air_temperature,2023-11-29 15:40:00+01:00,18.89999389648437,18.89999389648437
383,supply_air_temperature,2023-11-29 15:50:00+01:00,19.0,19.0
384,supply_air_temperature,2023-11-29 16:00:00+01:00,19.100006103515625,19.100006103515625
385,supply_air_temperature,2023-11-29 16:10:00+01:00,19.100006103515625,19.100006103515625
386,supply_air_temperature,2023-11-29 16:20:00+01:00,19.100006103515625,19.100006103515625
387,supply_air_temperature,2023-11-29 16:30:00+01:00,19.100006103515625,19.100006103515625
388,supply_air_temperature,2023-11-29 16:40:00+01:00,19.100006103515625,19.100006103515625
389,supply_air_temperature,2023-11-29 16:50:00+01:00,19.100006103515625,19.100006103515625
390,supply_air_temperature,2023-11-29 17:00:00+01:00,18.89999389648437,18.89999389648437
391,supply_air_temperature,2023-11-29 17:10:00+01:00,18.89999389648437,18.89999389648437
392,supply_air_temperature,2023-11-29 17:20:00+01:00,18.699996948242188,18.699996948242188
393,supply_air_temperature,2023-11-29 17:30:00+01:00,19.0,19.0
394,supply_air_temperature,2023-11-29 17:40:00+01:00,19.100006103515625,19.100006103515625
395,supply_air_temperature,2023-11-29 17:50:00+01:00,19.100006103515625,19.100006103515625
396,supply_air_temperature,2023-11-29 18:00:00+01:00,19.100006103515625,19.100006103515625
397,supply_air_temperature,2023-11-29 18:10:00+01:00,19.100006103515625,19.100006103515625
398,supply_air_temperature,2023-11-29 18:20:00+01:00,18.89999389648437,18.89999389648437
399,supply_air_temperature,2023-11-29 18:30:00+01:00,18.699996948242188,18.699996948242188
400,supply_air_temperature,2023-11-29 18:40:00+01:00,18.699996948242188,18.699996948242188
401,supply_air_temperature,2023-11-29 18:50:00+01:00,19.0,19.0
402,supply_air_temperature,2023-11-29 19:00:00+01:00,19.100006103515625,19.100006103515625
403,supply_air_temperature,2023-11-29 19:10:00+01:00,19.30000305175781,19.30000305175781
404,supply_air_temperature,2023-11-29 19:20:00+01:00,19.199996948242188,19.199996948242188
405,supply_air_temperature,2023-11-29 19:30:00+01:00,19.199996948242188,19.199996948242188
406,supply_air_temperature,2023-11-29 19:40:00+01:00,19.199996948242188,19.199996948242188
407,supply_air_temperature,2023-11-29 19:50:00+01:00,19.100006103515625,19.100006103515625
408,supply_air_temperature,2023-11-29 20:00:00+01:00,19.100006103515625,19.100006103515625
409,supply_air_temperature,2023-11-29 20:10:00+01:00,19.5,19.5
410,supply_air_temperature,2023-11-29 20:20:00+01:00,20.600006103515625,20.600006103515625
411,supply_air_temperature,2023-11-29 20:30:00+01:00,21.600006103515625,21.600006103515625
412,supply_air_temperature,2023-11-29 20:40:00+01:00,21.80000305175781,21.80000305175781
413,supply_air_temperature,2023-11-29 20:50:00+01:00,21.199996948242188,21.199996948242188
414,supply_air_temperature,2023-11-29 21:00:00+01:00,20.199996948242188,20.199996948242188
415,supply_air_temperature,2023-11-29 21:10:00+01:00,19.199996948242188,19.199996948242188
416,supply_air_temperature,2023-11-29 21:20:00+01:00,18.699996948242188,18.699996948242188
417,supply_air_temperature,2023-11-29 21:30:00+01:00,18.39999389648437,18.39999389648437
418,supply_air_temperature,2023-11-29 21:40:00+01:00,18.80000305175781,18.80000305175781
419,supply_air_temperature,2023-11-29 21:50:00+01:00,20.600006103515625,20.600006103515625
420,supply_air_temperature,2023-11-29 22:00:00+01:00,21.80000305175781,21.80000305175781
421,supply_air_temperature,2023-11-29 22:10:00+01:00,22.100006103515625,22.100006103515625
422,supply_air_temperature,2023-11-29 22:20:00+01:00,21.699996948242188,21.699996948242188
423,supply_air_temperature,2023-11-29 22:30:00+01:00,20.699996948242188,20.699996948242188
424,supply_air_temperature,2023-11-29 22:40:00+01:00,20.199996948242188,20.199996948242188
425,supply_air_temperature,2023-11-29 22:50:00+01:00,20.30000305175781,20.30000305175781
426,supply_air_temperature,2023-11-29 23:00:00+01:00,20.80000305175781,20.80000305175781
427,supply_air_temperature,2023-11-29 23:10:00+01:00,21.30000305175781,21.30000305175781
428,supply_air_temperature,2023-11-29 23:20:00+01:00,21.30000305175781,21.30000305175781
429,supply_air_temperature,2023-11-29 23:30:00+01:00,20.89999389648437,20.89999389648437
430,supply_air_temperature,2023-11-29 23:40:00+01:00,20.39999389648437,20.39999389648437
431,supply_air_temperature,2023-11-29 23:50:00+01:00,20.30000305175781,20.30000305175781
432,supply_air_temperature,2023-11-30 00:00:00+01:00,20.600006103515625,20.600006103515625
433,supply_air_temperature,2023-11-30 00:10:00+01:00,21.0,21.0
434,supply_air_temperature,2023-11-30 00:20:00+01:00,21.100006103515625,21.100006103515625
435,supply_air_temperature,2023-11-30 00:30:00+01:00,21.100006103515625,21.100006103515625
436,supply_air_temperature,2023-11-30 00:40:00+01:00,20.89999389648437,20.89999389648437
437,supply_air_temperature,2023-11-30 00:50:00+01:00,20.699996948242188,20.699996948242188
438,supply_air_temperature,2023-11-30 01:00:00+01:00,20.5,20.5
439,supply_air_temperature,2023-11-30 01:10:00+01:00,20.5,20.5
440,supply_air_temperature,2023-11-30 01:20:00+01:00,20.600006103515625,20.600006103515625
441,supply_air_temperature,2023-11-30 01:30:00+01:00,20.80000305175781,20.80000305175781
442,supply_air_temperature,2023-11-30 01:40:00+01:00,21.100006103515625,21.100006103515625
443,supply_air_temperature,2023-11-30 01:50:00+01:00,20.89999389648437,20.89999389648437
444,supply_air_temperature,2023-11-30 02:00:00+01:00,19.699996948242188,19.699996948242188
445,supply_air_temperature,2023-11-30 02:10:00+01:00,18.89999389648437,18.89999389648437
446,supply_air_temperature,2023-11-30 02:20:00+01:00,18.5,18.5
447,supply_air_temperature,2023-11-30 02:30:00+01:00,18.39999389648437,18.39999389648437
448,supply_air_temperature,2023-11-30 02:40:00+01:00,18.5,18.5
449,supply_air_temperature,2023-11-30 02:50:00+01:00,19.100006103515625,19.100006103515625
450,supply_air_temperature,2023-11-30 03:00:00+01:00,20.30000305175781,20.30000305175781
451,supply_air_temperature,2023-11-30 03:10:00+01:00,21.5,21.5
452,supply_air_temperature,2023-11-30 03:20:00+01:00,21.80000305175781,21.80000305175781
453,supply_air_temperature,2023-11-30 03:30:00+01:00,21.5,21.5
454,supply_air_temperature,2023-11-30 03:40:00+01:00,20.39999389648437,20.39999389648437
455,supply_air_temperature,2023-11-30 03:50:00+01:00,19.39999389648437,19.39999389648437
456,supply_air_temperature,2023-11-30 04:00:00+01:00,18.699996948242188,18.699996948242188
457,supply_air_temperature,2023-11-30 04:10:00+01:00,18.39999389648437,18.39999389648437
458,supply_air_temperature,2023-11-30 04:20:00+01:00,19.600006103515625,19.600006103515625
459,supply_air_temperature,2023-11-30 04:30:00+01:00,21.100006103515625,21.100006103515625
460,supply_air_temperature,2023-11-30 04:40:00+01:00,22.100006103515625,22.100006103515625
461,supply_air_temperature,2023-11-30 04:50:00+01:00,22.199996948242188,22.199996948242188
462,supply_air_temperature,2023-11-30 05:00:00+01:00,21.39999389648437,21.39999389648437
463,supply_air_temperature,2023-11-30 05:10:00+01:00,20.199996948242188,20.199996948242188
464,supply_air_temperature,2023-11-30 05:20:00+01:00,19.199996948242188,19.199996948242188
465,supply_air_temperature,2023-11-30 05:30:00+01:00,18.89999389648437,18.89999389648437
466,supply_air_temperature,2023-11-30 05:40:00+01:00,18.699996948242188,18.699996948242188
467,supply_air_temperature,2023-11-30 05:50:00+01:00,19.30000305175781,19.30000305175781
468,supply_air_temperature,2023-11-30 06:00:00+01:00,20.0,20.0
469,supply_air_temperature,2023-11-30 06:10:00+01:00,19.5,19.5
470,supply_air_temperature,2023-11-30 06:20:00+01:00,18.89999389648437,18.89999389648437
471,supply_air_temperature,2023-11-30 06:30:00+01:00,18.699996948242188,18.699996948242188
472,supply_air_temperature,2023-11-30 06:40:00+01:00,19.0,19.0
473,supply_air_temperature,2023-11-30 06:50:00+01:00,19.5,19.5
474,supply_air_temperature,2023-11-30 07:00:00+01:00,19.5,19.5
475,supply_air_temperature,2023-11-30 07:10:00+01:00,19.199996948242188,19.199996948242188
476,supply_air_temperature,2023-11-30 07:20:00+01:00,18.699996948242188,18.699996948242188
477,supply_air_temperature,2023-11-30 07:30:00+01:00,18.699996948242188,18.699996948242188
478,supply_air_temperature,2023-11-30 07:40:00+01:00,18.80000305175781,18.80000305175781
479,supply_air_temperature,2023-11-30 07:50:00+01:00,19.100006103515625,19.100006103515625
480,supply_air_temperature,2023-11-30 08:00:00+01:00,19.30000305175781,19.30000305175781
481,supply_air_temperature,2023-11-30 08:10:00+01:00,19.199996948242188,19.199996948242188
482,supply_air_temperature,2023-11-30 08:20:00+01:00,19.199996948242188,19.199996948242188
483,supply_air_temperature,2023-11-30 08:30:00+01:00,19.0,19.0
484,supply_air_temperature,2023-11-30 08:40:00+01:00,18.89999389648437,18.89999389648437
485,supply_air_temperature,2023-11-30 08:50:00+01:00,18.89999389648437,18.89999389648437
486,supply_air_temperature,2023-11-30 09:00:00+01:00,18.89999389648437,18.89999389648437
487,supply_air_temperature,2023-11-30 09:10:00+01:00,19.0,19.0
488,supply_air_temperature,2023-11-30 09:20:00+01:00,19.100006103515625,19.100006103515625
489,supply_air_temperature,2023-11-30 09:30:00+01:00,19.30000305175781,19.30000305175781
490,supply_air_temperature,2023-11-30 09:40:00+01:00,19.199996948242188,19.199996948242188
491,supply_air_temperature,2023-11-30 09:50:00+01:00,18.89999389648437,18.89999389648437
492,supply_air_temperature,2023-11-30 10:00:00+01:00,18.89999389648437,18.89999389648437
493,supply_air_temperature,2023-11-30 10:10:00+01:00,18.89999389648437,18.89999389648437
494,supply_air_temperature,2023-11-30 10:20:00+01:00,18.89999389648437,18.89999389648437
495,supply_air_temperature,2023-11-30 10:30:00+01:00,19.0,19.0
496,supply_air_temperature,2023-11-30 10:40:00+01:00,19.100006103515625,19.100006103515625
497,supply_air_temperature,2023-11-30 10:50:00+01:00,19.199996948242188,19.199996948242188
498,supply_air_temperature,2023-11-30 11:00:00+01:00,19.199996948242188,19.199996948242188
499,supply_air_temperature,2023-11-30 11:10:00+01:00,19.0,19.0
500,supply_air_temperature,2023-11-30 11:20:00+01:00,19.0,19.0
501,supply_air_temperature,2023-11-30 11:30:00+01:00,19.0,19.0
502,supply_air_temperature,2023-11-30 11:40:00+01:00,19.0,19.0
503,supply_air_temperature,2023-11-30 11:50:00+01:00,19.0,19.0
504,supply_air_temperature,2023-11-30 12:00:00+01:00,19.0,19.0
505,supply_air_temperature,2023-11-30 12:10:00+01:00,19.100006103515625,19.100006103515625
506,supply_air_temperature,2023-11-30 12:20:00+01:00,19.100006103515625,19.100006103515625
507,supply_air_temperature,2023-11-30 12:30:00+01:00,19.100006103515625,19.100006103515625
508,supply_air_temperature,2023-11-30 12:40:00+01:00,19.100006103515625,19.100006103515625
509,supply_air_temperature,2023-11-30 12:50:00+01:00,19.100006103515625,19.100006103515625
510,supply_air_temperature,2023-11-30 13:00:00+01:00,19.100006103515625,19.100006103515625
511,supply_air_temperature,2023-11-30 13:10:00+01:00,19.0,19.0
512,supply_air_temperature,2023-11-30 13:20:00+01:00,19.0,19.0
513,supply_air_temperature,2023-11-30 13:30:00+01:00,19.0,19.0
514,supply_air_temperature,2023-11-30 13:40:00+01:00,18.89999389648437,18.89999389648437
515,supply_air_temperature,2023-11-30 13:50:00+01:00,18.89999389648437,18.89999389648437
516,supply_air_temperature,2023-11-30 14:00:00+01:00,18.89999389648437,18.89999389648437
517,supply_air_temperature,2023-11-30 14:10:00+01:00,18.89999389648437,18.89999389648437
518,supply_air_temperature,2023-11-30 14:20:00+01:00,18.89999389648437,18.89999389648437
519,supply_air_temperature,2023-11-30 14:30:00+01:00,18.89999389648437,18.89999389648437
520,supply_air_temperature,2023-11-30 14:40:00+01:00,19.0,19.0
521,supply_air_temperature,2023-11-30 14:50:00+01:00,19.0,19.0
522,supply_air_temperature,2023-11-30 15:00:00+01:00,19.0,19.0
523,supply_air_temperature,2023-11-30 15:10:00+01:00,18.89999389648437,18.89999389648437
524,supply_air_temperature,2023-11-30 15:20:00+01:00,18.89999389648437,18.89999389648437
525,supply_air_temperature,2023-11-30 15:30:00+01:00,18.89999389648437,18.89999389648437
526,supply_air_temperature,2023-11-30 15:40:00+01:00,19.0,19.0
527,supply_air_temperature,2023-11-30 15:50:00+01:00,19.0,19.0
528,supply_air_temperature,2023-11-30 16:00:00+01:00,18.89999389648437,18.89999389648437
529,supply_air_temperature,2023-11-30 16:10:00+01:00,18.89999389648437,18.89999389648437
530,supply_air_temperature,2023-11-30 16:20:00+01:00,18.89999389648437,18.89999389648437
531,supply_air_temperature,2023-11-30 16:30:00+01:00,18.89999389648437,18.89999389648437
532,supply_air_temperature,2023-11-30 16:40:00+01:00,19.0,19.0
533,supply_air_temperature,2023-11-30 16:50:00+01:00,19.30000305175781,19.30000305175781
534,supply_air_temperature,2023-11-30 17:00:00+01:00,19.30000305175781,19.30000305175781
535,supply_air_temperature,2023-11-30 17:10:00+01:00,19.199996948242188,19.199996948242188
536,supply_air_temperature,2023-11-30 17:20:00+01:00,19.0,19.0
537,supply_air_temperature,2023-11-30 17:30:00+01:00,19.0,19.0
538,supply_air_temperature,2023-11-30 17:40:00+01:00,19.0,19.0
539,supply_air_temperature,2023-11-30 17:50:00+01:00,19.0,19.0
540,supply_air_temperature,2023-11-30 18:00:00+01:00,19.0,19.0
541,supply_air_temperature,2023-11-30 18:10:00+01:00,19.0,19.0
542,supply_air_temperature,2023-11-30 18:20:00+01:00,19.0,19.0
543,supply_air_temperature,2023-11-30 18:30:00+01:00,19.0,19.0
544,supply_air_temperature,2023-11-30 18:40:00+01:00,19.0,19.0
545,supply_air_temperature,2023-11-30 18:50:00+01:00,18.89999389648437,18.89999389648437
546,supply_air_temperature,2023-11-30 19:00:00+01:00,18.89999389648437,18.89999389648437
547,supply_air_temperature,2023-11-30 19:10:00+01:00,18.89999389648437,18.89999389648437
548,supply_air_temperature,2023-11-30 19:20:00+01:00,18.89999389648437,18.89999389648437
549,supply_air_temperature,2023-11-30 19:30:00+01:00,18.89999389648437,18.89999389648437
550,supply_air_temperature,2023-11-30 19:40:00+01:00,18.89999389648437,18.89999389648437
551,supply_air_temperature,2023-11-30 19:50:00+01:00,18.89999389648437,18.89999389648437
552,supply_air_temperature,2023-11-30 20:00:00+01:00,19.0,19.0
553,supply_air_temperature,2023-11-30 20:10:00+01:00,19.30000305175781,19.30000305175781
554,supply_air_temperature,2023-11-30 20:20:00+01:00,19.5,19.5
555,supply_air_temperature,2023-11-30 20:30:00+01:00,19.39999389648437,19.39999389648437
556,supply_air_temperature,2023-11-30 20:40:00+01:00,19.199996948242188,19.199996948242188
557,supply_air_temperature,2023-11-30 20:50:00+01:00,18.89999389648437,18.89999389648437
558,supply_air_temperature,2023-11-30 21:00:00+01:00,18.89999389648437,18.89999389648437
559,supply_air_temperature,2023-11-30 21:10:00+01:00,19.0,19.0
560,supply_air_temperature,2023-11-30 21:20:00+01:00,19.100006103515625,19.100006103515625
561,supply_air_temperature,2023-11-30 21:30:00+01:00,19.30000305175781,19.30000305175781
562,supply_air_temperature,2023-11-30 21:40:00+01:00,19.30000305175781,19.30000305175781
563,supply_air_temperature,2023-11-30 21:50:00+01:00,19.30000305175781,19.30000305175781
564,supply_air_temperature,2023-11-30 22:00:00+01:00,19.199996948242188,19.199996948242188
565,supply_air_temperature,2023-11-30 22:10:00+01:00,19.30000305175781,19.30000305175781
566,supply_air_temperature,2023-11-30 22:20:00+01:00,20.600006103515625,20.600006103515625
567,supply_air_temperature,2023-11-30 22:30:00+01:00,21.600006103515625,21.600006103515625
568,supply_air_temperature,2023-11-30 22:40:00+01:00,21.80000305175781,21.80000305175781
569,supply_air_temperature,2023-11-30 22:50:00+01:00,21.39999389648437,21.39999389648437
570,supply_air_temperature,2023-11-30 23:00:00+01:00,20.39999389648437,20.39999389648437
571,supply_air_temperature,2023-11-30 23:10:00+01:00,20.0,20.0
572,supply_air_temperature,2023-11-30 23:20:00+01:00,20.5,20.5
573,supply_air_temperature,2023-11-30 23:30:00+01:00,21.0,21.0
574,supply_air_temperature,2023-11-30 23:40:00+01:00,21.30000305175781,21.30000305175781
575,supply_air_temperature,2023-11-30 23:50:00+01:00,21.199996948242188,21.199996948242188
576,supply_air_temperature,2023-12-01 00:00:00+01:00,20.89999389648437,20.89999389648437
577,supply_air_temperature,2023-12-01 00:10:00+01:00,20.699996948242188,20.699996948242188
578,supply_air_temperature,2023-12-01 00:20:00+01:00,20.5,20.5
579,supply_air_temperature,2023-12-01 00:30:00+01:00,20.5,20.5
580,supply_air_temperature,2023-12-01 00:40:00+01:00,20.600006103515625,20.600006103515625
581,supply_air_temperature,2023-12-01 00:50:00+01:00,20.80000305175781,20.80000305175781
582,supply_air_temperature,2023-12-01 01:00:00+01:00,21.0,21.0
583,supply_air_temperature,2023-12-01 01:10:00+01:00,21.0,21.0
584,supply_air_temperature,2023-12-01 01:20:00+01:00,20.5,20.5
585,supply_air_temperature,2023-12-01 01:30:00+01:00,19.39999389648437,19.39999389648437
586,supply_air_temperature,2023-12-01 01:40:00+01:00,18.699996948242188,18.699996948242188
587,supply_air_temperature,2023-12-01 01:50:00+01:00,18.39999389648437,18.39999389648437
588,supply_air_temperature,2023-12-01 02:00:00+01:00,18.199996948242188,18.199996948242188
589,supply_air_temperature,2023-12-01 02:10:00+01:00,18.600006103515625,18.600006103515625
590,supply_air_temperature,2023-12-01 02:20:00+01:00,19.600006103515625,19.600006103515625
591,supply_air_temperature,2023-12-01 02:30:00+01:00,21.100006103515625,21.100006103515625
592,supply_air_temperature,2023-12-01 02:40:00+01:00,21.80000305175781,21.80000305175781
593,supply_air_temperature,2023-12-01 02:50:00+01:00,21.39999389648437,21.39999389648437
594,supply_air_temperature,2023-12-01 03:00:00+01:00,19.89999389648437,19.89999389648437
595,supply_air_temperature,2023-12-01 03:10:00+01:00,18.89999389648437,18.89999389648437
596,supply_air_temperature,2023-12-01 03:20:00+01:00,18.39999389648437,18.39999389648437
597,supply_air_temperature,2023-12-01 03:30:00+01:00,18.0,18.0
598,supply_air_temperature,2023-12-01 03:40:00+01:00,18.30000305175781,18.30000305175781
599,supply_air_temperature,2023-12-01 03:50:00+01:00,19.600006103515625,19.600006103515625
600,supply_air_temperature,2023-12-01 04:00:00+01:00,21.30000305175781,21.30000305175781
601,supply_air_temperature,2023-12-01 04:10:00+01:00,22.100006103515625,22.100006103515625
602,supply_air_temperature,2023-12-01 04:20:00+01:00,22.199996948242188,22.199996948242188
603,supply_air_temperature,2023-12-01 04:30:00+01:00,21.199996948242188,21.199996948242188
604,supply_air_temperature,2023-12-01 04:40:00+01:00,20.199996948242188,20.199996948242188
605,supply_air_temperature,2023-12-01 04:50:00+01:00,20.100006103515625,20.100006103515625
606,supply_air_temperature,2023-12-01 05:00:00+01:00,20.600006103515625,20.600006103515625
607,supply_air_temperature,2023-12-01 05:10:00+01:00,20.699996948242188,20.699996948242188
608,supply_air_temperature,2023-12-01 05:20:00+01:00,19.89999389648437,19.89999389648437
609,supply_air_temperature,2023-12-01 05:30:00+01:00,19.0,19.0
610,supply_air_temperature,2023-12-01 05:40:00+01:00,18.699996948242188,18.699996948242188
611,supply_air_temperature,2023-12-01 05:50:00+01:00,18.39999389648437,18.39999389648437
612,supply_air_temperature,2023-12-01 06:00:00+01:00,18.39999389648437,18.39999389648437
613,supply_air_temperature,2023-12-01 06:10:00+01:00,18.600006103515625,18.600006103515625
614,supply_air_temperature,2023-12-01 06:20:00+01:00,19.0,19.0
615,supply_air_temperature,2023-12-01 06:30:00+01:00,19.30000305175781,19.30000305175781
616,supply_air_temperature,2023-12-01 06:40:00+01:00,19.30000305175781,19.30000305175781
617,supply_air_temperature,2023-12-01 06:50:00+01:00,19.199996948242188,19.199996948242188
618,supply_air_temperature,2023-12-01 07:00:00+01:00,19.0,19.0
619,supply_air_temperature,2023-12-01 07:10:00+01:00,18.89999389648437,18.89999389648437
620,supply_air_temperature,2023-12-01 07:20:00+01:00,18.699996948242188,18.699996948242188
621,supply_air_temperature,2023-12-01 07:30:00+01:00,18.80000305175781,18.80000305175781
622,supply_air_temperature,2023-12-01 07:40:00+01:00,19.100006103515625,19.100006103515625
623,supply_air_temperature,2023-12-01 07:50:00+01:00,19.30000305175781,19.30000305175781
624,supply_air_temperature,2023-12-01 08:00:00+01:00,19.199996948242188,19.199996948242188
625,supply_air_temperature,2023-12-01 08:10:00+01:00,19.199996948242188,19.199996948242188
626,supply_air_temperature,2023-12-01 08:20:00+01:00,19.0,19.0
627,supply_air_temperature,2023-12-01 08:30:00+01:00,18.89999389648437,18.89999389648437
628,supply_air_temperature,2023-12-01 08:40:00+01:00,18.89999389648437,18.89999389648437
629,supply_air_temperature,2023-12-01 08:50:00+01:00,18.89999389648437,18.89999389648437
630,supply_air_temperature,2023-12-01 09:00:00+01:00,18.89999389648437,18.89999389648437
631,supply_air_temperature,2023-12-01 09:10:00+01:00,19.100006103515625,19.100006103515625
632,supply_air_temperature,2023-12-01 09:20:00+01:00,19.30000305175781,19.30000305175781
633,supply_air_temperature,2023-12-01 09:30:00+01:00,19.199996948242188,19.199996948242188
634,supply_air_temperature,2023-12-01 09:40:00+01:00,19.0,19.0
635,supply_air_temperature,2023-12-01 09:50:00+01:00,18.89999389648437,18.89999389648437
636,supply_air_temperature,2023-12-01 10:00:00+01:00,18.89999389648437,18.89999389648437
637,supply_air_temperature,2023-12-01 10:10:00+01:00,18.89999389648437,18.89999389648437
638,supply_air_temperature,2023-12-01 10:20:00+01:00,18.89999389648437,18.89999389648437
639,supply_air_temperature,2023-12-01 10:30:00+01:00,19.0,19.0
640,supply_air_temperature,2023-12-01 10:40:00+01:00,19.100006103515625,19.100006103515625
641,supply_air_temperature,2023-12-01 10:50:00+01:00,19.30000305175781,19.30000305175781
642,supply_air_temperature,2023-12-01 11:00:00+01:00,19.199996948242188,19.199996948242188
643,supply_air_temperature,2023-12-01 11:10:00+01:00,19.0,19.0
644,supply_air_temperature,2023-12-01 11:20:00+01:00,19.0,19.0
645,supply_air_temperature,2023-12-01 11:30:00+01:00,19.0,19.0
646,supply_air_temperature,2023-12-01 11:40:00+01:00,18.89999389648437,18.89999389648437
647,supply_air_temperature,2023-12-01 11:50:00+01:00,19.0,19.0
648,supply_air_temperature,2023-12-01 12:00:00+01:00,19.0,19.0
649,supply_air_temperature,2023-12-01 12:10:00+01:00,19.0,19.0
650,supply_air_temperature,2023-12-01 12:20:00+01:00,19.0,19.0
651,supply_air_temperature,2023-12-01 12:30:00+01:00,18.89999389648437,18.89999389648437
652,supply_air_temperature,2023-12-01 12:40:00+01:00,19.0,19.0
653,supply_air_temperature,2023-12-01 12:50:00+01:00,19.100006103515625,19.100006103515625
654,supply_air_temperature,2023-12-01 13:00:00+01:00,19.100006103515625,19.100006103515625
655,supply_air_temperature,2023-12-01 13:10:00+01:00,19.100006103515625,19.100006103515625
656,supply_air_temperature,2023-12-01 13:20:00+01:00,19.100006103515625,19.100006103515625
657,supply_air_temperature,2023-12-01 13:30:00+01:00,19.0,19.0
658,supply_air_temperature,2023-12-01 13:40:00+01:00,19.0,19.0
659,supply_air_temperature,2023-12-01 13:50:00+01:00,19.0,19.0
660,supply_air_temperature,2023-12-01 14:00:00+01:00,19.0,19.0
661,supply_air_temperature,2023-12-01 14:10:00+01:00,18.89999389648437,18.89999389648437
662,supply_air_temperature,2023-12-01 14:20:00+01:00,18.89999389648437,18.89999389648437
663,supply_air_temperature,2023-12-01 14:30:00+01:00,18.89999389648437,18.89999389648437
664,supply_air_temperature,2023-12-01 14:40:00+01:00,18.89999389648437,18.89999389648437
665,supply_air_temperature,2023-12-01 14:50:00+01:00,18.89999389648437,18.89999389648437
666,supply_air_temperature,2023-12-01 15:00:00+01:00,18.89999389648437,18.89999389648437
667,supply_air_temperature,2023-12-01 15:10:00+01:00,18.89999389648437,18.89999389648437
668,supply_air_temperature,2023-12-01 15:20:00+01:00,19.0,19.0
669,supply_air_temperature,2023-12-01 15:30:00+01:00,19.100006103515625,19.100006103515625
670,supply_air_temperature,2023-12-01 15:40:00+01:00,19.30000305175781,19.30000305175781
671,supply_air_temperature,2023-12-01 15:50:00+01:00,19.199996948242188,19.199996948242188
672,supply_air_temperature,2023-12-01 16:00:00+01:00,19.0,19.0
673,supply_air_temperature,2023-12-01 16:10:00+01:00,18.89999389648437,18.89999389648437
674,supply_air_temperature,2023-12-01 16:20:00+01:00,18.89999389648437,18.89999389648437
675,supply_air_temperature,2023-12-01 16:30:00+01:00,18.89999389648437,18.89999389648437
676,supply_air_temperature,2023-12-01 16:40:00+01:00,18.89999389648437,18.89999389648437
677,supply_air_temperature,2023-12-01 16:50:00+01:00,19.100006103515625,19.100006103515625
678,supply_air_temperature,2023-12-01 17:00:00+01:00,19.30000305175781,19.30000305175781
679,supply_air_temperature,2023-12-01 17:10:00+01:00,19.199996948242188,19.199996948242188
680,supply_air_temperature,2023-12-01 17:20:00+01:00,19.199996948242188,19.199996948242188
681,supply_air_temperature,2023-12-01 17:30:00+01:00,19.0,19.0
682,supply_air_temperature,2023-12-01 17:40:00+01:00,19.0,19.0
683,supply_air_temperature,2023-12-01 17:50:00+01:00,19.0,19.0
684,supply_air_temperature,2023-12-01 18:00:00+01:00,19.0,19.0
685,supply_air_temperature,2023-12-01 18:10:00+01:00,19.0,19.0
686,supply_air_temperature,2023-12-01 18:20:00+01:00,19.0,19.0
687,supply_air_temperature,2023-12-01 18:30:00+01:00,19.0,19.0
688,supply_air_temperature,2023-12-01 18:40:00+01:00,19.0,19.0
689,supply_air_temperature,2023-12-01 18:50:00+01:00,19.100006103515625,19.100006103515625
690,supply_air_temperature,2023-12-01 19:00:00+01:00,19.100006103515625,19.100006103515625
691,supply_air_temperature,2023-12-01 19:10:00+01:00,19.100006103515625,19.100006103515625
692,supply_air_temperature,2023-12-01 19:20:00+01:00,19.100006103515625,19.100006103515625
693,supply_air_temperature,2023-12-01 19:30:00+01:00,19.30000305175781,19.30000305175781
694,supply_air_temperature,2023-12-01 19:40:00+01:00,19.199996948242188,19.199996948242188
695,supply_air_temperature,2023-12-01 19:50:00+01:00,19.199996948242188,19.199996948242188
696,supply_air_temperature,2023-12-01 20:00:00+01:00,19.199996948242188,19.199996948242188
697,supply_air_temperature,2023-12-01 20:10:00+01:00,19.0,19.0
698,supply_air_temperature,2023-12-01 20:20:00+01:00,19.0,19.0
699,supply_air_temperature,2023-12-01 20:30:00+01:00,19.30000305175781,19.30000305175781
700,supply_air_temperature,2023-12-01 20:40:00+01:00,19.30000305175781,19.30000305175781
701,supply_air_temperature,2023-12-01 20:50:00+01:00,19.30000305175781,19.30000305175781
702,supply_air_temperature,2023-12-01 21:00:00+01:00,19.30000305175781,19.30000305175781
703,supply_air_temperature,2023-12-01 21:10:00+01:00,19.199996948242188,19.199996948242188
704,supply_air_temperature,2023-12-01 21:20:00+01:00,19.199996948242188,19.199996948242188
705,supply_air_temperature,2023-12-01 21:30:00+01:00,19.199996948242188,19.199996948242188
706,supply_air_temperature,2023-12-01 21:40:00+01:00,19.199996948242188,19.199996948242188
707,supply_air_temperature,2023-12-01 21:50:00+01:00,19.0,19.0
708,supply_air_temperature,2023-12-01 22:00:00+01:00,19.0,19.0
709,supply_air_temperature,2023-12-01 22:10:00+01:00,19.0,19.0
710,supply_air_temperature,2023-12-01 22:20:00+01:00,18.89999389648437,18.89999389648437
711,supply_air_temperature,2023-12-01 22:30:00+01:00,18.89999389648437,18.89999389648437
712,supply_air_temperature,2023-12-01 22:40:00+01:00,18.699996948242188,18.699996948242188
713,supply_air_temperature,2023-12-01 22:50:00+01:00,18.699996948242188,18.699996948242188
714,supply_air_temperature,2023-12-01 23:00:00+01:00,18.80000305175781,18.80000305175781
715,supply_air_temperature,2023-12-01 23:10:00+01:00,18.699996948242188,18.699996948242188
716,supply_air_temperature,2023-12-01 23:20:00+01:00,18.699996948242188,18.699996948242188
717,supply_air_temperature,2023-12-01 23:30:00+01:00,18.699996948242188,18.699996948242188
718,supply_air_temperature,2023-12-01 23:40:00+01:00,18.600006103515625,18.600006103515625
719,supply_air_temperature,2023-12-01 23:50:00+01:00,18.600006103515625,18.600006103515625
720,supply_air_temperature,2023-12-02 00:00:00+01:00,18.5,18.5
721,supply_air_temperature,2023-12-02 00:10:00+01:00,18.600006103515625,18.600006103515625
722,supply_air_temperature,2023-12-02 00:20:00+01:00,19.100006103515625,19.100006103515625
723,supply_air_temperature,2023-12-02 00:30:00+01:00,19.5,19.5
724,supply_air_temperature,2023-12-02 00:40:00+01:00,19.39999389648437,19.39999389648437
725,supply_air_temperature,2023-12-02 00:50:00+01:00,19.199996948242188,19.199996948242188
726,supply_air_temperature,2023-12-02 01:00:00+01:00,18.89999389648437,18.89999389648437
727,supply_air_temperature,2023-12-02 01:10:00+01:00,18.699996948242188,18.699996948242188
728,supply_air_temperature,2023-12-02 01:20:00+01:00,18.699996948242188,18.699996948242188
729,supply_air_temperature,2023-12-02 01:30:00+01:00,18.80000305175781,18.80000305175781
730,supply_air_temperature,2023-12-02 01:40:00+01:00,18.80000305175781,18.80000305175781
731,supply_air_temperature,2023-12-02 01:50:00+01:00,19.100006103515625,19.100006103515625
732,supply_air_temperature,2023-12-02 02:00:00+01:00,19.30000305175781,19.30000305175781
733,supply_air_temperature,2023-12-02 02:10:00+01:00,19.199996948242188,19.199996948242188
734,supply_air_temperature,2023-12-02 02:20:00+01:00,19.0,19.0
735,supply_air_temperature,2023-12-02 02:30:00+01:00,18.89999389648437,18.89999389648437
736,supply_air_temperature,2023-12-02 02:40:00+01:00,18.89999389648437,18.89999389648437
737,supply_air_temperature,2023-12-02 02:50:00+01:00,19.100006103515625,19.100006103515625
738,supply_air_temperature,2023-12-02 03:00:00+01:00,20.100006103515625,20.100006103515625
739,supply_air_temperature,2023-12-02 03:10:00+01:00,21.30000305175781,21.30000305175781
740,supply_air_temperature,2023-12-02 03:20:00+01:00,21.80000305175781,21.80000305175781
741,supply_air_temperature,2023-12-02 03:30:00+01:00,21.699996948242188,21.699996948242188
742,supply_air_temperature,2023-12-02 03:40:00+01:00,20.699996948242188,20.699996948242188
743,supply_air_temperature,2023-12-02 03:50:00+01:00,20.199996948242188,20.199996948242188
744,supply_air_temperature,2023-12-02 04:00:00+01:00,20.199996948242188,20.199996948242188
745,supply_air_temperature,2023-12-02 04:10:00+01:00,20.600006103515625,20.600006103515625
746,supply_air_temperature,2023-12-02 04:20:00+01:00,21.100006103515625,21.100006103515625
747,supply_air_temperature,2023-12-02 04:30:00+01:00,21.5,21.5
748,supply_air_temperature,2023-12-02 04:40:00+01:00,21.39999389648437,21.39999389648437
749,supply_air_temperature,2023-12-02 04:50:00+01:00,20.89999389648437,20.89999389648437
750,supply_air_temperature,2023-12-02 05:00:00+01:00,20.199996948242188,20.199996948242188
751,supply_air_temperature,2023-12-02 05:10:00+01:00,19.699996948242188,19.699996948242188
752,supply_air_temperature,2023-12-02 05:20:00+01:00,19.199996948242188,19.199996948242188
753,supply_air_temperature,2023-12-02 05:30:00+01:00,18.89999389648437,18.89999389648437
754,supply_air_temperature,2023-12-02 05:40:00+01:00,18.699996948242188,18.699996948242188
755,supply_air_temperature,2023-12-02 05:50:00+01:00,18.600006103515625,18.600006103515625
756,supply_air_temperature,2023-12-02 06:00:00+01:00,20.0,20.0
757,supply_air_temperature,2023-12-02 06:10:00+01:00,21.5,21.5
758,supply_air_temperature,2023-12-02 06:20:00+01:00,21.80000305175781,21.80000305175781
759,supply_air_temperature,2023-12-02 06:30:00+01:00,21.699996948242188,21.699996948242188
760,supply_air_temperature,2023-12-02 06:40:00+01:00,20.699996948242188,20.699996948242188
761,supply_air_temperature,2023-12-02 06:50:00+01:00,19.699996948242188,19.699996948242188
762,supply_air_temperature,2023-12-02 07:00:00+01:00,18.89999389648437,18.89999389648437
763,supply_air_temperature,2023-12-02 07:10:00+01:00,18.5,18.5
764,supply_air_temperature,2023-12-02 07:20:00+01:00,18.39999389648437,18.39999389648437
765,supply_air_temperature,2023-12-02 07:30:00+01:00,18.5,18.5
766,supply_air_temperature,2023-12-02 07:40:00+01:00,19.100006103515625,19.100006103515625
767,supply_air_temperature,2023-12-02 07:50:00+01:00,19.600006103515625,19.600006103515625
768,supply_air_temperature,2023-12-02 08:00:00+01:00,19.600006103515625,19.600006103515625
769,supply_air_temperature,2023-12-02 08:10:00+01:00,19.39999389648437,19.39999389648437
770,supply_air_temperature,2023-12-02 08:20:00+01:00,19.199996948242188,19.199996948242188
771,supply_air_temperature,2023-12-02 08:30:00+01:00,19.0,19.0
772,supply_air_temperature,2023-12-02 08:40:00+01:00,19.0,19.0
773,supply_air_temperature,2023-12-02 08:50:00+01:00,18.89999389648437,18.89999389648437
774,supply_air_temperature,2023-12-02 09:00:00+01:00,18.89999389648437,18.89999389648437
775,supply_air_temperature,2023-12-02 09:10:00+01:00,19.100006103515625,19.100006103515625
776,supply_air_temperature,2023-12-02 09:20:00+01:00,19.30000305175781,19.30000305175781
777,supply_air_temperature,2023-12-02 09:30:00+01:00,19.5,19.5
778,supply_air_temperature,2023-12-02 09:40:00+01:00,19.199996948242188,19.199996948242188
779,supply_air_temperature,2023-12-02 09:50:00+01:00,19.0,19.0
780,supply_air_temperature,2023-12-02 10:00:00+01:00,18.89999389648437,18.89999389648437
781,supply_air_temperature,2023-12-02 10:10:00+01:00,18.89999389648437,18.89999389648437
782,supply_air_temperature,2023-12-02 10:20:00+01:00,18.89999389648437,18.89999389648437
783,supply_air_temperature,2023-12-02 10:30:00+01:00,18.89999389648437,18.89999389648437
784,supply_air_temperature,2023-12-02 10:40:00+01:00,19.30000305175781,19.30000305175781
785,supply_air_temperature,2023-12-02 10:50:00+01:00,19.30000305175781,19.30000305175781
786,supply_air_temperature,2023-12-02 11:00:00+01:00,19.199996948242188,19.199996948242188
787,supply_air_temperature,2023-12-02 11:10:00+01:00,19.0,19.0
788,supply_air_temperature,2023-12-02 11:20:00+01:00,18.89999389648437,18.89999389648437
789,supply_air_temperature,2023-12-02 11:30:00+01:00,18.89999389648437,18.89999389648437
790,supply_air_temperature,2023-12-02 11:40:00+01:00,18.89999389648437,18.89999389648437
791,supply_air_temperature,2023-12-02 11:50:00+01:00,19.100006103515625,19.100006103515625
792,supply_air_temperature,2023-12-02 12:00:00+01:00,19.100006103515625,19.100006103515625
793,supply_air_temperature,2023-12-02 12:10:00+01:00,19.30000305175781,19.30000305175781
794,supply_air_temperature,2023-12-02 12:20:00+01:00,19.199996948242188,19.199996948242188
795,supply_air_temperature,2023-12-02 12:30:00+01:00,18.89999389648437,18.89999389648437
796,supply_air_temperature,2023-12-02 12:40:00+01:00,18.699996948242188,18.699996948242188
797,supply_air_temperature,2023-12-02 12:50:00+01:00,18.80000305175781,18.80000305175781
798,supply_air_temperature,2023-12-02 13:00:00+01:00,19.100006103515625,19.100006103515625
799,supply_air_temperature,2023-12-02 13:10:00+01:00,19.100006103515625,19.100006103515625
800,supply_air_temperature,2023-12-02 13:20:00+01:00,19.100006103515625,19.100006103515625
801,supply_air_temperature,2023-12-02 13:30:00+01:00,19.100006103515625,19.100006103515625
802,supply_air_temperature,2023-12-02 13:40:00+01:00,19.100006103515625,19.100006103515625
803,supply_air_temperature,2023-12-02 13:50:00+01:00,18.89999389648437,18.89999389648437
804,supply_air_temperature,2023-12-02 14:00:00+01:00,18.699996948242188,18.699996948242188
805,supply_air_temperature,2023-12-02 14:10:00+01:00,18.699996948242188,18.699996948242188
806,supply_air_temperature,2023-12-02 14:20:00+01:00,19.100006103515625,19.100006103515625
807,supply_air_temperature,2023-12-02 14:30:00+01:00,19.5,19.5
808,supply_air_temperature,2023-12-02 14:40:00+01:00,19.199996948242188,19.199996948242188
809,supply_air_temperature,2023-12-02 14:50:00+01:00,18.89999389648437,18.89999389648437
810,supply_air_temperature,2023-12-02 15:00:00+01:00,18.699996948242188,18.699996948242188
811,supply_air_temperature,2023-12-02 15:10:00+01:00,18.699996948242188,18.699996948242188
812,supply_air_temperature,2023-12-02 15:20:00+01:00,19.0,19.0
813,supply_air_temperature,2023-12-02 15:30:00+01:00,19.100006103515625,19.100006103515625
814,supply_air_temperature,2023-12-02 15:40:00+01:00,19.30000305175781,19.30000305175781
815,supply_air_temperature,2023-12-02 15:50:00+01:00,19.199996948242188,19.199996948242188
816,supply_air_temperature,2023-12-02 16:00:00+01:00,19.199996948242188,19.199996948242188
817,supply_air_temperature,2023-12-02 16:10:00+01:00,18.89999389648437,18.89999389648437
818,supply_air_temperature,2023-12-02 16:20:00+01:00,18.699996948242188,18.699996948242188
819,supply_air_temperature,2023-12-02 16:30:00+01:00,18.699996948242188,18.699996948242188
820,supply_air_temperature,2023-12-02 16:40:00+01:00,19.100006103515625,19.100006103515625
821,supply_air_temperature,2023-12-02 16:50:00+01:00,19.600006103515625,19.600006103515625
822,supply_air_temperature,2023-12-02 17:00:00+01:00,19.699996948242188,19.699996948242188
823,supply_air_temperature,2023-12-02 17:10:00+01:00,19.199996948242188,19.199996948242188
824,supply_air_temperature,2023-12-02 17:20:00+01:00,18.89999389648437,18.89999389648437
825,supply_air_temperature,2023-12-02 17:30:00+01:00,18.699996948242188,18.699996948242188
826,supply_air_temperature,2023-12-02 17:40:00+01:00,18.699996948242188,18.699996948242188
827,supply_air_temperature,2023-12-02 17:50:00+01:00,19.0,19.0
828,supply_air_temperature,2023-12-02 18:00:00+01:00,19.100006103515625,19.100006103515625
829,supply_air_temperature,2023-12-02 18:10:00+01:00,19.30000305175781,19.30000305175781
830,supply_air_temperature,2023-12-02 18:20:00+01:00,19.199996948242188,19.199996948242188
831,supply_air_temperature,2023-12-02 18:30:00+01:00,19.199996948242188,19.199996948242188
832,supply_air_temperature,2023-12-02 18:40:00+01:00,19.199996948242188,19.199996948242188
833,supply_air_temperature,2023-12-02 18:50:00+01:00,19.199996948242188,19.199996948242188
834,supply_air_temperature,2023-12-02 19:00:00+01:00,19.199996948242188,19.199996948242188
835,supply_air_temperature,2023-12-02 19:10:00+01:00,19.30000305175781,19.30000305175781
836,supply_air_temperature,2023-12-02 19:20:00+01:00,19.5,19.5
837,supply_air_temperature,2023-12-02 19:30:00+01:00,20.5,20.5
838,supply_air_temperature,2023-12-02 19:40:00+01:00,21.600006103515625,21.600006103515625
839,supply_air_temperature,2023-12-02 19:50:00+01:00,21.80000305175781,21.80000305175781
840,supply_air_temperature,2023-12-02 20:00:00+01:00,21.39999389648437,21.39999389648437
841,supply_air_temperature,2023-12-02 20:10:00+01:00,20.39999389648437,20.39999389648437
842,supply_air_temperature,2023-12-02 20:20:00+01:00,20.0,20.0
843,supply_air_temperature,2023-12-02 20:30:00+01:00,20.5,20.5
844,supply_air_temperature,2023-12-02 20:40:00+01:00,21.30000305175781,21.30000305175781
845,supply_air_temperature,2023-12-02 20:50:00+01:00,21.600006103515625,21.600006103515625
846,supply_air_temperature,2023-12-02 21:00:00+01:00,21.199996948242188,21.199996948242188
847,supply_air_temperature,2023-12-02 21:10:00+01:00,20.699996948242188,20.699996948242188
848,supply_air_temperature,2023-12-02 21:20:00+01:00,20.39999389648437,20.39999389648437
849,supply_air_temperature,2023-12-02 21:30:00+01:00,20.39999389648437,20.39999389648437
850,supply_air_temperature,2023-12-02 21:40:00+01:00,20.5,20.5
851,supply_air_temperature,2023-12-02 21:50:00+01:00,20.80000305175781,20.80000305175781
852,supply_air_temperature,2023-12-02 22:00:00+01:00,21.100006103515625,21.100006103515625
853,supply_air_temperature,2023-12-02 22:10:00+01:00,21.30000305175781,21.30000305175781
854,supply_air_temperature,2023-12-02 22:20:00+01:00,21.199996948242188,21.199996948242188
855,supply_air_temperature,2023-12-02 22:30:00+01:00,21.0,21.0
856,supply_air_temperature,2023-12-02 22:40:00+01:00,20.89999389648437,20.89999389648437
857,supply_air_temperature,2023-12-02 22:50:00+01:00,20.89999389648437,20.89999389648437
858,supply_air_temperature,2023-12-02 23:00:00+01:00,20.89999389648437,20.89999389648437
859,supply_air_temperature,2023-12-02 23:10:00+01:00,20.89999389648437,20.89999389648437
860,supply_air_temperature,2023-12-02 23:20:00+01:00,21.100006103515625,21.100006103515625
861,supply_air_temperature,2023-12-02 23:30:00+01:00,21.199996948242188,21.199996948242188
862,supply_air_temperature,2023-12-02 23:40:00+01:00,21.199996948242188,21.199996948242188
863,supply_air_temperature,2023-12-02 23:50:00+01:00,20.89999389648437,20.89999389648437
864,supply_air_temperature,2023-12-03 00:00:00+01:00,20.699996948242188,20.699996948242188
865,supply_air_temperature,2023-12-03 00:10:00+01:00,20.80000305175781,20.80000305175781
866,supply_air_temperature,2023-12-03 00:20:00+01:00,21.0,21.0
867,supply_air_temperature,2023-12-03 00:30:00+01:00,21.100006103515625,21.100006103515625
868,supply_air_temperature,2023-12-03 00:40:00+01:00,21.100006103515625,21.100006103515625
869,supply_air_temperature,2023-12-03 00:50:00+01:00,21.100006103515625,21.100006103515625
870,supply_air_temperature,2023-12-03 01:00:00+01:00,21.0,21.0
871,supply_air_temperature,2023-12-03 01:10:00+01:00,20.89999389648437,20.89999389648437
872,supply_air_temperature,2023-12-03 01:20:00+01:00,20.89999389648437,20.89999389648437
873,supply_air_temperature,2023-12-03 01:30:00+01:00,20.89999389648437,20.89999389648437
874,supply_air_temperature,2023-12-03 01:40:00+01:00,21.100006103515625,21.100006103515625
875,supply_air_temperature,2023-12-03 01:50:00+01:00,21.30000305175781,21.30000305175781
876,supply_air_temperature,2023-12-03 02:00:00+01:00,21.199996948242188,21.199996948242188
877,supply_air_temperature,2023-12-03 02:10:00+01:00,21.0,21.0
878,supply_air_temperature,2023-12-03 02:20:00+01:00,21.0,21.0
879,supply_air_temperature,2023-12-03 02:30:00+01:00,21.0,21.0
880,supply_air_temperature,2023-12-03 02:40:00+01:00,20.89999389648437,20.89999389648437
881,supply_air_temperature,2023-12-03 02:50:00+01:00,20.89999389648437,20.89999389648437
882,supply_air_temperature,2023-12-03 03:00:00+01:00,20.89999389648437,20.89999389648437
883,supply_air_temperature,2023-12-03 03:10:00+01:00,21.0,21.0
884,supply_air_temperature,2023-12-03 03:20:00+01:00,21.0,21.0
885,supply_air_temperature,2023-12-03 03:30:00+01:00,21.0,21.0
886,supply_air_temperature,2023-12-03 03:40:00+01:00,21.0,21.0
887,supply_air_temperature,2023-12-03 03:50:00+01:00,21.0,21.0
888,supply_air_temperature,2023-12-03 04:00:00+01:00,21.0,21.0
889,supply_air_temperature,2023-12-03 04:10:00+01:00,21.0,21.0
890,supply_air_temperature,2023-12-03 04:20:00+01:00,21.0,21.0
891,supply_air_temperature,2023-12-03 04:30:00+01:00,21.0,21.0
892,supply_air_temperature,2023-12-03 04:40:00+01:00,21.0,21.0
893,supply_air_temperature,2023-12-03 04:50:00+01:00,21.100006103515625,21.100006103515625
894,supply_air_temperature,2023-12-03 05:00:00+01:00,21.100006103515625,21.100006103515625
895,supply_air_temperature,2023-12-03 05:10:00+01:00,21.100006103515625,21.100006103515625
896,supply_air_temperature,2023-12-03 05:20:00+01:00,20.89999389648437,20.89999389648437
897,supply_air_temperature,2023-12-03 05:30:00+01:00,20.699996948242188,20.699996948242188
898,supply_air_temperature,2023-12-03 05:40:00+01:00,20.699996948242188,20.699996948242188
899,supply_air_temperature,2023-12-03 05:50:00+01:00,20.699996948242188,20.699996948242188
900,supply_air_temperature,2023-12-03 06:00:00+01:00,20.699996948242188,20.699996948242188
901,supply_air_temperature,2023-12-03 06:10:00+01:00,20.699996948242188,20.699996948242188
902,supply_air_temperature,2023-12-03 06:20:00+01:00,20.5,20.5
903,supply_air_temperature,2023-12-03 06:30:00+01:00,20.600006103515625,20.600006103515625
904,supply_air_temperature,2023-12-03 06:40:00+01:00,20.80000305175781,20.80000305175781
905,supply_air_temperature,2023-12-03 06:50:00+01:00,21.100006103515625,21.100006103515625
906,supply_air_temperature,2023-12-03 07:00:00+01:00,21.30000305175781,21.30000305175781
907,supply_air_temperature,2023-12-03 07:10:00+01:00,20.89999389648437,20.89999389648437
908,supply_air_temperature,2023-12-03 07:20:00+01:00,20.5,20.5
909,supply_air_temperature,2023-12-03 07:30:00+01:00,20.39999389648437,20.39999389648437
910,supply_air_temperature,2023-12-03 07:40:00+01:00,20.5,20.5
911,supply_air_temperature,2023-12-03 07:50:00+01:00,20.80000305175781,20.80000305175781
912,supply_air_temperature,2023-12-03 08:00:00+01:00,21.0,21.0
913,supply_air_temperature,2023-12-03 08:10:00+01:00,21.100006103515625,21.100006103515625
914,supply_air_temperature,2023-12-03 08:20:00+01:00,21.0,21.0
915,supply_air_temperature,2023-12-03 08:30:00+01:00,20.199996948242188,20.199996948242188
916,supply_air_temperature,2023-12-03 08:40:00+01:00,19.199996948242188,19.199996948242188
917,supply_air_temperature,2023-12-03 08:50:00+01:00,18.699996948242188,18.699996948242188
918,supply_air_temperature,2023-12-03 09:00:00+01:00,18.39999389648437,18.39999389648437
919,supply_air_temperature,2023-12-03 09:10:00+01:00,18.80000305175781,18.80000305175781
920,supply_air_temperature,2023-12-03 09:20:00+01:00,19.80000305175781,19.80000305175781
921,supply_air_temperature,2023-12-03 09:30:00+01:00,21.100006103515625,21.100006103515625
922,supply_air_temperature,2023-12-03 09:40:00+01:00,21.80000305175781,21.80000305175781
923,supply_air_temperature,2023-12-03 09:50:00+01:00,21.80000305175781,21.80000305175781
924,supply_air_temperature,2023-12-03 10:00:00+01:00,20.39999389648437,20.39999389648437
925,supply_air_temperature,2023-12-03 10:10:00+01:00,19.199996948242188,19.199996948242188
926,supply_air_temperature,2023-12-03 10:20:00+01:00,18.699996948242188,18.699996948242188
927,supply_air_temperature,2023-12-03 10:30:00+01:00,18.39999389648437,18.39999389648437
928,supply_air_temperature,2023-12-03 10:40:00+01:00,18.30000305175781,18.30000305175781
929,supply_air_temperature,2023-12-03 10:50:00+01:00,18.80000305175781,18.80000305175781
930,supply_air_temperature,2023-12-03 11:00:00+01:00,19.5,19.5
931,supply_air_temperature,2023-12-03 11:10:00+01:00,19.80000305175781,19.80000305175781
932,supply_air_temperature,2023-12-03 11:20:00+01:00,19.699996948242188,19.699996948242188
933,supply_air_temperature,2023-12-03 11:30:00+01:00,19.0,19.0
934,supply_air_temperature,2023-12-03 11:40:00+01:00,18.699996948242188,18.699996948242188
935,supply_air_temperature,2023-12-03 11:50:00+01:00,18.699996948242188,18.699996948242188
936,supply_air_temperature,2023-12-03 12:00:00+01:00,18.80000305175781,18.80000305175781
937,supply_air_temperature,2023-12-03 12:10:00+01:00,19.100006103515625,19.100006103515625
938,supply_air_temperature,2023-12-03 12:20:00+01:00,19.100006103515625,19.100006103515625
939,supply_air_temperature,2023-12-03 12:30:00+01:00,19.100006103515625,19.100006103515625
940,supply_air_temperature,2023-12-03 12:40:00+01:00,19.100006103515625,19.100006103515625
941,supply_air_temperature,2023-12-03 12:50:00+01:00,19.100006103515625,19.100006103515625
942,supply_air_temperature,2023-12-03 13:00:00+01:00,19.100006103515625,19.100006103515625
943,supply_air_temperature,2023-12-03 13:10:00+01:00,19.100006103515625,19.100006103515625
944,supply_air_temperature,2023-12-03 13:20:00+01:00,18.89999389648437,18.89999389648437
945,supply_air_temperature,2023-12-03 13:30:00+01:00,18.699996948242188,18.699996948242188
946,supply_air_temperature,2023-12-03 13:40:00+01:00,18.699996948242188,18.699996948242188
947,supply_air_temperature,2023-12-03 13:50:00+01:00,19.0,19.0
948,supply_air_temperature,2023-12-03 14:00:00+01:00,19.5,19.5
949,supply_air_temperature,2023-12-03 14:10:00+01:00,19.5,19.5
950,supply_air_temperature,2023-12-03 14:20:00+01:00,19.199996948242188,19.199996948242188
951,supply_air_temperature,2023-12-03 14:30:00+01:00,18.89999389648437,18.89999389648437
952,supply_air_temperature,2023-12-03 14:40:00+01:00,18.699996948242188,18.699996948242188
953,supply_air_temperature,2023-12-03 14:50:00+01:00,18.80000305175781,18.80000305175781
954,supply_air_temperature,2023-12-03 15:00:00+01:00,19.30000305175781,19.30000305175781
955,supply_air_temperature,2023-12-03 15:10:00+01:00,19.600006103515625,19.600006103515625
956,supply_air_temperature,2023-12-03 15:20:00+01:00,19.5,19.5
957,supply_air_temperature,2023-12-03 15:30:00+01:00,19.199996948242188,19.199996948242188
958,supply_air_temperature,2023-12-03 15:40:00+01:00,18.89999389648437,18.89999389648437
959,supply_air_temperature,2023-12-03 15:50:00+01:00,18.699996948242188,18.699996948242188
960,supply_air_temperature,2023-12-03 16:00:00+01:00,18.80000305175781,18.80000305175781
961,supply_air_temperature,2023-12-03 16:10:00+01:00,19.30000305175781,19.30000305175781
962,supply_air_temperature,2023-12-03 16:20:00+01:00,19.600006103515625,19.600006103515625
963,supply_air_temperature,2023-12-03 16:30:00+01:00,19.39999389648437,19.39999389648437
964,supply_air_temperature,2023-12-03 16:40:00+01:00,19.199996948242188,19.199996948242188
965,supply_air_temperature,2023-12-03 16:50:00+01:00,19.0,19.0
966,supply_air_temperature,2023-12-03 17:00:00+01:00,19.0,19.0
967,supply_air_temperature,2023-12-03 17:10:00+01:00,19.0,19.0
968,supply_air_temperature,2023-12-03 17:20:00+01:00,19.100006103515625,19.100006103515625
969,supply_air_temperature,2023-12-03 17:30:00+01:00,19.5,19.5
970,supply_air_temperature,2023-12-03 17:40:00+01:00,19.5,19.5
971,supply_air_temperature,2023-12-03 17:50:00+01:00,19.199996948242188,19.199996948242188
972,supply_air_temperature,2023-12-03 18:00:00+01:00,19.0,19.0
973,supply_air_temperature,2023-12-03 18:10:00+01:00,19.0,19.0
974,supply_air_temperature,2023-12-03 18:20:00+01:00,20.100006103515625,20.100006103515625
975,supply_air_temperature,2023-12-03 18:30:00+01:00,21.30000305175781,21.30000305175781
976,supply_air_temperature,2023-12-03 18:40:00+01:00,22.0,22.0
977,supply_air_temperature,2023-12-03 18:50:00+01:00,21.699996948242188,21.699996948242188
978,supply_air_temperature,2023-12-03 19:00:00+01:00,20.699996948242188,20.699996948242188
979,supply_air_temperature,2023-12-03 19:10:00+01:00,20.0,20.0
980,supply_air_temperature,2023-12-03 19:20:00+01:00,20.100006103515625,20.100006103515625
981,supply_air_temperature,2023-12-03 19:30:00+01:00,21.0,21.0
982,supply_air_temperature,2023-12-03 19:40:00+01:00,21.600006103515625,21.600006103515625
983,supply_air_temperature,2023-12-03 19:50:00+01:00,21.600006103515625,21.600006103515625
984,supply_air_temperature,2023-12-03 20:00:00+01:00,21.199996948242188,21.199996948242188
985,supply_air_temperature,2023-12-03 20:10:00+01:00,20.699996948242188,20.699996948242188
986,supply_air_temperature,2023-12-03 20:20:00+01:00,20.5,20.5
987,supply_air_temperature,2023-12-03 20:30:00+01:00,20.600006103515625,20.600006103515625
988,supply_air_temperature,2023-12-03 20:40:00+01:00,21.100006103515625,21.100006103515625
989,supply_air_temperature,2023-12-03 20:50:00+01:00,21.30000305175781,21.30000305175781
990,supply_air_temperature,2023-12-03 21:00:00+01:00,21.30000305175781,21.30000305175781
991,supply_air_temperature,2023-12-03 21:10:00+01:00,21.199996948242188,21.199996948242188
992,supply_air_temperature,2023-12-03 21:20:00+01:00,21.0,21.0
993,supply_air_temperature,2023-12-03 21:30:00+01:00,21.0,21.0
994,supply_air_temperature,2023-12-03 21:40:00+01:00,21.0,21.0
995,supply_air_temperature,2023-12-03 21:50:00+01:00,20.89999389648437,20.89999389648437
996,supply_air_temperature,2023-12-03 22:00:00+01:00,20.89999389648437,20.89999389648437
997,supply_air_temperature,2023-12-03 22:10:00+01:00,20.89999389648437,20.89999389648437
998,supply_air_temperature,2023-12-03 22:20:00+01:00,20.89999389648437,20.89999389648437
999,supply_air_temperature,2023-12-03 22:30:00+01:00,20.89999389648437,20.89999389648437
1000,supply_air_temperature,2023-12-03 22:40:00+01:00,20.89999389648437,20.89999389648437
1001,supply_air_temperature,2023-12-03 22:50:00+01:00,20.89999389648437,20.89999389648437
1002,supply_air_temperature,2023-12-03 23:00:00+01:00,21.0,21.0
1003,supply_air_temperature,2023-12-03 23:10:00+01:00,21.0,21.0
1004,supply_air_temperature,2023-12-03 23:20:00+01:00,21.0,21.0
1005,supply_air_temperature,2023-12-03 23:30:00+01:00,21.0,21.0
1006,supply_air_temperature,2023-12-03 23:40:00+01:00,21.0,21.0
1007,supply_air_temperature,2023-12-03 23:50:00+01:00,21.0,21.0
1008,supply_air_temperature,2023-12-04 00:00:00+01:00,21.0,21.0
1009,supply_air_temperature,2023-12-04 00:10:00+01:00,21.100006103515625,21.100006103515625
1010,supply_air_temperature,2023-12-04 00:20:00+01:00,21.100006103515625,21.100006103515625
1011,supply_air_temperature,2023-12-04 00:30:00+01:00,21.0,21.0
1012,supply_air_temperature,2023-12-04 00:40:00+01:00,21.0,21.0
1013,supply_air_temperature,2023-12-04 00:50:00+01:00,21.0,21.0
1014,supply_air_temperature,2023-12-04 01:00:00+01:00,21.0,21.0
1015,supply_air_temperature,2023-12-04 01:10:00+01:00,21.0,21.0
1016,supply_air_temperature,2023-12-04 01:20:00+01:00,21.0,21.0
1017,supply_air_temperature,2023-12-04 01:30:00+01:00,21.0,21.0
1018,supply_air_temperature,2023-12-04 01:40:00+01:00,21.0,21.0
1019,supply_air_temperature,2023-12-04 01:50:00+01:00,21.0,21.0
1020,supply_air_temperature,2023-12-04 02:00:00+01:00,21.0,21.0
1021,supply_air_temperature,2023-12-04 02:10:00+01:00,21.0,21.0
1022,supply_air_temperature,2023-12-04 02:20:00+01:00,21.0,21.0
1023,supply_air_temperature,2023-12-04 02:30:00+01:00,20.89999389648437,20.89999389648437
1024,supply_air_temperature,2023-12-04 02:40:00+01:00,20.89999389648437,20.89999389648437
1025,supply_air_temperature,2023-12-04 02:50:00+01:00,20.89999389648437,20.89999389648437
1026,supply_air_temperature,2023-12-04 03:00:00+01:00,21.0,21.0
1027,supply_air_temperature,2023-12-04 03:10:00+01:00,21.100006103515625,21.100006103515625
1028,supply_air_temperature,2023-12-04 03:20:00+01:00,21.100006103515625,21.100006103515625
1029,supply_air_temperature,2023-12-04 03:30:00+01:00,21.100006103515625,21.100006103515625
1030,supply_air_temperature,2023-12-04 03:40:00+01:00,21.100006103515625,21.100006103515625
1031,supply_air_temperature,2023-12-04 03:50:00+01:00,21.0,21.0
1032,supply_air_temperature,2023-12-04 04:00:00+01:00,20.89999389648437,20.89999389648437
1033,supply_air_temperature,2023-12-04 04:10:00+01:00,20.699996948242188,20.699996948242188
1034,supply_air_temperature,2023-12-04 04:20:00+01:00,20.80000305175781,20.80000305175781
1035,supply_air_temperature,2023-12-04 04:30:00+01:00,21.0,21.0
1036,supply_air_temperature,2023-12-04 04:40:00+01:00,21.30000305175781,21.30000305175781
1037,supply_air_temperature,2023-12-04 04:50:00+01:00,21.39999389648437,21.39999389648437
1038,supply_air_temperature,2023-12-04 05:00:00+01:00,21.199996948242188,21.199996948242188
1039,supply_air_temperature,2023-12-04 05:10:00+01:00,20.89999389648437,20.89999389648437
1040,supply_air_temperature,2023-12-04 05:20:00+01:00,20.699996948242188,20.699996948242188
1041,supply_air_temperature,2023-12-04 05:30:00+01:00,20.80000305175781,20.80000305175781
1042,supply_air_temperature,2023-12-04 05:40:00+01:00,21.0,21.0
1043,supply_air_temperature,2023-12-04 05:50:00+01:00,21.100006103515625,21.100006103515625
1044,supply_air_temperature,2023-12-04 06:00:00+01:00,21.100006103515625,21.100006103515625
1045,supply_air_temperature,2023-12-04 06:10:00+01:00,20.89999389648437,20.89999389648437
1046,supply_air_temperature,2023-12-04 06:20:00+01:00,20.699996948242188,20.699996948242188
1047,supply_air_temperature,2023-12-04 06:30:00+01:00,20.699996948242188,20.699996948242188
1048,supply_air_temperature,2023-12-04 06:40:00+01:00,20.699996948242188,20.699996948242188
1049,supply_air_temperature,2023-12-04 06:50:00+01:00,21.0,21.0
1050,supply_air_temperature,2023-12-04 07:00:00+01:00,21.100006103515625,21.100006103515625
1051,supply_air_temperature,2023-12-04 07:10:00+01:00,20.699996948242188,20.699996948242188
1052,supply_air_temperature,2023-12-04 07:20:00+01:00,19.5,19.5
1053,supply_air_temperature,2023-12-04 07:30:00+01:00,18.89999389648437,18.89999389648437
1054,supply_air_temperature,2023-12-04 07:40:00+01:00,18.699996948242188,18.699996948242188
1055,supply_air_temperature,2023-12-04 07:50:00+01:00,18.39999389648437,18.39999389648437
1056,supply_air_temperature,2023-12-04 08:00:00+01:00,18.5,18.5
1057,supply_air_temperature,2023-12-04 08:10:00+01:00,19.0,19.0
1058,supply_air_temperature,2023-12-04 08:20:00+01:00,19.30000305175781,19.30000305175781
1059,supply_air_temperature,2023-12-04 08:30:00+01:00,19.30000305175781,19.30000305175781
1060,supply_air_temperature,2023-12-04 08:40:00+01:00,19.0,19.0
1061,supply_air_temperature,2023-12-04 08:50:00+01:00,19.0,19.0
1062,supply_air_temperature,2023-12-04 09:00:00+01:00,18.89999389648437,18.89999389648437
1063,supply_air_temperature,2023-12-04 09:10:00+01:00,18.89999389648437,18.89999389648437
1064,supply_air_temperature,2023-12-04 09:20:00+01:00,18.89999389648437,18.89999389648437
1065,supply_air_temperature,2023-12-04 09:30:00+01:00,18.89999389648437,18.89999389648437
1066,supply_air_temperature,2023-12-04 09:40:00+01:00,18.89999389648437,18.89999389648437
1067,supply_air_temperature,2023-12-04 09:50:00+01:00,19.100006103515625,19.100006103515625
1068,supply_air_temperature,2023-12-04 10:00:00+01:00,19.30000305175781,19.30000305175781
1069,supply_air_temperature,2023-12-04 10:10:00+01:00,19.39999389648437,19.39999389648437
1070,supply_air_temperature,2023-12-04 10:20:00+01:00,19.199996948242188,19.199996948242188
1071,supply_air_temperature,2023-12-04 10:30:00+01:00,19.0,19.0
1072,supply_air_temperature,2023-12-04 10:40:00+01:00,18.89999389648437,18.89999389648437
1073,supply_air_temperature,2023-12-04 10:50:00+01:00,18.89999389648437,18.89999389648437
1074,supply_air_temperature,2023-12-04 11:00:00+01:00,18.89999389648437,18.89999389648437
1075,supply_air_temperature,2023-12-04 11:10:00+01:00,19.0,19.0
1076,supply_air_temperature,2023-12-04 11:20:00+01:00,19.100006103515625,19.100006103515625
1077,supply_air_temperature,2023-12-04 11:30:00+01:00,19.100006103515625,19.100006103515625
1078,supply_air_temperature,2023-12-04 11:40:00+01:00,19.100006103515625,19.100006103515625
1079,supply_air_temperature,2023-12-04 11:50:00+01:00,19.100006103515625,19.100006103515625
1080,supply_air_temperature,2023-12-04 12:00:00+01:00,19.100006103515625,19.100006103515625
1081,supply_air_temperature,2023-12-04 12:10:00+01:00,19.100006103515625,19.100006103515625
1082,supply_air_temperature,2023-12-04 12:20:00+01:00,19.100006103515625,19.100006103515625
1083,supply_air_temperature,2023-12-04 12:30:00+01:00,19.100006103515625,19.100006103515625
1084,supply_air_temperature,2023-12-04 12:40:00+01:00,19.100006103515625,19.100006103515625
1085,supply_air_temperature,2023-12-04 12:50:00+01:00,19.0,19.0
1086,supply_air_temperature,2023-12-04 13:00:00+01:00,19.0,19.0
1087,supply_air_temperature,2023-12-04 13:10:00+01:00,19.0,19.0
1088,supply_air_temperature,2023-12-04 13:20:00+01:00,19.0,19.0
1089,supply_air_temperature,2023-12-04 13:30:00+01:00,19.0,19.0
1090,supply_air_temperature,2023-12-04 13:40:00+01:00,19.0,19.0
1091,supply_air_temperature,2023-12-04 13:50:00+01:00,19.0,19.0
1092,supply_air_temperature,2023-12-04 14:00:00+01:00,18.89999389648437,18.89999389648437
1093,supply_air_temperature,2023-12-04 14:10:00+01:00,18.89999389648437,18.89999389648437
1094,supply_air_temperature,2023-12-04 14:20:00+01:00,18.89999389648437,18.89999389648437
1095,supply_air_temperature,2023-12-04 14:30:00+01:00,18.89999389648437,18.89999389648437
1096,supply_air_temperature,2023-12-04 14:40:00+01:00,18.89999389648437,18.89999389648437
1097,supply_air_temperature,2023-12-04 14:50:00+01:00,18.89999389648437,18.89999389648437
1098,supply_air_temperature,2023-12-04 15:00:00+01:00,19.0,19.0
1099,supply_air_temperature,2023-12-04 15:10:00+01:00,19.0,19.0
1100,supply_air_temperature,2023-12-04 15:20:00+01:00,18.89999389648437,18.89999389648437
1101,supply_air_temperature,2023-12-04 15:30:00+01:00,18.89999389648437,18.89999389648437
1102,supply_air_temperature,2023-12-04 15:40:00+01:00,18.89999389648437,18.89999389648437
1103,supply_air_temperature,2023-12-04 15:50:00+01:00,18.89999389648437,18.89999389648437
1104,supply_air_temperature,2023-12-04 16:00:00+01:00,18.89999389648437,18.89999389648437
1105,supply_air_temperature,2023-12-04 16:10:00+01:00,19.100006103515625,19.100006103515625
1106,supply_air_temperature,2023-12-04 16:20:00+01:00,19.100006103515625,19.100006103515625
1107,supply_air_temperature,2023-12-04 16:30:00+01:00,19.100006103515625,19.100006103515625
1108,supply_air_temperature,2023-12-04 16:40:00+01:00,19.100006103515625,19.100006103515625
1109,supply_air_temperature,2023-12-04 16:50:00+01:00,19.100006103515625,19.100006103515625
1110,supply_air_temperature,2023-12-04 17:00:00+01:00,19.0,19.0
1111,supply_air_temperature,2023-12-04 17:10:00+01:00,18.89999389648437,18.89999389648437
1112,supply_air_temperature,2023-12-04 17:20:00+01:00,18.89999389648437,18.89999389648437
1113,supply_air_temperature,2023-12-04 17:30:00+01:00,18.89999389648437,18.89999389648437
1114,supply_air_temperature,2023-12-04 17:40:00+01:00,19.0,19.0
1115,supply_air_temperature,2023-12-04 17:50:00+01:00,19.30000305175781,19.30000305175781
1116,supply_air_temperature,2023-12-04 18:00:00+01:00,19.30000305175781,19.30000305175781
1117,supply_air_temperature,2023-12-04 18:10:00+01:00,19.199996948242188,19.199996948242188
1118,supply_air_temperature,2023-12-04 18:20:00+01:00,19.0,19.0
1119,supply_air_temperature,2023-12-04 18:30:00+01:00,19.0,19.0
1120,supply_air_temperature,2023-12-04 18:40:00+01:00,18.89999389648437,18.89999389648437
1121,supply_air_temperature,2023-12-04 18:50:00+01:00,18.89999389648437,18.89999389648437
1122,supply_air_temperature,2023-12-04 19:00:00+01:00,18.89999389648437,18.89999389648437
1123,supply_air_temperature,2023-12-04 19:10:00+01:00,18.89999389648437,18.89999389648437
1124,supply_air_temperature,2023-12-04 19:20:00+01:00,18.89999389648437,18.89999389648437
1125,supply_air_temperature,2023-12-04 19:30:00+01:00,18.89999389648437,18.89999389648437
1126,supply_air_temperature,2023-12-04 19:40:00+01:00,19.100006103515625,19.100006103515625
1127,supply_air_temperature,2023-12-04 19:50:00+01:00,19.30000305175781,19.30000305175781
1128,supply_air_temperature,2023-12-04 20:00:00+01:00,19.30000305175781,19.30000305175781
1129,supply_air_temperature,2023-12-04 20:10:00+01:00,19.199996948242188,19.199996948242188
1130,supply_air_temperature,2023-12-04 20:20:00+01:00,18.89999389648437,18.89999389648437
1131,supply_air_temperature,2023-12-04 20:30:00+01:00,18.89999389648437,18.89999389648437
1132,supply_air_temperature,2023-12-04 20:40:00+01:00,18.89999389648437,18.89999389648437
1133,supply_air_temperature,2023-12-04 20:50:00+01:00,18.89999389648437,18.89999389648437
1134,supply_air_temperature,2023-12-04 21:00:00+01:00,19.0,19.0
1135,supply_air_temperature,2023-12-04 21:10:00+01:00,19.30000305175781,19.30000305175781
1136,supply_air_temperature,2023-12-04 21:20:00+01:00,19.30000305175781,19.30000305175781
1137,supply_air_temperature,2023-12-04 21:30:00+01:00,19.199996948242188,19.199996948242188
1138,supply_air_temperature,2023-12-04 21:40:00+01:00,18.89999389648437,18.89999389648437
1139,supply_air_temperature,2023-12-04 21:50:00+01:00,18.89999389648437,18.89999389648437
1140,supply_air_temperature,2023-12-04 22:00:00+01:00,18.89999389648437,18.89999389648437
1141,supply_air_temperature,2023-12-04 22:10:00+01:00,19.0,19.0
1142,supply_air_temperature,2023-12-04 22:20:00+01:00,19.100006103515625,19.100006103515625
1143,supply_air_temperature,2023-12-04 22:30:00+01:00,19.30000305175781,19.30000305175781
1144,supply_air_temperature,2023-12-04 22:40:00+01:00,19.30000305175781,19.30000305175781
1145,supply_air_temperature,2023-12-04 22:50:00+01:00,19.30000305175781,19.30000305175781
1146,supply_air_temperature,2023-12-04 23:00:00+01:00,19.30000305175781,19.30000305175781
1147,supply_air_temperature,2023-12-04 23:10:00+01:00,19.30000305175781,19.30000305175781
1148,supply_air_temperature,2023-12-04 23:20:00+01:00,19.199996948242188,19.199996948242188
1149,supply_air_temperature,2023-12-04 23:30:00+01:00,19.199996948242188,19.199996948242188
1150,supply_air_temperature,2023-12-04 23:40:00+01:00,18.89999389648437,18.89999389648437
1151,supply_air_temperature,2023-12-04 23:50:00+01:00,18.89999389648437,18.89999389648437
1152,supply_air_temperature,2023-12-05 00:00:00+01:00,19.100006103515625,19.100006103515625
1153,supply_air_temperature,2023-12-05 00:10:00+01:00,19.30000305175781,19.30000305175781
1154,supply_air_temperature,2023-12-05 00:20:00+01:00,19.30000305175781,19.30000305175781
1155,supply_air_temperature,2023-12-05 00:30:00+01:00,19.30000305175781,19.30000305175781
1156,supply_air_temperature,2023-12-05 00:40:00+01:00,19.30000305175781,19.30000305175781
1157,supply_air_temperature,2023-12-05 00:50:00+01:00,19.30000305175781,19.30000305175781
1158,supply_air_temperature,2023-12-05 01:00:00+01:00,19.199996948242188,19.199996948242188
1159,supply_air_temperature,2023-12-05 01:10:00+01:00,19.0,19.0
1160,supply_air_temperature,2023-12-05 01:20:00+01:00,18.89999389648437,18.89999389648437
1161,supply_air_temperature,2023-12-05 01:30:00+01:00,18.89999389648437,18.89999389648437
1162,supply_air_temperature,2023-12-05 01:40:00+01:00,18.89999389648437,18.89999389648437
1163,supply_air_temperature,2023-12-05 01:50:00+01:00,18.89999389648437,18.89999389648437
1164,supply_air_temperature,2023-12-05 02:00:00+01:00,18.89999389648437,18.89999389648437
1165,supply_air_temperature,2023-12-05 02:10:00+01:00,18.89999389648437,18.89999389648437
1166,supply_air_temperature,2023-12-05 02:20:00+01:00,18.89999389648437,18.89999389648437
1167,supply_air_temperature,2023-12-05 02:30:00+01:00,19.100006103515625,19.100006103515625
1168,supply_air_temperature,2023-12-05 02:40:00+01:00,19.100006103515625,19.100006103515625
1169,supply_air_temperature,2023-12-05 02:50:00+01:00,19.30000305175781,19.30000305175781
1170,supply_air_temperature,2023-12-05 03:00:00+01:00,19.199996948242188,19.199996948242188
1171,supply_air_temperature,2023-12-05 03:10:00+01:00,19.0,19.0
1172,supply_air_temperature,2023-12-05 03:20:00+01:00,18.89999389648437,18.89999389648437
1173,supply_air_temperature,2023-12-05 03:30:00+01:00,18.89999389648437,18.89999389648437
1174,supply_air_temperature,2023-12-05 03:40:00+01:00,19.0,19.0
1175,supply_air_temperature,2023-12-05 03:50:00+01:00,19.100006103515625,19.100006103515625
1176,supply_air_temperature,2023-12-05 04:00:00+01:00,19.100006103515625,19.100006103515625
1177,supply_air_temperature,2023-12-05 04:10:00+01:00,19.30000305175781,19.30000305175781
1178,supply_air_temperature,2023-12-05 04:20:00+01:00,19.30000305175781,19.30000305175781
1179,supply_air_temperature,2023-12-05 04:30:00+01:00,19.30000305175781,19.30000305175781
1180,supply_air_temperature,2023-12-05 04:40:00+01:00,19.30000305175781,19.30000305175781
1181,supply_air_temperature,2023-12-05 04:50:00+01:00,19.30000305175781,19.30000305175781
1182,supply_air_temperature,2023-12-05 05:00:00+01:00,19.30000305175781,19.30000305175781
1183,supply_air_temperature,2023-12-05 05:10:00+01:00,19.199996948242188,19.199996948242188
1184,supply_air_temperature,2023-12-05 05:20:00+01:00,19.0,19.0
1185,supply_air_temperature,2023-12-05 05:30:00+01:00,18.89999389648437,18.89999389648437
1186,supply_air_temperature,2023-12-05 05:40:00+01:00,18.89999389648437,18.89999389648437
1187,supply_air_temperature,2023-12-05 05:50:00+01:00,18.89999389648437,18.89999389648437
1188,supply_air_temperature,2023-12-05 06:00:00+01:00,18.89999389648437,18.89999389648437
1189,supply_air_temperature,2023-12-05 06:10:00+01:00,18.89999389648437,18.89999389648437
1190,supply_air_temperature,2023-12-05 06:20:00+01:00,18.89999389648437,18.89999389648437
1191,supply_air_temperature,2023-12-05 06:30:00+01:00,19.0,19.0
1192,supply_air_temperature,2023-12-05 06:40:00+01:00,19.100006103515625,19.100006103515625
1193,supply_air_temperature,2023-12-05 06:50:00+01:00,19.100006103515625,19.100006103515625
1194,supply_air_temperature,2023-12-05 07:00:00+01:00,19.100006103515625,19.100006103515625
1195,supply_air_temperature,2023-12-05 07:10:00+01:00,19.0,19.0
1196,supply_air_temperature,2023-12-05 07:20:00+01:00,19.0,19.0
1197,supply_air_temperature,2023-12-05 07:30:00+01:00,18.89999389648437,18.89999389648437
1198,supply_air_temperature,2023-12-05 07:40:00+01:00,18.89999389648437,18.89999389648437
1199,supply_air_temperature,2023-12-05 07:50:00+01:00,19.0,19.0
1200,supply_air_temperature,2023-12-05 08:00:00+01:00,19.0,19.0
1201,supply_air_temperature,2023-12-05 08:10:00+01:00,19.100006103515625,19.100006103515625
1202,supply_air_temperature,2023-12-05 08:20:00+01:00,19.100006103515625,19.100006103515625
1203,supply_air_temperature,2023-12-05 08:30:00+01:00,19.100006103515625,19.100006103515625
1204,supply_air_temperature,2023-12-05 08:40:00+01:00,19.100006103515625,19.100006103515625
1205,supply_air_temperature,2023-12-05 08:50:00+01:00,19.0,19.0
1206,supply_air_temperature,2023-12-05 09:00:00+01:00,18.89999389648437,18.89999389648437
1207,supply_air_temperature,2023-12-05 09:10:00+01:00,18.89999389648437,18.89999389648437
1208,supply_air_temperature,2023-12-05 09:20:00+01:00,18.89999389648437,18.89999389648437
1209,supply_air_temperature,2023-12-05 09:30:00+01:00,18.89999389648437,18.89999389648437
1210,supply_air_temperature,2023-12-05 09:40:00+01:00,19.0,19.0
1211,supply_air_temperature,2023-12-05 09:50:00+01:00,19.100006103515625,19.100006103515625
1212,supply_air_temperature,2023-12-05 10:00:00+01:00,19.100006103515625,19.100006103515625
1213,supply_air_temperature,2023-12-05 10:10:00+01:00,19.100006103515625,19.100006103515625
1214,supply_air_temperature,2023-12-05 10:20:00+01:00,19.100006103515625,19.100006103515625
1215,supply_air_temperature,2023-12-05 10:30:00+01:00,19.100006103515625,19.100006103515625
1216,supply_air_temperature,2023-12-05 10:40:00+01:00,19.0,19.0
1217,supply_air_temperature,2023-12-05 10:50:00+01:00,19.0,19.0
1218,supply_air_temperature,2023-12-05 11:00:00+01:00,19.0,19.0
1219,supply_air_temperature,2023-12-05 11:10:00+01:00,19.0,19.0
1220,supply_air_temperature,2023-12-05 11:20:00+01:00,19.0,19.0
1221,supply_air_temperature,2023-12-05 11:30:00+01:00,18.89999389648437,18.89999389648437
1222,supply_air_temperature,2023-12-05 11:40:00+01:00,19.0,19.0
1223,supply_air_temperature,2023-12-05 11:50:00+01:00,19.0,19.0
1224,supply_air_temperature,2023-12-05 12:00:00+01:00,19.0,19.0
1225,supply_air_temperature,2023-12-05 12:10:00+01:00,19.100006103515625,19.100006103515625
1226,supply_air_temperature,2023-12-05 12:20:00+01:00,19.100006103515625,19.100006103515625
1227,supply_air_temperature,2023-12-05 12:30:00+01:00,19.100006103515625,19.100006103515625
1228,supply_air_temperature,2023-12-05 12:40:00+01:00,19.100006103515625,19.100006103515625
1229,supply_air_temperature,2023-12-05 12:50:00+01:00,19.100006103515625,19.100006103515625
1230,supply_air_temperature,2023-12-05 13:00:00+01:00,19.0,19.0
1231,supply_air_temperature,2023-12-05 13:10:00+01:00,19.0,19.0
1232,supply_air_temperature,2023-12-05 13:20:00+01:00,19.0,19.0
1233,supply_air_temperature,2023-12-05 13:30:00+01:00,19.0,19.0
1234,supply_air_temperature,2023-12-05 13:40:00+01:00,19.0,19.0
1235,supply_air_temperature,2023-12-05 13:50:00+01:00,19.0,19.0
1236,supply_air_temperature,2023-12-05 14:00:00+01:00,18.89999389648437,18.89999389648437
1237,supply_air_temperature,2023-12-05 14:10:00+01:00,18.89999389648437,18.89999389648437
1238,supply_air_temperature,2023-12-05 14:20:00+01:00,18.89999389648437,18.89999389648437
1239,supply_air_temperature,2023-12-05 14:30:00+01:00,18.89999389648437,18.89999389648437
1240,supply_air_temperature,2023-12-05 14:40:00+01:00,18.89999389648437,18.89999389648437
1241,supply_air_temperature,2023-12-05 14:50:00+01:00,18.89999389648437,18.89999389648437
1242,supply_air_temperature,2023-12-05 15:00:00+01:00,18.89999389648437,18.89999389648437
1243,supply_air_temperature,2023-12-05 15:10:00+01:00,19.0,19.0
1244,supply_air_temperature,2023-12-05 15:20:00+01:00,19.0,19.0
1245,supply_air_temperature,2023-12-05 15:30:00+01:00,19.0,19.0
1246,supply_air_temperature,2023-12-05 15:40:00+01:00,18.89999389648437,18.89999389648437
1247,supply_air_temperature,2023-12-05 15:50:00+01:00,18.89999389648437,18.89999389648437
1248,supply_air_temperature,2023-12-05 16:00:00+01:00,18.89999389648437,18.89999389648437
1249,supply_air_temperature,2023-12-05 16:10:00+01:00,18.89999389648437,18.89999389648437
1250,supply_air_temperature,2023-12-05 16:20:00+01:00,18.89999389648437,18.89999389648437
1251,supply_air_temperature,2023-12-05 16:30:00+01:00,19.0,19.0
1252,supply_air_temperature,2023-12-05 16:40:00+01:00,19.100006103515625,19.100006103515625
1253,supply_air_temperature,2023-12-05 16:50:00+01:00,19.100006103515625,19.100006103515625
1254,supply_air_temperature,2023-12-05 17:00:00+01:00,19.100006103515625,19.100006103515625
1255,supply_air_temperature,2023-12-05 17:10:00+01:00,19.100006103515625,19.100006103515625
1256,supply_air_temperature,2023-12-05 17:20:00+01:00,19.100006103515625,19.100006103515625
1257,supply_air_temperature,2023-12-05 17:30:00+01:00,19.100006103515625,19.100006103515625
1258,supply_air_temperature,2023-12-05 17:40:00+01:00,19.0,19.0
1259,supply_air_temperature,2023-12-05 17:50:00+01:00,19.0,19.0
1260,supply_air_temperature,2023-12-05 18:00:00+01:00,19.0,19.0
1261,supply_air_temperature,2023-12-05 18:10:00+01:00,18.89999389648437,18.89999389648437
1262,supply_air_temperature,2023-12-05 18:20:00+01:00,18.89999389648437,18.89999389648437
1263,supply_air_temperature,2023-12-05 18:30:00+01:00,18.89999389648437,18.89999389648437
1264,supply_air_temperature,2023-12-05 18:40:00+01:00,18.89999389648437,18.89999389648437
1265,supply_air_temperature,2023-12-05 18:50:00+01:00,19.0,19.0
1266,supply_air_temperature,2023-12-05 19:00:00+01:00,19.0,19.0
1267,supply_air_temperature,2023-12-05 19:10:00+01:00,19.0,19.0
1268,supply_air_temperature,2023-12-05 19:20:00+01:00,19.0,19.0
1269,supply_air_temperature,2023-12-05 19:30:00+01:00,19.0,19.0
1270,supply_air_temperature,2023-12-05 19:40:00+01:00,19.0,19.0
1271,supply_air_temperature,2023-12-05 19:50:00+01:00,18.89999389648437,18.89999389648437
1272,supply_air_temperature,2023-12-05 20:00:00+01:00,18.89999389648437,18.89999389648437
1273,supply_air_temperature,2023-12-05 20:10:00+01:00,18.89999389648437,18.89999389648437
1274,supply_air_temperature,2023-12-05 20:20:00+01:00,19.100006103515625,19.100006103515625
1275,supply_air_temperature,2023-12-05 20:30:00+01:00,19.100006103515625,19.100006103515625
1276,supply_air_temperature,2023-12-05 20:40:00+01:00,19.30000305175781,19.30000305175781
1277,supply_air_temperature,2023-12-05 20:50:00+01:00,19.30000305175781,19.30000305175781
1278,supply_air_temperature,2023-12-05 21:00:00+01:00,19.30000305175781,19.30000305175781
1279,supply_air_temperature,2023-12-05 21:10:00+01:00,19.199996948242188,19.199996948242188
1280,supply_air_temperature,2023-12-05 21:20:00+01:00,19.199996948242188,19.199996948242188
1281,supply_air_temperature,2023-12-05 21:30:00+01:00,19.199996948242188,19.199996948242188
1282,supply_air_temperature,2023-12-05 21:40:00+01:00,19.199996948242188,19.199996948242188
1283,supply_air_temperature,2023-12-05 21:50:00+01:00,19.5,19.5
1284,supply_air_temperature,2023-12-05 22:00:00+01:00,20.80000305175781,20.80000305175781
1285,supply_air_temperature,2023-12-05 22:10:00+01:00,21.80000305175781,21.80000305175781
1286,supply_air_temperature,2023-12-05 22:20:00+01:00,21.89999389648437,21.89999389648437
1287,supply_air_temperature,2023-12-05 22:30:00+01:00,21.0,21.0
1288,supply_air_temperature,2023-12-05 22:40:00+01:00,20.199996948242188,20.199996948242188
1289,supply_air_temperature,2023-12-05 22:50:00+01:00,19.39999389648437,19.39999389648437
1290,supply_air_temperature,2023-12-05 23:00:00+01:00,19.0,19.0
1291,supply_air_temperature,2023-12-05 23:10:00+01:00,18.89999389648437,18.89999389648437
1292,supply_air_temperature,2023-12-05 23:20:00+01:00,18.699996948242188,18.699996948242188
1293,supply_air_temperature,2023-12-05 23:30:00+01:00,19.0,19.0
1294,supply_air_temperature,2023-12-05 23:40:00+01:00,20.600006103515625,20.600006103515625
1295,supply_air_temperature,2023-12-05 23:50:00+01:00,21.80000305175781,21.80000305175781
1296,supply_air_temperature,2023-12-06 00:00:00+01:00,22.100006103515625,22.100006103515625
1297,supply_air_temperature,2023-12-06 00:10:00+01:00,21.39999389648437,21.39999389648437
1298,supply_air_temperature,2023-12-06 00:20:00+01:00,20.39999389648437,20.39999389648437
1299,supply_air_temperature,2023-12-06 00:30:00+01:00,20.0,20.0
1300,supply_air_temperature,2023-12-06 00:40:00+01:00,20.30000305175781,20.30000305175781
1301,supply_air_temperature,2023-12-06 00:50:00+01:00,20.80000305175781,20.80000305175781
1302,supply_air_temperature,2023-12-06 01:00:00+01:00,21.0,21.0
1303,supply_air_temperature,2023-12-06 01:10:00+01:00,20.199996948242188,20.199996948242188
1304,supply_air_temperature,2023-12-06 01:20:00+01:00,19.39999389648437,19.39999389648437
1305,supply_air_temperature,2023-12-06 01:30:00+01:00,18.89999389648437,18.89999389648437
1306,supply_air_temperature,2023-12-06 01:40:00+01:00,18.699996948242188,18.699996948242188
1307,supply_air_temperature,2023-12-06 01:50:00+01:00,18.5,18.5
1308,supply_air_temperature,2023-12-06 02:00:00+01:00,18.600006103515625,18.600006103515625
1309,supply_air_temperature,2023-12-06 02:10:00+01:00,18.80000305175781,18.80000305175781
1310,supply_air_temperature,2023-12-06 02:20:00+01:00,19.30000305175781,19.30000305175781
1311,supply_air_temperature,2023-12-06 02:30:00+01:00,20.100006103515625,20.100006103515625
1312,supply_air_temperature,2023-12-06 02:40:00+01:00,20.5,20.5
1313,supply_air_temperature,2023-12-06 02:50:00+01:00,20.39999389648437,20.39999389648437
1314,supply_air_temperature,2023-12-06 03:00:00+01:00,19.89999389648437,19.89999389648437
1315,supply_air_temperature,2023-12-06 03:10:00+01:00,19.5,19.5
1316,supply_air_temperature,2023-12-06 03:20:00+01:00,19.5,19.5
1317,supply_air_temperature,2023-12-06 03:30:00+01:00,19.80000305175781,19.80000305175781
1318,supply_air_temperature,2023-12-06 03:40:00+01:00,20.80000305175781,20.80000305175781
1319,supply_air_temperature,2023-12-06 03:50:00+01:00,21.600006103515625,21.600006103515625
1320,supply_air_temperature,2023-12-06 04:00:00+01:00,21.600006103515625,21.600006103515625
1321,supply_air_temperature,2023-12-06 04:10:00+01:00,21.199996948242188,21.199996948242188
1322,supply_air_temperature,2023-12-06 04:20:00+01:00,20.39999389648437,20.39999389648437
1323,supply_air_temperature,2023-12-06 04:30:00+01:00,20.199996948242188,20.199996948242188
1324,supply_air_temperature,2023-12-06 04:40:00+01:00,20.5,20.5
1325,supply_air_temperature,2023-12-06 04:50:00+01:00,21.100006103515625,21.100006103515625
1326,supply_air_temperature,2023-12-06 05:00:00+01:00,21.199996948242188,21.199996948242188
1327,supply_air_temperature,2023-12-06 05:10:00+01:00,20.199996948242188,20.199996948242188
1328,supply_air_temperature,2023-12-06 05:20:00+01:00,19.39999389648437,19.39999389648437
1329,supply_air_temperature,2023-12-06 05:30:00+01:00,18.89999389648437,18.89999389648437
1330,supply_air_temperature,2023-12-06 05:40:00+01:00,18.699996948242188,18.699996948242188
1331,supply_air_temperature,2023-12-06 05:50:00+01:00,18.5,18.5
1332,supply_air_temperature,2023-12-06 06:00:00+01:00,18.5,18.5
1333,supply_air_temperature,2023-12-06 06:10:00+01:00,18.5,18.5
1334,supply_air_temperature,2023-12-06 06:20:00+01:00,18.5,18.5
1335,supply_air_temperature,2023-12-06 06:30:00+01:00,18.600006103515625,18.600006103515625
1336,supply_air_temperature,2023-12-06 06:40:00+01:00,19.100006103515625,19.100006103515625
1337,supply_air_temperature,2023-12-06 06:50:00+01:00,19.600006103515625,19.600006103515625
1338,supply_air_temperature,2023-12-06 07:00:00+01:00,19.600006103515625,19.600006103515625
1339,supply_air_temperature,2023-12-06 07:10:00+01:00,19.199996948242188,19.199996948242188
1340,supply_air_temperature,2023-12-06 07:20:00+01:00,18.89999389648437,18.89999389648437
1341,supply_air_temperature,2023-12-06 07:30:00+01:00,18.699996948242188,18.699996948242188
1342,supply_air_temperature,2023-12-06 07:40:00+01:00,18.699996948242188,18.699996948242188
1343,supply_air_temperature,2023-12-06 07:50:00+01:00,18.80000305175781,18.80000305175781
1344,supply_air_temperature,2023-12-06 08:00:00+01:00,19.100006103515625,19.100006103515625
1345,supply_air_temperature,2023-12-06 08:10:00+01:00,19.100006103515625,19.100006103515625
1346,supply_air_temperature,2023-12-06 08:20:00+01:00,19.100006103515625,19.100006103515625
1347,supply_air_temperature,2023-12-06 08:30:00+01:00,19.100006103515625,19.100006103515625
1348,supply_air_temperature,2023-12-06 08:40:00+01:00,19.100006103515625,19.100006103515625
1349,supply_air_temperature,2023-12-06 08:50:00+01:00,19.100006103515625,19.100006103515625
1350,supply_air_temperature,2023-12-06 09:00:00+01:00,19.100006103515625,19.100006103515625
1351,supply_air_temperature,2023-12-06 09:10:00+01:00,19.0,19.0
1352,supply_air_temperature,2023-12-06 09:20:00+01:00,19.0,19.0
1353,supply_air_temperature,2023-12-06 09:30:00+01:00,19.0,19.0
1354,supply_air_temperature,2023-12-06 09:40:00+01:00,19.0,19.0
1355,supply_air_temperature,2023-12-06 09:50:00+01:00,19.0,19.0
1356,supply_air_temperature,2023-12-06 10:00:00+01:00,18.89999389648437,18.89999389648437
1357,supply_air_temperature,2023-12-06 10:10:00+01:00,18.89999389648437,18.89999389648437
1358,supply_air_temperature,2023-12-06 10:20:00+01:00,18.89999389648437,18.89999389648437
1359,supply_air_temperature,2023-12-06 10:30:00+01:00,18.89999389648437,18.89999389648437
1360,supply_air_temperature,2023-12-06 10:40:00+01:00,18.89999389648437,18.89999389648437
1361,supply_air_temperature,2023-12-06 10:50:00+01:00,18.89999389648437,18.89999389648437
1362,supply_air_temperature,2023-12-06 11:00:00+01:00,19.100006103515625,19.100006103515625
1363,supply_air_temperature,2023-12-06 11:10:00+01:00,19.100006103515625,19.100006103515625
1364,supply_air_temperature,2023-12-06 11:20:00+01:00,19.100006103515625,19.100006103515625
1365,supply_air_temperature,2023-12-06 11:30:00+01:00,19.100006103515625,19.100006103515625
1366,supply_air_temperature,2023-12-06 11:40:00+01:00,19.0,19.0
1367,supply_air_temperature,2023-12-06 11:50:00+01:00,19.0,19.0
1368,supply_air_temperature,2023-12-06 12:00:00+01:00,19.0,19.0
1369,supply_air_temperature,2023-12-06 12:10:00+01:00,19.0,19.0
1370,supply_air_temperature,2023-12-06 12:20:00+01:00,19.0,19.0
1371,supply_air_temperature,2023-12-06 12:30:00+01:00,19.0,19.0
1372,supply_air_temperature,2023-12-06 12:40:00+01:00,19.100006103515625,19.100006103515625
1373,supply_air_temperature,2023-12-06 12:50:00+01:00,19.100006103515625,19.100006103515625
1374,supply_air_temperature,2023-12-06 13:00:00+01:00,19.100006103515625,19.100006103515625
1375,supply_air_temperature,2023-12-06 13:10:00+01:00,19.100006103515625,19.100006103515625
1376,supply_air_temperature,2023-12-06 13:20:00+01:00,19.100006103515625,19.100006103515625
1377,supply_air_temperature,2023-12-06 13:30:00+01:00,19.0,19.0
1378,supply_air_temperature,2023-12-06 13:40:00+01:00,19.0,19.0
1379,supply_air_temperature,2023-12-06 13:50:00+01:00,19.0,19.0
1380,supply_air_temperature,2023-12-06 14:00:00+01:00,19.0,19.0
1381,supply_air_temperature,2023-12-06 14:10:00+01:00,19.100006103515625,19.100006103515625
1382,supply_air_temperature,2023-12-06 14:20:00+01:00,19.100006103515625,19.100006103515625
1383,supply_air_temperature,2023-12-06 14:30:00+01:00,19.100006103515625,19.100006103515625
1384,supply_air_temperature,2023-12-06 14:40:00+01:00,19.100006103515625,19.100006103515625
1385,supply_air_temperature,2023-12-06 14:50:00+01:00,19.100006103515625,19.100006103515625
1386,supply_air_temperature,2023-12-06 15:00:00+01:00,19.100006103515625,19.100006103515625
1387,supply_air_temperature,2023-12-06 15:10:00+01:00,19.100006103515625,19.100006103515625
1388,supply_air_temperature,2023-12-06 15:20:00+01:00,19.0,19.0
1389,supply_air_temperature,2023-12-06 15:30:00+01:00,19.0,19.0
1390,supply_air_temperature,2023-12-06 15:40:00+01:00,19.0,19.0
1391,supply_air_temperature,2023-12-06 15:50:00+01:00,19.0,19.0
1392,supply_air_temperature,2023-12-06 16:00:00+01:00,19.0,19.0
1393,supply_air_temperature,2023-12-06 16:10:00+01:00,18.89999389648437,18.89999389648437
1394,supply_air_temperature,2023-12-06 16:20:00+01:00,18.89999389648437,18.89999389648437
1395,supply_air_temperature,2023-12-06 16:30:00+01:00,18.89999389648437,18.89999389648437
1396,supply_air_temperature,2023-12-06 16:40:00+01:00,18.89999389648437,18.89999389648437
1397,supply_air_temperature,2023-12-06 16:50:00+01:00,18.89999389648437,18.89999389648437
1398,supply_air_temperature,2023-12-06 17:00:00+01:00,18.89999389648437,18.89999389648437
1399,supply_air_temperature,2023-12-06 17:10:00+01:00,18.89999389648437,18.89999389648437
1400,supply_air_temperature,2023-12-06 17:20:00+01:00,18.89999389648437,18.89999389648437
1401,supply_air_temperature,2023-12-06 17:30:00+01:00,18.89999389648437,18.89999389648437
1402,supply_air_temperature,2023-12-06 17:40:00+01:00,18.89999389648437,18.89999389648437
1403,supply_air_temperature,2023-12-06 17:50:00+01:00,18.89999389648437,18.89999389648437
1404,supply_air_temperature,2023-12-06 18:00:00+01:00,18.89999389648437,18.89999389648437
1405,supply_air_temperature,2023-12-06 18:10:00+01:00,18.89999389648437,18.89999389648437
1406,supply_air_temperature,2023-12-06 18:20:00+01:00,19.0,19.0
1407,supply_air_temperature,2023-12-06 18:30:00+01:00,19.100006103515625,19.100006103515625
1408,supply_air_temperature,2023-12-06 18:40:00+01:00,19.30000305175781,19.30000305175781
1409,supply_air_temperature,2023-12-06 18:50:00+01:00,19.199996948242188,19.199996948242188
1410,supply_air_temperature,2023-12-06 19:00:00+01:00,19.0,19.0
1411,supply_air_temperature,2023-12-06 19:10:00+01:00,18.89999389648437,18.89999389648437
1412,supply_air_temperature,2023-12-06 19:20:00+01:00,18.89999389648437,18.89999389648437
1413,supply_air_temperature,2023-12-06 19:30:00+01:00,18.89999389648437,18.89999389648437
1414,supply_air_temperature,2023-12-06 19:40:00+01:00,18.89999389648437,18.89999389648437
1415,supply_air_temperature,2023-12-06 19:50:00+01:00,19.100006103515625,19.100006103515625
1416,supply_air_temperature,2023-12-06 20:00:00+01:00,19.30000305175781,19.30000305175781
1417,supply_air_temperature,2023-12-06 20:10:00+01:00,19.30000305175781,19.30000305175781
1418,supply_air_temperature,2023-12-06 20:20:00+01:00,19.30000305175781,19.30000305175781
1419,supply_air_temperature,2023-12-06 20:30:00+01:00,19.199996948242188,19.199996948242188
1420,supply_air_temperature,2023-12-06 20:40:00+01:00,19.199996948242188,19.199996948242188
1421,supply_air_temperature,2023-12-06 20:50:00+01:00,19.199996948242188,19.199996948242188
1422,supply_air_temperature,2023-12-06 21:00:00+01:00,19.199996948242188,19.199996948242188
1423,supply_air_temperature,2023-12-06 21:10:00+01:00,19.199996948242188,19.199996948242188
1424,supply_air_temperature,2023-12-06 21:20:00+01:00,19.199996948242188,19.199996948242188
1425,supply_air_temperature,2023-12-06 21:30:00+01:00,19.199996948242188,19.199996948242188
1426,supply_air_temperature,2023-12-06 21:40:00+01:00,19.199996948242188,19.199996948242188
1427,supply_air_temperature,2023-12-06 21:50:00+01:00,19.199996948242188,19.199996948242188
1428,supply_air_temperature,2023-12-06 22:00:00+01:00,19.199996948242188,19.199996948242188
1429,supply_air_temperature,2023-12-06 22:10:00+01:00,19.30000305175781,19.30000305175781
1430,supply_air_temperature,2023-12-06 22:20:00+01:00,20.5,20.5
1431,supply_air_temperature,2023-12-06 22:30:00+01:00,21.600006103515625,21.600006103515625
1432,supply_air_temperature,2023-12-06 22:40:00+01:00,21.89999389648437,21.89999389648437
1433,supply_air_temperature,2023-12-06 22:50:00+01:00,21.199996948242188,21.199996948242188
1434,supply_air_temperature,2023-12-06 23:00:00+01:00,20.199996948242188,20.199996948242188
1435,supply_air_temperature,2023-12-06 23:10:00+01:00,19.39999389648437,19.39999389648437
1436,supply_air_temperature,2023-12-06 23:20:00+01:00,19.0,19.0
1437,supply_air_temperature,2023-12-06 23:30:00+01:00,18.699996948242188,18.699996948242188
1438,supply_air_temperature,2023-12-06 23:40:00+01:00,18.699996948242188,18.699996948242188
1439,supply_air_temperature,2023-12-06 23:50:00+01:00,18.80000305175781,18.80000305175781
