,TagName,DateTime,Value,vValue
0,temperature_sensor,2023-11-27 00:00:00+01:00,20.36492009614699,20.36492009614699
1,temperature_sensor,2023-11-27 00:10:00+01:00,20.56592502218774,20.56592502218774
2,temperature_sensor,2023-11-27 00:20:00+01:00,20.66904924439234,20.66904924439234
3,temperature_sensor,2023-11-27 00:30:00+01:00,20.734451645857007,20.734451645857007
4,temperature_sensor,2023-11-27 00:40:00+01:00,20.779894048319875,20.779894048319875
5,temperature_sensor,2023-11-27 00:50:00+01:00,20.816135072926212,20.816135072926212
6,temperature_sensor,2023-11-27 01:00:00+01:00,20.85137608876096,20.85137608876096
7,temperature_sensor,2023-11-27 01:10:00+01:00,20.875478573206408,20.875478573206408
8,temperature_sensor,2023-11-27 01:20:00+01:00,20.88474951159708,20.88474951159708
9,temperature_sensor,2023-11-27 01:30:00+01:00,20.882471809692674,20.882471809692674
10,temperature_sensor,2023-11-27 01:40:00+01:00,20.870869211944523,20.870869211944523
11,temperature_sensor,2023-11-27 01:50:00+01:00,20.86584028539022,20.86584028539022
12,temperature_sensor,2023-11-27 02:00:00+01:00,20.868626963087365,20.868626963087365
13,temperature_sensor,2023-11-27 02:10:00+01:00,20.8713942678379,20.8713942678379
14,temperature_sensor,2023-11-27 02:20:00+01:00,20.864749306182432,20.864749306182432
15,temperature_sensor,2023-11-27 02:30:00+01:00,20.84631740080925,20.84631740080925
16,temperature_sensor,2023-11-27 02:40:00+01:00,20.82635095728915,20.82635095728915
17,temperature_sensor,2023-11-27 02:50:00+01:00,20.81140004375777,20.81140004375777
18,temperature_sensor,2023-11-27 03:00:00+01:00,20.806654148825714,20.806654148825714
19,temperature_sensor,2023-11-27 03:10:00+01:00,20.80011554929888,20.80011554929888
20,temperature_sensor,2023-11-27 03:20:00+01:00,20.78418253515804,20.78418253515804
21,temperature_sensor,2023-11-27 03:30:00+01:00,20.762639492169683,20.762639492169683
22,temperature_sensor,2023-11-27 03:40:00+01:00,20.746951079444443,20.746951079444443
23,temperature_sensor,2023-11-27 03:50:00+01:00,20.737810044263995,20.737810044263995
24,temperature_sensor,2023-11-27 04:00:00+01:00,20.73219697402845,20.73219697402845
25,temperature_sensor,2023-11-27 04:10:00+01:00,20.72314835708136,20.72314835708136
26,temperature_sensor,2023-11-27 04:20:00+01:00,20.703896697537346,20.703896697537346
27,temperature_sensor,2023-11-27 04:30:00+01:00,20.684262902195712,20.684262902195712
28,temperature_sensor,2023-11-27 04:40:00+01:00,20.67050604316341,20.67050604316341
29,temperature_sensor,2023-11-27 04:50:00+01:00,20.66347354496185,20.66347354496185
30,temperature_sensor,2023-11-27 05:00:00+01:00,20.65718280718619,20.65718280718619
31,temperature_sensor,2023-11-27 05:10:00+01:00,20.637229038264024,20.637229038264024
32,temperature_sensor,2023-11-27 05:20:00+01:00,20.600918185162868,20.600918185162868
33,temperature_sensor,2023-11-27 05:30:00+01:00,20.55963262610578,20.55963262610578
34,temperature_sensor,2023-11-27 05:40:00+01:00,20.522465337246672,20.522465337246672
35,temperature_sensor,2023-11-27 05:50:00+01:00,20.487597873172888,20.487597873172888
36,temperature_sensor,2023-11-27 06:00:00+01:00,20.45795960792094,20.45795960792094
37,temperature_sensor,2023-11-27 06:10:00+01:00,20.433635690554127,20.433635690554127
38,temperature_sensor,2023-11-27 06:20:00+01:00,20.418191990600235,20.418191990600235
39,temperature_sensor,2023-11-27 06:30:00+01:00,20.41847528206796,20.41847528206796
40,temperature_sensor,2023-11-27 06:40:00+01:00,20.43142593123605,20.43142593123605
41,temperature_sensor,2023-11-27 06:50:00+01:00,20.45829875770937,20.45829875770937
42,temperature_sensor,2023-11-27 07:00:00+01:00,20.49648989432524,20.49648989432524
43,temperature_sensor,2023-11-27 07:10:00+01:00,20.5432439245547,20.5432439245547
44,temperature_sensor,2023-11-27 07:20:00+01:00,20.599269871197407,20.599269871197407
45,temperature_sensor,2023-11-27 07:30:00+01:00,20.65839595243449,20.65839595243449
46,temperature_sensor,2023-11-27 07:40:00+01:00,20.72079396159046,20.72079396159046
47,temperature_sensor,2023-11-27 07:50:00+01:00,20.77823660686448,20.77823660686448
48,temperature_sensor,2023-11-27 08:00:00+01:00,20.83266229713081,20.83266229713081
49,temperature_sensor,2023-11-27 08:10:00+01:00,20.88398718200068,20.88398718200068
50,temperature_sensor,2023-11-27 08:20:00+01:00,20.9231030149233,20.9231030149233
51,temperature_sensor,2023-11-27 08:30:00+01:00,20.96917248684548,20.96917248684548
52,temperature_sensor,2023-11-27 08:40:00+01:00,21.0184556099519,21.0184556099519
53,temperature_sensor,2023-11-27 08:50:00+01:00,21.05474660944617,21.05474660944617
54,temperature_sensor,2023-11-27 09:00:00+01:00,21.10937211961601,21.10937211961601
55,temperature_sensor,2023-11-27 09:10:00+01:00,21.1235794023022,21.1235794023022
56,temperature_sensor,2023-11-27 09:20:00+01:00,21.12105416454517,21.12105416454517
57,temperature_sensor,2023-11-27 09:30:00+01:00,21.107648963923737,21.107648963923737
58,temperature_sensor,2023-11-27 09:40:00+01:00,21.09150426860407,21.09150426860407
59,temperature_sensor,2023-11-27 09:50:00+01:00,21.085327846534653,21.085327846534653
60,temperature_sensor,2023-11-27 10:00:00+01:00,21.08541190265413,21.08541190265413
61,temperature_sensor,2023-11-27 10:10:00+01:00,21.123420612109555,21.123420612109555
62,temperature_sensor,2023-11-27 10:20:00+01:00,21.119043669248924,21.119043669248924
63,temperature_sensor,2023-11-27 10:30:00+01:00,21.146702100938683,21.146702100938683
64,temperature_sensor,2023-11-27 10:40:00+01:00,21.16678190758671,21.16678190758671
65,temperature_sensor,2023-11-27 10:50:00+01:00,21.16735536461755,21.16735536461755
66,temperature_sensor,2023-11-27 11:00:00+01:00,21.164323595938868,21.164323595938868
67,temperature_sensor,2023-11-27 11:10:00+01:00,21.16979945318053,21.16979945318053
68,temperature_sensor,2023-11-27 11:20:00+01:00,21.156246064317543,21.156246064317543
69,temperature_sensor,2023-11-27 11:30:00+01:00,21.132079470059068,21.132079470059068
70,temperature_sensor,2023-11-27 11:40:00+01:00,21.10587460498101,21.10587460498101
71,temperature_sensor,2023-11-27 11:50:00+01:00,21.08036750950424,21.08036750950424
72,temperature_sensor,2023-11-27 12:00:00+01:00,21.058366073762212,21.058366073762212
73,temperature_sensor,2023-11-27 12:10:00+01:00,21.03570310405541,21.03570310405541
74,temperature_sensor,2023-11-27 12:20:00+01:00,21.01302388598521,21.01302388598521
75,temperature_sensor,2023-11-27 12:30:00+01:00,20.98876767753552,20.98876767753552
76,temperature_sensor,2023-11-27 12:40:00+01:00,20.968997459134982,20.968997459134982
77,temperature_sensor,2023-11-27 12:50:00+01:00,20.95005872431005,20.95005872431005
78,temperature_sensor,2023-11-27 13:00:00+01:00,20.9302259360104,20.9302259360104
79,temperature_sensor,2023-11-27 13:10:00+01:00,20.910616430961056,20.910616430961056
80,temperature_sensor,2023-11-27 13:20:00+01:00,20.892527303524275,20.892527303524275
81,temperature_sensor,2023-11-27 13:30:00+01:00,20.87607060657615,20.87607060657615
82,temperature_sensor,2023-11-27 13:40:00+01:00,20.862464758229976,20.862464758229976
83,temperature_sensor,2023-11-27 13:50:00+01:00,20.848271530834268,20.848271530834268
84,temperature_sensor,2023-11-27 14:00:00+01:00,20.839602573059267,20.839602573059267
85,temperature_sensor,2023-11-27 14:10:00+01:00,20.8361455753826,20.8361455753826
86,temperature_sensor,2023-11-27 14:20:00+01:00,20.83996222954545,20.83996222954545
87,temperature_sensor,2023-11-27 14:30:00+01:00,20.84667442283745,20.84667442283745
88,temperature_sensor,2023-11-27 14:40:00+01:00,20.853265562723777,20.853265562723777
89,temperature_sensor,2023-11-27 14:50:00+01:00,20.858258837085884,20.858258837085884
90,temperature_sensor,2023-11-27 15:00:00+01:00,20.86108467801438,20.86108467801438
91,temperature_sensor,2023-11-27 15:10:00+01:00,20.86823739288883,20.86823739288883
92,temperature_sensor,2023-11-27 15:20:00+01:00,20.879858045003857,20.879858045003857
93,temperature_sensor,2023-11-27 15:30:00+01:00,20.88749011886989,20.88749011886989
94,temperature_sensor,2023-11-27 15:40:00+01:00,20.889708444896826,20.889708444896826
95,temperature_sensor,2023-11-27 15:50:00+01:00,20.889502371150456,20.889502371150456
96,temperature_sensor,2023-11-27 16:00:00+01:00,20.89052233100432,20.89052233100432
97,temperature_sensor,2023-11-27 16:10:00+01:00,20.891646790383334,20.891646790383334
98,temperature_sensor,2023-11-27 16:20:00+01:00,20.89283151903913,20.89283151903913
99,temperature_sensor,2023-11-27 16:30:00+01:00,20.90224688196088,20.90224688196088
100,temperature_sensor,2023-11-27 16:40:00+01:00,20.91111940065167,20.91111940065167
101,temperature_sensor,2023-11-27 16:50:00+01:00,20.912056714670143,20.912056714670143
102,temperature_sensor,2023-11-27 17:00:00+01:00,20.911773295416022,20.911773295416022
103,temperature_sensor,2023-11-27 17:10:00+01:00,20.908925365410823,20.908925365410823
104,temperature_sensor,2023-11-27 17:20:00+01:00,20.910230033865677,20.910230033865677
105,temperature_sensor,2023-11-27 17:30:00+01:00,20.915767152010005,20.915767152010005
106,temperature_sensor,2023-11-27 17:40:00+01:00,20.927846776793277,20.927846776793277
107,temperature_sensor,2023-11-27 17:50:00+01:00,20.93884485385752,20.93884485385752
108,temperature_sensor,2023-11-27 18:00:00+01:00,20.94258086261806,20.94258086261806
109,temperature_sensor,2023-11-27 18:10:00+01:00,20.944240377730694,20.944240377730694
110,temperature_sensor,2023-11-27 18:20:00+01:00,20.9420474040989,20.9420474040989
111,temperature_sensor,2023-11-27 18:30:00+01:00,20.94292728927701,20.94292728927701
112,temperature_sensor,2023-11-27 18:40:00+01:00,20.950403751604316,20.950403751604316
113,temperature_sensor,2023-11-27 18:50:00+01:00,20.96106578007698,20.96106578007698
114,temperature_sensor,2023-11-27 19:00:00+01:00,20.972077134425888,20.972077134425888
115,temperature_sensor,2023-11-27 19:10:00+01:00,20.970734226177967,20.970734226177967
116,temperature_sensor,2023-11-27 19:20:00+01:00,20.9267695123242,20.9267695123242
117,temperature_sensor,2023-11-27 19:30:00+01:00,20.836657883180976,20.836657883180976
118,temperature_sensor,2023-11-27 19:40:00+01:00,20.792031546033968,20.792031546033968
119,temperature_sensor,2023-11-27 19:50:00+01:00,20.77835419598847,20.77835419598847
120,temperature_sensor,2023-11-27 20:00:00+01:00,20.758089152753428,20.758089152753428
121,temperature_sensor,2023-11-27 20:10:00+01:00,20.69526349766761,20.69526349766761
122,temperature_sensor,2023-11-27 20:20:00+01:00,20.60680764221729,20.60680764221729
123,temperature_sensor,2023-11-27 20:30:00+01:00,20.513799776786072,20.513799776786072
124,temperature_sensor,2023-11-27 20:40:00+01:00,20.428632082582,20.428632082582
125,temperature_sensor,2023-11-27 20:50:00+01:00,20.35307059572642,20.35307059572642
126,temperature_sensor,2023-11-27 21:00:00+01:00,20.285977523260957,20.285977523260957
127,temperature_sensor,2023-11-27 21:10:00+01:00,20.23066708432617,20.23066708432617
128,temperature_sensor,2023-11-27 21:20:00+01:00,20.196755171999484,20.196755171999484
129,temperature_sensor,2023-11-27 21:30:00+01:00,20.20970942090213,20.20970942090213
130,temperature_sensor,2023-11-27 21:40:00+01:00,20.244228110805807,20.244228110805807
131,temperature_sensor,2023-11-27 21:50:00+01:00,20.27372143861908,20.27372143861908
132,temperature_sensor,2023-11-27 22:00:00+01:00,20.283577545869548,20.283577545869548
133,temperature_sensor,2023-11-27 22:10:00+01:00,20.270816237758027,20.270816237758027
134,temperature_sensor,2023-11-27 22:20:00+01:00,20.247803752084167,20.247803752084167
135,temperature_sensor,2023-11-27 22:30:00+01:00,20.23707351119731,20.23707351119731
136,temperature_sensor,2023-11-27 22:40:00+01:00,20.24210571266417,20.24210571266417
137,temperature_sensor,2023-11-27 22:50:00+01:00,20.251946914222454,20.251946914222454
138,temperature_sensor,2023-11-27 23:00:00+01:00,20.26366281200245,20.26366281200245
139,temperature_sensor,2023-11-27 23:10:00+01:00,20.27067089883764,20.27067089883764
140,temperature_sensor,2023-11-27 23:20:00+01:00,20.26620311569673,20.26620311569673
141,temperature_sensor,2023-11-27 23:30:00+01:00,20.25831030178358,20.25831030178358
142,temperature_sensor,2023-11-27 23:40:00+01:00,20.24559514461282,20.24559514461282
143,temperature_sensor,2023-11-27 23:50:00+01:00,20.239472930668683,20.239472930668683
144,temperature_sensor,2023-11-28 00:00:00+01:00,20.23813891778309,20.23813891778309
145,temperature_sensor,2023-11-28 00:10:00+01:00,20.24709140594058,20.24709140594058
146,temperature_sensor,2023-11-28 00:20:00+01:00,20.253187459222037,20.253187459222037
147,temperature_sensor,2023-11-28 00:30:00+01:00,20.25799594944669,20.25799594944669
148,temperature_sensor,2023-11-28 00:40:00+01:00,20.255793077080057,20.255793077080057
149,temperature_sensor,2023-11-28 00:50:00+01:00,20.24787158942757,20.24787158942757
150,temperature_sensor,2023-11-28 01:00:00+01:00,20.23939930839947,20.23939930839947
151,temperature_sensor,2023-11-28 01:10:00+01:00,20.23658665595076,20.23658665595076
152,temperature_sensor,2023-11-28 01:20:00+01:00,20.24023682393937,20.24023682393937
153,temperature_sensor,2023-11-28 01:30:00+01:00,20.247265454300987,20.247265454300987
154,temperature_sensor,2023-11-28 01:40:00+01:00,20.250864209186943,20.250864209186943
155,temperature_sensor,2023-11-28 01:50:00+01:00,20.24378566761817,20.24378566761817
156,temperature_sensor,2023-11-28 02:00:00+01:00,20.236060046568355,20.236060046568355
157,temperature_sensor,2023-11-28 02:10:00+01:00,20.23389727815038,20.23389727815038
158,temperature_sensor,2023-11-28 02:20:00+01:00,20.238107994076927,20.238107994076927
159,temperature_sensor,2023-11-28 02:30:00+01:00,20.24560247452092,20.24560247452092
160,temperature_sensor,2023-11-28 02:40:00+01:00,20.251659942830884,20.251659942830884
161,temperature_sensor,2023-11-28 02:50:00+01:00,20.25054446416408,20.25054446416408
162,temperature_sensor,2023-11-28 03:00:00+01:00,20.243535047827493,20.243535047827493
163,temperature_sensor,2023-11-28 03:10:00+01:00,20.233729083892285,20.233729083892285
164,temperature_sensor,2023-11-28 03:20:00+01:00,20.23180893891214,20.23180893891214
165,temperature_sensor,2023-11-28 03:30:00+01:00,20.23619654075918,20.23619654075918
166,temperature_sensor,2023-11-28 03:40:00+01:00,20.24375416213735,20.24375416213735
167,temperature_sensor,2023-11-28 03:50:00+01:00,20.24977959006173,20.24977959006173
168,temperature_sensor,2023-11-28 04:00:00+01:00,20.25240765890834,20.25240765890834
169,temperature_sensor,2023-11-28 04:10:00+01:00,20.248556270107883,20.248556270107883
170,temperature_sensor,2023-11-28 04:20:00+01:00,20.245270560979407,20.245270560979407
171,temperature_sensor,2023-11-28 04:30:00+01:00,20.242418334420734,20.242418334420734
172,temperature_sensor,2023-11-28 04:40:00+01:00,20.23987376766996,20.23987376766996
173,temperature_sensor,2023-11-28 04:50:00+01:00,20.237549511050645,20.237549511050645
174,temperature_sensor,2023-11-28 05:00:00+01:00,20.240530943192823,20.240530943192823
175,temperature_sensor,2023-11-28 05:10:00+01:00,20.243825831607808,20.243825831607808
176,temperature_sensor,2023-11-28 05:20:00+01:00,20.244125978297348,20.244125978297348
177,temperature_sensor,2023-11-28 05:30:00+01:00,20.24199475509505,20.24199475509505
178,temperature_sensor,2023-11-28 05:40:00+01:00,20.23991680051347,20.23991680051347
179,temperature_sensor,2023-11-28 05:50:00+01:00,20.237867852645536,20.237867852645536
180,temperature_sensor,2023-11-28 06:00:00+01:00,20.23698607867124,20.23698607867124
181,temperature_sensor,2023-11-28 06:10:00+01:00,20.235881018152213,20.235881018152213
182,temperature_sensor,2023-11-28 06:20:00+01:00,20.246184734776364,20.246184734776364
183,temperature_sensor,2023-11-28 06:30:00+01:00,20.274255472976392,20.274255472976392
184,temperature_sensor,2023-11-28 06:40:00+01:00,20.31675383941825,20.31675383941825
185,temperature_sensor,2023-11-28 06:50:00+01:00,20.37450468617465,20.37450468617465
186,temperature_sensor,2023-11-28 07:00:00+01:00,20.43672199906285,20.43672199906285
187,temperature_sensor,2023-11-28 07:10:00+01:00,20.502852625445257,20.502852625445257
188,temperature_sensor,2023-11-28 07:20:00+01:00,20.57008186349248,20.57008186349248
189,temperature_sensor,2023-11-28 07:30:00+01:00,20.63624263410668,20.63624263410668
190,temperature_sensor,2023-11-28 07:40:00+01:00,20.69971921593901,20.69971921593901
191,temperature_sensor,2023-11-28 07:50:00+01:00,20.75548207736512,20.75548207736512
192,temperature_sensor,2023-11-28 08:00:00+01:00,20.78809583568352,20.78809583568352
193,temperature_sensor,2023-11-28 08:10:00+01:00,20.805849300046475,20.805849300046475
194,temperature_sensor,2023-11-28 08:20:00+01:00,20.8177613196242,20.8177613196242
195,temperature_sensor,2023-11-28 08:30:00+01:00,20.82958469831533,20.82958469831533
196,temperature_sensor,2023-11-28 08:40:00+01:00,20.84425157810091,20.84425157810091
197,temperature_sensor,2023-11-28 08:50:00+01:00,20.866158803187773,20.866158803187773
198,temperature_sensor,2023-11-28 09:00:00+01:00,20.897367834077954,20.897367834077954
199,temperature_sensor,2023-11-28 09:10:00+01:00,20.93015427543736,20.93015427543736
200,temperature_sensor,2023-11-28 09:20:00+01:00,20.958122858839715,20.958122858839715
201,temperature_sensor,2023-11-28 09:30:00+01:00,20.974063126104284,20.974063126104284
202,temperature_sensor,2023-11-28 09:40:00+01:00,20.98653167439454,20.98653167439454
203,temperature_sensor,2023-11-28 09:50:00+01:00,20.99385255059332,20.99385255059332
204,temperature_sensor,2023-11-28 10:00:00+01:00,21.001829092509468,21.001829092509468
205,temperature_sensor,2023-11-28 10:10:00+01:00,21.019079642345677,21.019079642345677
206,temperature_sensor,2023-11-28 10:20:00+01:00,21.039134899900148,21.039134899900148
207,temperature_sensor,2023-11-28 10:30:00+01:00,21.0561134053184,21.0561134053184
208,temperature_sensor,2023-11-28 10:40:00+01:00,21.06616370185833,21.06616370185833
209,temperature_sensor,2023-11-28 10:50:00+01:00,21.07521427103262,21.07521427103262
210,temperature_sensor,2023-11-28 11:00:00+01:00,21.08904416477378,21.08904416477378
211,temperature_sensor,2023-11-28 11:10:00+01:00,21.11229573813506,21.11229573813506
212,temperature_sensor,2023-11-28 11:20:00+01:00,21.14175898319905,21.14175898319905
213,temperature_sensor,2023-11-28 11:30:00+01:00,21.16284119931493,21.16284119931493
214,temperature_sensor,2023-11-28 11:40:00+01:00,21.174671317945357,21.174671317945357
215,temperature_sensor,2023-11-28 11:50:00+01:00,21.172044534202428,21.172044534202428
216,temperature_sensor,2023-11-28 12:00:00+01:00,21.16381703335168,21.16381703335168
217,temperature_sensor,2023-11-28 12:10:00+01:00,21.148764609345903,21.148764609345903
218,temperature_sensor,2023-11-28 12:20:00+01:00,21.12938807070566,21.12938807070566
219,temperature_sensor,2023-11-28 12:30:00+01:00,21.10817066546201,21.10817066546201
220,temperature_sensor,2023-11-28 12:40:00+01:00,21.09766390457929,21.09766390457929
221,temperature_sensor,2023-11-28 12:50:00+01:00,21.084324663218524,21.084324663218524
222,temperature_sensor,2023-11-28 13:00:00+01:00,21.06684957153953,21.06684957153953
223,temperature_sensor,2023-11-28 13:10:00+01:00,21.04375765425988,21.04375765425988
224,temperature_sensor,2023-11-28 13:20:00+01:00,21.02270701815752,21.02270701815752
225,temperature_sensor,2023-11-28 13:30:00+01:00,21.00082951874384,21.00082951874384
226,temperature_sensor,2023-11-28 13:40:00+01:00,20.981715548375348,20.981715548375348
227,temperature_sensor,2023-11-28 13:50:00+01:00,20.96727538085213,20.96727538085213
228,temperature_sensor,2023-11-28 14:00:00+01:00,20.96230135354574,20.96230135354574
229,temperature_sensor,2023-11-28 14:10:00+01:00,20.957736219287423,20.957736219287423
230,temperature_sensor,2023-11-28 14:20:00+01:00,20.953653973318524,20.953653973318524
231,temperature_sensor,2023-11-28 14:30:00+01:00,20.95120947340922,20.95120947340922
232,temperature_sensor,2023-11-28 14:40:00+01:00,20.94897988544335,20.94897988544335
233,temperature_sensor,2023-11-28 14:50:00+01:00,20.9469643378323,20.9469643378323
234,temperature_sensor,2023-11-28 15:00:00+01:00,20.94426406812937,20.94426406812937
235,temperature_sensor,2023-11-28 15:10:00+01:00,20.93330693613416,20.93330693613416
236,temperature_sensor,2023-11-28 15:20:00+01:00,20.92316339937713,20.92316339937713
237,temperature_sensor,2023-11-28 15:30:00+01:00,20.914756360054756,20.914756360054756
238,temperature_sensor,2023-11-28 15:40:00+01:00,20.908816027143644,20.908816027143644
239,temperature_sensor,2023-11-28 15:50:00+01:00,20.902942637611886,20.902942637611886
240,temperature_sensor,2023-11-28 16:00:00+01:00,20.8951796922068,20.8951796922068
241,temperature_sensor,2023-11-28 16:10:00+01:00,20.890716932431477,20.890716932431477
242,temperature_sensor,2023-11-28 16:20:00+01:00,20.88577890147144,20.88577890147144
243,temperature_sensor,2023-11-28 16:30:00+01:00,20.882649109534555,20.882649109534555
244,temperature_sensor,2023-11-28 16:40:00+01:00,20.88103200987274,20.88103200987274
245,temperature_sensor,2023-11-28 16:50:00+01:00,20.88181987182685,20.88181987182685
246,temperature_sensor,2023-11-28 17:00:00+01:00,20.887793813077167,20.887793813077167
247,temperature_sensor,2023-11-28 17:10:00+01:00,20.89736189766228,20.89736189766228
248,temperature_sensor,2023-11-28 17:20:00+01:00,20.90732333416429,20.90732333416429
249,temperature_sensor,2023-11-28 17:30:00+01:00,20.91621282749361,20.91621282749361
250,temperature_sensor,2023-11-28 17:40:00+01:00,20.92312823124217,20.92312823124217
251,temperature_sensor,2023-11-28 17:50:00+01:00,20.93031941590442,20.93031941590442
252,temperature_sensor,2023-11-28 18:00:00+01:00,20.93434622521897,20.93434622521897
253,temperature_sensor,2023-11-28 18:10:00+01:00,20.940787187102277,20.940787187102277
254,temperature_sensor,2023-11-28 18:20:00+01:00,20.943716263995384,20.943716263995384
255,temperature_sensor,2023-11-28 18:30:00+01:00,20.945781233573143,20.945781233573143
256,temperature_sensor,2023-11-28 18:40:00+01:00,20.95031100556957,20.95031100556957
257,temperature_sensor,2023-11-28 18:50:00+01:00,20.95559191200709,20.95559191200709
258,temperature_sensor,2023-11-28 19:00:00+01:00,20.960487708344488,20.960487708344488
259,temperature_sensor,2023-11-28 19:10:00+01:00,20.964795579794668,20.964795579794668
260,temperature_sensor,2023-11-28 19:20:00+01:00,20.92554031980825,20.92554031980825
261,temperature_sensor,2023-11-28 19:30:00+01:00,20.832557824167395,20.832557824167395
262,temperature_sensor,2023-11-28 19:40:00+01:00,20.70140076228995,20.70140076228995
263,temperature_sensor,2023-11-28 19:50:00+01:00,20.56502433684716,20.56502433684716
264,temperature_sensor,2023-11-28 20:00:00+01:00,20.444049975658917,20.444049975658917
265,temperature_sensor,2023-11-28 20:10:00+01:00,20.35041509714813,20.35041509714813
266,temperature_sensor,2023-11-28 20:20:00+01:00,20.295988752385483,20.295988752385483
267,temperature_sensor,2023-11-28 20:30:00+01:00,20.27571217103048,20.27571217103048
268,temperature_sensor,2023-11-28 20:40:00+01:00,20.26886988334377,20.26886988334377
269,temperature_sensor,2023-11-28 20:50:00+01:00,20.25667626818091,20.25667626818091
270,temperature_sensor,2023-11-28 21:00:00+01:00,20.219675290229134,20.219675290229134
271,temperature_sensor,2023-11-28 21:10:00+01:00,20.16240150119029,20.16240150119029
272,temperature_sensor,2023-11-28 21:20:00+01:00,20.105306315843396,20.105306315843396
273,temperature_sensor,2023-11-28 21:30:00+01:00,20.05788026074777,20.05788026074777
274,temperature_sensor,2023-11-28 21:40:00+01:00,20.047999945202942,20.047999945202942
275,temperature_sensor,2023-11-28 21:50:00+01:00,20.07432235910528,20.07432235910528
276,temperature_sensor,2023-11-28 22:00:00+01:00,20.10735898780393,20.10735898780393
277,temperature_sensor,2023-11-28 22:10:00+01:00,20.1317454088379,20.1317454088379
278,temperature_sensor,2023-11-28 22:20:00+01:00,20.138627679823344,20.138627679823344
279,temperature_sensor,2023-11-28 22:30:00+01:00,20.12962996967235,20.12962996967235
280,temperature_sensor,2023-11-28 22:40:00+01:00,20.11173108242855,20.11173108242855
281,temperature_sensor,2023-11-28 22:50:00+01:00,20.105015330999493,20.105015330999493
282,temperature_sensor,2023-11-28 23:00:00+01:00,20.109204639267944,20.109204639267944
283,temperature_sensor,2023-11-28 23:10:00+01:00,20.120369364013413,20.120369364013413
284,temperature_sensor,2023-11-28 23:20:00+01:00,20.125874551512823,20.125874551512823
285,temperature_sensor,2023-11-28 23:30:00+01:00,20.125941645621083,20.125941645621083
286,temperature_sensor,2023-11-28 23:40:00+01:00,20.11667457877155,20.11667457877155
287,temperature_sensor,2023-11-28 23:50:00+01:00,20.1047784214972,20.1047784214972
288,temperature_sensor,2023-11-29 00:00:00+01:00,20.10093650063465,20.10093650063465
289,temperature_sensor,2023-11-29 00:10:00+01:00,20.103546995914822,20.103546995914822
290,temperature_sensor,2023-11-29 00:20:00+01:00,20.109488672586338,20.109488672586338
291,temperature_sensor,2023-11-29 00:30:00+01:00,20.11407599400809,20.11407599400809
292,temperature_sensor,2023-11-29 00:40:00+01:00,20.11546856907654,20.11546856907654
293,temperature_sensor,2023-11-29 00:50:00+01:00,20.11056109275097,20.11056109275097
294,temperature_sensor,2023-11-29 01:00:00+01:00,20.10644486396734,20.10644486396734
295,temperature_sensor,2023-11-29 01:10:00+01:00,20.102998010908664,20.102998010908664
296,temperature_sensor,2023-11-29 01:20:00+01:00,20.100131162754906,20.100131162754906
297,temperature_sensor,2023-11-29 01:30:00+01:00,20.09961681924625,20.09961681924625
298,temperature_sensor,2023-11-29 01:40:00+01:00,20.099103692322444,20.099103692322444
299,temperature_sensor,2023-11-29 01:50:00+01:00,20.098601953178104,20.098601953178104
300,temperature_sensor,2023-11-29 02:00:00+01:00,20.09811884881111,20.09811884881111
301,temperature_sensor,2023-11-29 02:10:00+01:00,20.09768427950678,20.09768427950678
302,temperature_sensor,2023-11-29 02:20:00+01:00,20.09732488305434,20.09732488305434
303,temperature_sensor,2023-11-29 02:30:00+01:00,20.097056094553977,20.097056094553977
304,temperature_sensor,2023-11-29 02:40:00+01:00,20.09688697603616,20.09688697603616
305,temperature_sensor,2023-11-29 02:50:00+01:00,20.095585591665213,20.095585591665213
306,temperature_sensor,2023-11-29 03:00:00+01:00,20.094642604649778,20.094642604649778
307,temperature_sensor,2023-11-29 03:10:00+01:00,20.093998616028443,20.093998616028443
308,temperature_sensor,2023-11-29 03:20:00+01:00,20.09360570991737,20.09360570991737
309,temperature_sensor,2023-11-29 03:30:00+01:00,20.087357857687323,20.087357857687323
310,temperature_sensor,2023-11-29 03:40:00+01:00,20.07833168406336,20.07833168406336
311,temperature_sensor,2023-11-29 03:50:00+01:00,20.07339201363681,20.07339201363681
312,temperature_sensor,2023-11-29 04:00:00+01:00,20.07735433044246,20.07735433044246
313,temperature_sensor,2023-11-29 04:10:00+01:00,20.08685514142178,20.08685514142178
314,temperature_sensor,2023-11-29 04:20:00+01:00,20.09472786884828,20.09472786884828
315,temperature_sensor,2023-11-29 04:30:00+01:00,20.09911767993788,20.09911767993788
316,temperature_sensor,2023-11-29 04:40:00+01:00,20.099078073341676,20.099078073341676
317,temperature_sensor,2023-11-29 04:50:00+01:00,20.097263741203903,20.097263741203903
318,temperature_sensor,2023-11-29 05:00:00+01:00,20.093088441406397,20.093088441406397
319,temperature_sensor,2023-11-29 05:10:00+01:00,20.090156628683246,20.090156628683246
320,temperature_sensor,2023-11-29 05:20:00+01:00,20.08914977393556,20.08914977393556
321,temperature_sensor,2023-11-29 05:30:00+01:00,20.08949538578355,20.08949538578355
322,temperature_sensor,2023-11-29 05:40:00+01:00,20.097273932439464,20.097273932439464
323,temperature_sensor,2023-11-29 05:50:00+01:00,20.103835053991983,20.103835053991983
324,temperature_sensor,2023-11-29 06:00:00+01:00,20.091126833311364,20.091126833311364
325,temperature_sensor,2023-11-29 06:10:00+01:00,20.057575805612142,20.057575805612142
326,temperature_sensor,2023-11-29 06:20:00+01:00,20.03358936635169,20.03358936635169
327,temperature_sensor,2023-11-29 06:30:00+01:00,20.03801242808117,20.03801242808117
328,temperature_sensor,2023-11-29 06:40:00+01:00,20.066037062209038,20.066037062209038
329,temperature_sensor,2023-11-29 06:50:00+01:00,20.12435184345361,20.12435184345361
330,temperature_sensor,2023-11-29 07:00:00+01:00,20.209052928204017,20.209052928204017
331,temperature_sensor,2023-11-29 07:10:00+01:00,20.3156366687885,20.3156366687885
332,temperature_sensor,2023-11-29 07:20:00+01:00,20.42601311194477,20.42601311194477
333,temperature_sensor,2023-11-29 07:30:00+01:00,20.534585861075985,20.534585861075985
334,temperature_sensor,2023-11-29 07:40:00+01:00,20.635061115026872,20.635061115026872
335,temperature_sensor,2023-11-29 07:50:00+01:00,20.71759403530558,20.71759403530558
336,temperature_sensor,2023-11-29 08:00:00+01:00,20.800761395276997,20.800761395276997
337,temperature_sensor,2023-11-29 08:10:00+01:00,20.872017241733545,20.872017241733545
338,temperature_sensor,2023-11-29 08:20:00+01:00,20.932535482980995,20.932535482980995
339,temperature_sensor,2023-11-29 08:30:00+01:00,20.98886085246511,20.98886085246511
340,temperature_sensor,2023-11-29 08:40:00+01:00,21.019995271536004,21.019995271536004
341,temperature_sensor,2023-11-29 08:50:00+01:00,21.03516545549718,21.03516545549718
342,temperature_sensor,2023-11-29 09:00:00+01:00,21.044096254206465,21.044096254206465
343,temperature_sensor,2023-11-29 09:10:00+01:00,21.055758590971607,21.055758590971607
344,temperature_sensor,2023-11-29 09:20:00+01:00,21.06529880365673,21.06529880365673
345,temperature_sensor,2023-11-29 09:30:00+01:00,21.06924685499172,21.06924685499172
346,temperature_sensor,2023-11-29 09:40:00+01:00,21.06993313872948,21.06993313872948
347,temperature_sensor,2023-11-29 09:50:00+01:00,21.06586878783696,21.06586878783696
348,temperature_sensor,2023-11-29 10:00:00+01:00,21.063532537415934,21.063532537415934
349,temperature_sensor,2023-11-29 10:10:00+01:00,21.063151949857517,21.063151949857517
350,temperature_sensor,2023-11-29 10:20:00+01:00,21.063307769089302,21.063307769089302
351,temperature_sensor,2023-11-29 10:30:00+01:00,21.06162566962269,21.06162566962269
352,temperature_sensor,2023-11-29 10:40:00+01:00,21.05970530335281,21.05970530335281
353,temperature_sensor,2023-11-29 10:50:00+01:00,21.06017546614993,21.06017546614993
354,temperature_sensor,2023-11-29 11:00:00+01:00,21.05925447237752,21.05925447237752
355,temperature_sensor,2023-11-29 11:10:00+01:00,21.08986110318949,21.08986110318949
356,temperature_sensor,2023-11-29 11:20:00+01:00,21.10279161361268,21.10279161361268
357,temperature_sensor,2023-11-29 11:30:00+01:00,21.14249315875668,21.14249315875668
358,temperature_sensor,2023-11-29 11:40:00+01:00,21.154037546201323,21.154037546201323
359,temperature_sensor,2023-11-29 11:50:00+01:00,21.14898418491191,21.14898418491191
360,temperature_sensor,2023-11-29 12:00:00+01:00,21.135058843900996,21.135058843900996
361,temperature_sensor,2023-11-29 12:10:00+01:00,21.117831535480377,21.117831535480377
362,temperature_sensor,2023-11-29 12:20:00+01:00,21.093887394591263,21.093887394591263
363,temperature_sensor,2023-11-29 12:30:00+01:00,21.07050166925893,21.07050166925893
364,temperature_sensor,2023-11-29 12:40:00+01:00,21.04920063528226,21.04920063528226
365,temperature_sensor,2023-11-29 12:50:00+01:00,21.028867767649444,21.028867767649444
366,temperature_sensor,2023-11-29 13:00:00+01:00,21.00974531635052,21.00974531635052
367,temperature_sensor,2023-11-29 13:10:00+01:00,20.99641679496432,20.99641679496432
368,temperature_sensor,2023-11-29 13:20:00+01:00,20.98439667030766,20.98439667030766
369,temperature_sensor,2023-11-29 13:30:00+01:00,20.971634663043343,20.971634663043343
370,temperature_sensor,2023-11-29 13:40:00+01:00,20.961730303269974,20.961730303269974
371,temperature_sensor,2023-11-29 13:50:00+01:00,20.954385116593585,20.954385116593585
372,temperature_sensor,2023-11-29 14:00:00+01:00,20.94921374849116,20.94921374849116
373,temperature_sensor,2023-11-29 14:10:00+01:00,20.946933670411283,20.946933670411283
374,temperature_sensor,2023-11-29 14:20:00+01:00,20.944732906222328,20.944732906222328
375,temperature_sensor,2023-11-29 14:30:00+01:00,20.945834973692968,20.945834973692968
376,temperature_sensor,2023-11-29 14:40:00+01:00,20.949571446142045,20.949571446142045
377,temperature_sensor,2023-11-29 14:50:00+01:00,20.956179242227734,20.956179242227734
378,temperature_sensor,2023-11-29 15:00:00+01:00,20.960031879548808,20.960031879548808
379,temperature_sensor,2023-11-29 15:10:00+01:00,20.95798560209255,20.95798560209255
380,temperature_sensor,2023-11-29 15:20:00+01:00,20.95318041340772,20.95318041340772
381,temperature_sensor,2023-11-29 15:30:00+01:00,20.949416195276115,20.949416195276115
382,temperature_sensor,2023-11-29 15:40:00+01:00,20.94655274596096,20.94655274596096
383,temperature_sensor,2023-11-29 15:50:00+01:00,20.945292402030876,20.945292402030876
384,temperature_sensor,2023-11-29 16:00:00+01:00,20.94656968436192,20.94656968436192
385,temperature_sensor,2023-11-29 16:10:00+01:00,20.947057967737067,20.947057967737067
386,temperature_sensor,2023-11-29 16:20:00+01:00,20.9482165689289,20.9482165689289
387,temperature_sensor,2023-11-29 16:30:00+01:00,20.948715806694565,20.948715806694565
388,temperature_sensor,2023-11-29 16:40:00+01:00,20.949823275948347,20.949823275948347
389,temperature_sensor,2023-11-29 16:50:00+01:00,20.95138953376721,20.95138953376721
390,temperature_sensor,2023-11-29 17:00:00+01:00,20.949183092772955,20.949183092772955
391,temperature_sensor,2023-11-29 17:10:00+01:00,20.948635443923703,20.948635443923703
392,temperature_sensor,2023-11-29 17:20:00+01:00,20.944140235042653,20.944140235042653
393,temperature_sensor,2023-11-29 17:30:00+01:00,20.94798600471256,20.94798600471256
394,temperature_sensor,2023-11-29 17:40:00+01:00,20.95440909992232,20.95440909992232
395,temperature_sensor,2023-11-29 17:50:00+01:00,20.95957323259296,20.95957323259296
396,temperature_sensor,2023-11-29 18:00:00+01:00,20.96476388853449,20.96476388853449
397,temperature_sensor,2023-11-29 18:10:00+01:00,20.970031241707147,20.970031241707147
398,temperature_sensor,2023-11-29 18:20:00+01:00,20.971189540997955,20.971189540997955
399,temperature_sensor,2023-11-29 18:30:00+01:00,20.968950031798784,20.968950031798784
400,temperature_sensor,2023-11-29 18:40:00+01:00,20.968052603121123,20.968052603121123
401,temperature_sensor,2023-11-29 18:50:00+01:00,20.97437812434828,20.97437812434828
402,temperature_sensor,2023-11-29 19:00:00+01:00,20.98231462262811,20.98231462262811
403,temperature_sensor,2023-11-29 19:10:00+01:00,20.99332316842009,20.99332316842009
404,temperature_sensor,2023-11-29 19:20:00+01:00,20.956232380349206,20.956232380349206
405,temperature_sensor,2023-11-29 19:30:00+01:00,20.860902713653672,20.860902713653672
406,temperature_sensor,2023-11-29 19:40:00+01:00,20.73081037185142,20.73081037185142
407,temperature_sensor,2023-11-29 19:50:00+01:00,20.603628713063586,20.603628713063586
408,temperature_sensor,2023-11-29 20:00:00+01:00,20.49627326382779,20.49627326382779
409,temperature_sensor,2023-11-29 20:10:00+01:00,20.415731581666197,20.415731581666197
410,temperature_sensor,2023-11-29 20:20:00+01:00,20.372020677892635,20.372020677892635
411,temperature_sensor,2023-11-29 20:30:00+01:00,20.356463335619765,20.356463335619765
412,temperature_sensor,2023-11-29 20:40:00+01:00,20.347483005134563,20.347483005134563
413,temperature_sensor,2023-11-29 20:50:00+01:00,20.32798237640918,20.32798237640918
414,temperature_sensor,2023-11-29 21:00:00+01:00,20.291190009775903,20.291190009775903
415,temperature_sensor,2023-11-29 21:10:00+01:00,20.240543146974744,20.240543146974744
416,temperature_sensor,2023-11-29 21:20:00+01:00,20.189137239893057,20.189137239893057
417,temperature_sensor,2023-11-29 21:30:00+01:00,20.141887314553856,20.141887314553856
418,temperature_sensor,2023-11-29 21:40:00+01:00,20.110917414468304,20.110917414468304
419,temperature_sensor,2023-11-29 21:50:00+01:00,20.121062590676843,20.121062590676843
420,temperature_sensor,2023-11-29 22:00:00+01:00,20.15376103048419,20.15376103048419
421,temperature_sensor,2023-11-29 22:10:00+01:00,20.1864296648547,20.1864296648547
422,temperature_sensor,2023-11-29 22:20:00+01:00,20.20428591206172,20.20428591206172
423,temperature_sensor,2023-11-29 22:30:00+01:00,20.198601630856277,20.198601630856277
424,temperature_sensor,2023-11-29 22:40:00+01:00,20.18379264186143,20.18379264186143
425,temperature_sensor,2023-11-29 22:50:00+01:00,20.173806275959407,20.173806275959407
426,temperature_sensor,2023-11-29 23:00:00+01:00,20.175888852489663,20.175888852489663
427,temperature_sensor,2023-11-29 23:10:00+01:00,20.18775294247069,20.18775294247069
428,temperature_sensor,2023-11-29 23:20:00+01:00,20.197543864957996,20.197543864957996
429,temperature_sensor,2023-11-29 23:30:00+01:00,20.19722748581364,20.19722748581364
430,temperature_sensor,2023-11-29 23:40:00+01:00,20.186810248946017,20.186810248946017
431,temperature_sensor,2023-11-29 23:50:00+01:00,20.17624111825569,20.17624111825569
432,temperature_sensor,2023-11-30 00:00:00+01:00,20.173861506911063,20.173861506911063
433,temperature_sensor,2023-11-30 00:10:00+01:00,20.17996883851964,20.17996883851964
434,temperature_sensor,2023-11-30 00:20:00+01:00,20.186934117864556,20.186934117864556
435,temperature_sensor,2023-11-30 00:30:00+01:00,20.192601134183235,20.192601134183235
436,temperature_sensor,2023-11-30 00:40:00+01:00,20.193209029404727,20.193209029404727
437,temperature_sensor,2023-11-30 00:50:00+01:00,20.18971846258455,20.18971846258455
438,temperature_sensor,2023-11-30 01:00:00+01:00,20.18282844257442,20.18282844257442
439,temperature_sensor,2023-11-30 01:10:00+01:00,20.177269878176677,20.177269878176677
440,temperature_sensor,2023-11-30 01:20:00+01:00,20.174846116076992,20.174846116076992
441,temperature_sensor,2023-11-30 01:30:00+01:00,20.176756809129472,20.176756809129472
442,temperature_sensor,2023-11-30 01:40:00+01:00,20.183247455144052,20.183247455144052
443,temperature_sensor,2023-11-30 01:50:00+01:00,20.1843907131734,20.1843907131734
444,temperature_sensor,2023-11-30 02:00:00+01:00,20.16075431873054,20.16075431873054
445,temperature_sensor,2023-11-30 02:10:00+01:00,20.125099405463573,20.125099405463573
446,temperature_sensor,2023-11-30 02:20:00+01:00,20.08793471643594,20.08793471643594
447,temperature_sensor,2023-11-30 02:30:00+01:00,20.055593063677804,20.055593063677804
448,temperature_sensor,2023-11-30 02:40:00+01:00,20.0317389525506,20.0317389525506
449,temperature_sensor,2023-11-30 02:50:00+01:00,20.024125417968605,20.024125417968605
450,temperature_sensor,2023-11-30 03:00:00+01:00,20.042480781401764,20.042480781401764
451,temperature_sensor,2023-11-30 03:10:00+01:00,20.081949951764045,20.081949951764045
452,temperature_sensor,2023-11-30 03:20:00+01:00,20.120233014507107,20.120233014507107
453,temperature_sensor,2023-11-30 03:30:00+01:00,20.14439596681996,20.14439596681996
454,temperature_sensor,2023-11-30 03:40:00+01:00,20.14221451431598,20.14221451431598
455,temperature_sensor,2023-11-30 03:50:00+01:00,20.12001966998497,20.12001966998497
456,temperature_sensor,2023-11-30 04:00:00+01:00,20.087775252365415,20.087775252365415
457,temperature_sensor,2023-11-30 04:10:00+01:00,20.055340418864773,20.055340418864773
458,temperature_sensor,2023-11-30 04:20:00+01:00,20.05368028455814,20.05368028455814
459,temperature_sensor,2023-11-30 04:30:00+01:00,20.08307704452824,20.08307704452824
460,temperature_sensor,2023-11-30 04:40:00+01:00,20.127325976375687,20.127325976375687
461,temperature_sensor,2023-11-30 04:50:00+01:00,20.16533027006858,20.16533027006858
462,temperature_sensor,2023-11-30 05:00:00+01:00,20.18084647367499,20.18084647367499
463,temperature_sensor,2023-11-30 05:10:00+01:00,20.169002230945352,20.169002230945352
464,temperature_sensor,2023-11-30 05:20:00+01:00,20.138943220285967,20.138943220285967
465,temperature_sensor,2023-11-30 05:30:00+01:00,20.10833582558672,20.10833582558672
466,temperature_sensor,2023-11-30 05:40:00+01:00,20.079427848460057,20.079427848460057
467,temperature_sensor,2023-11-30 05:50:00+01:00,20.06836686024764,20.06836686024764
468,temperature_sensor,2023-11-30 06:00:00+01:00,20.07471419919517,20.07471419919517
469,temperature_sensor,2023-11-30 06:10:00+01:00,20.07073709728252,20.07073709728252
470,temperature_sensor,2023-11-30 06:20:00+01:00,20.0679539659468,20.0679539659468
471,temperature_sensor,2023-11-30 06:30:00+01:00,20.08606681229128,20.08606681229128
472,temperature_sensor,2023-11-30 06:40:00+01:00,20.130468721051045,20.130468721051045
473,temperature_sensor,2023-11-30 06:50:00+01:00,20.20115085362886,20.20115085362886
474,temperature_sensor,2023-11-30 07:00:00+01:00,20.283002116463194,20.283002116463194
475,temperature_sensor,2023-11-30 07:10:00+01:00,20.36122416990355,20.36122416990355
476,temperature_sensor,2023-11-30 07:20:00+01:00,20.42862977538925,20.42862977538925
477,temperature_sensor,2023-11-30 07:30:00+01:00,20.496521867542867,20.496521867542867
478,temperature_sensor,2023-11-30 07:40:00+01:00,20.566075112663498,20.566075112663498
479,temperature_sensor,2023-11-30 07:50:00+01:00,20.638102159013897,20.638102159013897
480,temperature_sensor,2023-11-30 08:00:00+01:00,20.70835540768519,20.70835540768519
481,temperature_sensor,2023-11-30 08:10:00+01:00,20.77705394974157,20.77705394974157
482,temperature_sensor,2023-11-30 08:20:00+01:00,20.837495123743224,20.837495123743224
483,temperature_sensor,2023-11-30 08:30:00+01:00,20.88704747041578,20.88704747041578
484,temperature_sensor,2023-11-30 08:40:00+01:00,20.928865831650057,20.928865831650057
485,temperature_sensor,2023-11-30 08:50:00+01:00,20.96451743166233,20.96451743166233
486,temperature_sensor,2023-11-30 09:00:00+01:00,20.99303284494636,20.99303284494636
487,temperature_sensor,2023-11-30 09:10:00+01:00,21.017745601063154,21.017745601063154
488,temperature_sensor,2023-11-30 09:20:00+01:00,21.038897941176916,21.038897941176916
489,temperature_sensor,2023-11-30 09:30:00+01:00,21.05882176371847,21.05882176371847
490,temperature_sensor,2023-11-30 09:40:00+01:00,21.090446286967563,21.090446286967563
491,temperature_sensor,2023-11-30 09:50:00+01:00,21.1218948380444,21.1218948380444
492,temperature_sensor,2023-11-30 10:00:00+01:00,21.15040056537083,21.15040056537083
493,temperature_sensor,2023-11-30 10:10:00+01:00,21.16926860297474,21.16926860297474
494,temperature_sensor,2023-11-30 10:20:00+01:00,21.1763447463415,21.1763447463415
495,temperature_sensor,2023-11-30 10:30:00+01:00,21.174339964986306,21.174339964986306
496,temperature_sensor,2023-11-30 10:40:00+01:00,21.16617835899342,21.16617835899342
497,temperature_sensor,2023-11-30 10:50:00+01:00,21.15796689397348,21.15796689397348
498,temperature_sensor,2023-11-30 11:00:00+01:00,21.14784611776355,21.14784611776355
499,temperature_sensor,2023-11-30 11:10:00+01:00,21.1629426191098,21.1629426191098
500,temperature_sensor,2023-11-30 11:20:00+01:00,21.16585955750611,21.16585955750611
501,temperature_sensor,2023-11-30 11:30:00+01:00,21.192380687271168,21.192380687271168
502,temperature_sensor,2023-11-30 11:40:00+01:00,21.20911931256137,21.20911931256137
503,temperature_sensor,2023-11-30 11:50:00+01:00,21.210143043298388,21.210143043298388
504,temperature_sensor,2023-11-30 12:00:00+01:00,21.214417663189806,21.214417663189806
505,temperature_sensor,2023-11-30 12:10:00+01:00,21.20485127544896,21.20485127544896
506,temperature_sensor,2023-11-30 12:20:00+01:00,21.19683317637885,21.19683317637885
507,temperature_sensor,2023-11-30 12:30:00+01:00,21.19638798976746,21.19638798976746
508,temperature_sensor,2023-11-30 12:40:00+01:00,21.173135981334724,21.173135981334724
509,temperature_sensor,2023-11-30 12:50:00+01:00,21.15000136938841,21.15000136938841
510,temperature_sensor,2023-11-30 13:00:00+01:00,21.124726084601377,21.124726084601377
511,temperature_sensor,2023-11-30 13:10:00+01:00,21.08516507098892,21.08516507098892
512,temperature_sensor,2023-11-30 13:20:00+01:00,21.042487922368597,21.042487922368597
513,temperature_sensor,2023-11-30 13:30:00+01:00,21.00194690886548,21.00194690886548
514,temperature_sensor,2023-11-30 13:40:00+01:00,20.96313576039512,20.96313576039512
515,temperature_sensor,2023-11-30 13:50:00+01:00,20.928564680478477,20.928564680478477
516,temperature_sensor,2023-11-30 14:00:00+01:00,20.901840481549925,20.901840481549925
517,temperature_sensor,2023-11-30 14:10:00+01:00,20.88204852865385,20.88204852865385
518,temperature_sensor,2023-11-30 14:20:00+01:00,20.867217645120377,20.867217645120377
519,temperature_sensor,2023-11-30 14:30:00+01:00,20.857916773387277,20.857916773387277
520,temperature_sensor,2023-11-30 14:40:00+01:00,20.856584132496096,20.856584132496096
521,temperature_sensor,2023-11-30 14:50:00+01:00,20.85847331713694,20.85847331713694
522,temperature_sensor,2023-11-30 15:00:00+01:00,20.861701143359426,20.861701143359426
523,temperature_sensor,2023-11-30 15:10:00+01:00,20.86376183745341,20.86376183745341
524,temperature_sensor,2023-11-30 15:20:00+01:00,20.873874490959796,20.873874490959796
525,temperature_sensor,2023-11-30 15:30:00+01:00,20.880928981839247,20.880928981839247
526,temperature_sensor,2023-11-30 15:40:00+01:00,20.88855097041062,20.88855097041062
527,temperature_sensor,2023-11-30 15:50:00+01:00,20.89556133443955,20.89556133443955
528,temperature_sensor,2023-11-30 16:00:00+01:00,20.899849894337308,20.899849894337308
529,temperature_sensor,2023-11-30 16:10:00+01:00,20.90423853287956,20.90423853287956
530,temperature_sensor,2023-11-30 16:20:00+01:00,20.90735531604309,20.90735531604309
531,temperature_sensor,2023-11-30 16:30:00+01:00,20.910581944415924,20.910581944415924
532,temperature_sensor,2023-11-30 16:40:00+01:00,20.917037505659607,20.917037505659607
533,temperature_sensor,2023-11-30 16:50:00+01:00,20.9289073156512,20.9289073156512
534,temperature_sensor,2023-11-30 17:00:00+01:00,20.939951296847653,20.939951296847653
535,temperature_sensor,2023-11-30 17:10:00+01:00,20.948276156268548,20.948276156268548
536,temperature_sensor,2023-11-30 17:20:00+01:00,20.951010035990976,20.951010035990976
537,temperature_sensor,2023-11-30 17:30:00+01:00,20.95439558370589,20.95439558370589
538,temperature_sensor,2023-11-30 17:40:00+01:00,20.958217911554243,20.958217911554243
539,temperature_sensor,2023-11-30 17:50:00+01:00,20.96107768371741,20.96107768371741
540,temperature_sensor,2023-11-30 18:00:00+01:00,20.96431360035456,20.96431360035456
541,temperature_sensor,2023-11-30 18:10:00+01:00,20.96770777297911,20.96770777297911
542,temperature_sensor,2023-11-30 18:20:00+01:00,20.96979075328761,20.96979075328761
543,temperature_sensor,2023-11-30 18:30:00+01:00,20.972100674761407,20.972100674761407
544,temperature_sensor,2023-11-30 18:40:00+01:00,20.974540702023944,20.974540702023944
545,temperature_sensor,2023-11-30 18:50:00+01:00,20.973760026378383,20.973760026378383
546,temperature_sensor,2023-11-30 19:00:00+01:00,20.973649641840154,20.973649641840154
547,temperature_sensor,2023-11-30 19:10:00+01:00,20.9739741371165,20.9739741371165
548,temperature_sensor,2023-11-30 19:20:00+01:00,20.93194559124919,20.93194559124919
549,temperature_sensor,2023-11-30 19:30:00+01:00,20.835118350200503,20.835118350200503
550,temperature_sensor,2023-11-30 19:40:00+01:00,20.70936884263193,20.70936884263193
551,temperature_sensor,2023-11-30 19:50:00+01:00,20.59119543847936,20.59119543847936
552,temperature_sensor,2023-11-30 20:00:00+01:00,20.49403242189612,20.49403242189612
553,temperature_sensor,2023-11-30 20:10:00+01:00,20.42018717886765,20.42018717886765
554,temperature_sensor,2023-11-30 20:20:00+01:00,20.3637760630578,20.3637760630578
555,temperature_sensor,2023-11-30 20:30:00+01:00,20.315581014774462,20.315581014774462
556,temperature_sensor,2023-11-30 20:40:00+01:00,20.27200805991197,20.27200805991197
557,temperature_sensor,2023-11-30 20:50:00+01:00,20.230658994400528,20.230658994400528
558,temperature_sensor,2023-11-30 21:00:00+01:00,20.19696674467042,20.19696674467042
559,temperature_sensor,2023-11-30 21:10:00+01:00,20.17076976081745,20.17076976081745
560,temperature_sensor,2023-11-30 21:20:00+01:00,20.151207871535007,20.151207871535007
561,temperature_sensor,2023-11-30 21:30:00+01:00,20.13904991065482,20.13904991065482
562,temperature_sensor,2023-11-30 21:40:00+01:00,20.12885267043606,20.12885267043606
563,temperature_sensor,2023-11-30 21:50:00+01:00,20.120145413718944,20.120145413718944
564,temperature_sensor,2023-11-30 22:00:00+01:00,20.11067725918332,20.11067725918332
565,temperature_sensor,2023-11-30 22:10:00+01:00,20.104375348430267,20.104375348430267
566,temperature_sensor,2023-11-30 22:20:00+01:00,20.124128344388,20.124128344388
567,temperature_sensor,2023-11-30 22:30:00+01:00,20.16011751515396,20.16011751515396
568,temperature_sensor,2023-11-30 22:40:00+01:00,20.192992513783,20.192992513783
569,temperature_sensor,2023-11-30 22:50:00+01:00,20.210428118218147,20.210428118218147
570,temperature_sensor,2023-11-30 23:00:00+01:00,20.20401566233693,20.20401566233693
571,temperature_sensor,2023-11-30 23:10:00+01:00,20.19017113682486,20.19017113682486
572,temperature_sensor,2023-11-30 23:20:00+01:00,20.188691538579175,20.188691538579175
573,temperature_sensor,2023-11-30 23:30:00+01:00,20.197238462736493,20.197238462736493
574,temperature_sensor,2023-11-30 23:40:00+01:00,20.21001363851707,20.21001363851707
575,temperature_sensor,2023-11-30 23:50:00+01:00,20.217741213906663,20.217741213906663
576,temperature_sensor,2023-12-01 00:00:00+01:00,20.21809893564921,20.21809893564921
577,temperature_sensor,2023-12-01 00:10:00+01:00,20.214173485738343,20.214173485738343
578,temperature_sensor,2023-12-01 00:20:00+01:00,20.206713247010555,20.206713247010555
579,temperature_sensor,2023-12-01 00:30:00+01:00,20.2004202180035,20.2004202180035
580,temperature_sensor,2023-12-01 00:40:00+01:00,20.197187561471765,20.197187561471765
581,temperature_sensor,2023-12-01 00:50:00+01:00,20.19811346345688,20.19811346345688
582,temperature_sensor,2023-12-01 01:00:00+01:00,20.20258560159715,20.20258560159715
583,temperature_sensor,2023-12-01 01:10:00+01:00,20.205852721714397,20.205852721714397
584,temperature_sensor,2023-12-01 01:20:00+01:00,20.19792857109087,20.19792857109087
585,temperature_sensor,2023-12-01 01:30:00+01:00,20.168390583251156,20.168390583251156
586,temperature_sensor,2023-12-01 01:40:00+01:00,20.12937845317913,20.12937845317913
587,temperature_sensor,2023-12-01 01:50:00+01:00,20.09068004724037,20.09068004724037
588,temperature_sensor,2023-12-01 02:00:00+01:00,20.054707280137848,20.054707280137848
589,temperature_sensor,2023-12-01 02:10:00+01:00,20.03253231426629,20.03253231426629
590,temperature_sensor,2023-12-01 02:20:00+01:00,20.03381224112292,20.03381224112292
591,temperature_sensor,2023-12-01 02:30:00+01:00,20.06454733060025,20.06454733060025
592,temperature_sensor,2023-12-01 02:40:00+01:00,20.102562067791325,20.102562067791325
593,temperature_sensor,2023-12-01 02:50:00+01:00,20.123809140371463,20.123809140371463
594,temperature_sensor,2023-12-01 03:00:00+01:00,20.1094010512316,20.1094010512316
595,temperature_sensor,2023-12-01 03:10:00+01:00,20.07602428425639,20.07602428425639
596,temperature_sensor,2023-12-01 03:20:00+01:00,20.03760369471047,20.03760369471047
597,temperature_sensor,2023-12-01 03:30:00+01:00,19.996905001794403,19.996905001794403
598,temperature_sensor,2023-12-01 03:40:00+01:00,19.969665307563048,19.969665307563048
599,temperature_sensor,2023-12-01 03:50:00+01:00,19.97239967064894,19.97239967064894
600,temperature_sensor,2023-12-01 04:00:00+01:00,20.008478322164763,20.008478322164763
601,temperature_sensor,2023-12-01 04:10:00+01:00,20.05308568223495,20.05308568223495
602,temperature_sensor,2023-12-01 04:20:00+01:00,20.09071571203725,20.09071571203725
603,temperature_sensor,2023-12-01 04:30:00+01:00,20.10019380901292,20.10019380901292
604,temperature_sensor,2023-12-01 04:40:00+01:00,20.087133545788504,20.087133545788504
605,temperature_sensor,2023-12-01 04:50:00+01:00,20.0743033728466,20.0743033728466
606,temperature_sensor,2023-12-01 05:00:00+01:00,20.07414187064734,20.07414187064734
607,temperature_sensor,2023-12-01 05:10:00+01:00,20.078603010606912,20.078603010606912
608,temperature_sensor,2023-12-01 05:20:00+01:00,20.065979406198156,20.065979406198156
609,temperature_sensor,2023-12-01 05:30:00+01:00,20.03856975581624,20.03856975581624
610,temperature_sensor,2023-12-01 05:40:00+01:00,20.010286088373675,20.010286088373675
611,temperature_sensor,2023-12-01 05:50:00+01:00,19.98163345819501,19.98163345819501
612,temperature_sensor,2023-12-01 06:00:00+01:00,19.95912410594559,19.95912410594559
613,temperature_sensor,2023-12-01 06:10:00+01:00,19.94489918830033,19.94489918830033
614,temperature_sensor,2023-12-01 06:20:00+01:00,19.9565140406138,19.9565140406138
615,temperature_sensor,2023-12-01 06:30:00+01:00,20.000086940576978,20.000086940576978
616,temperature_sensor,2023-12-01 06:40:00+01:00,20.06293404455795,20.06293404455795
617,temperature_sensor,2023-12-01 06:50:00+01:00,20.13961313361682,20.13961313361682
618,temperature_sensor,2023-12-01 07:00:00+01:00,20.2185414579925,20.2185414579925
619,temperature_sensor,2023-12-01 07:10:00+01:00,20.29977376735468,20.29977376735468
620,temperature_sensor,2023-12-01 07:20:00+01:00,20.379299509198347,20.379299509198347
621,temperature_sensor,2023-12-01 07:30:00+01:00,20.459976817926474,20.459976817926474
622,temperature_sensor,2023-12-01 07:40:00+01:00,20.54345382753212,20.54345382753212
623,temperature_sensor,2023-12-01 07:50:00+01:00,20.626231961080634,20.626231961080634
624,temperature_sensor,2023-12-01 08:00:00+01:00,20.6992081636966,20.6992081636966
625,temperature_sensor,2023-12-01 08:10:00+01:00,20.76623167044079,20.76623167044079
626,temperature_sensor,2023-12-01 08:20:00+01:00,20.82446259499028,20.82446259499028
627,temperature_sensor,2023-12-01 08:30:00+01:00,20.8761623249967,20.8761623249967
628,temperature_sensor,2023-12-01 08:40:00+01:00,20.922432160485076,20.922432160485076
629,temperature_sensor,2023-12-01 08:50:00+01:00,20.96224466589979,20.96224466589979
630,temperature_sensor,2023-12-01 09:00:00+01:00,20.994900898630988,20.994900898630988
631,temperature_sensor,2023-12-01 09:10:00+01:00,21.026612294605627,21.026612294605627
632,temperature_sensor,2023-12-01 09:20:00+01:00,21.05696640386265,21.05696640386265
633,temperature_sensor,2023-12-01 09:30:00+01:00,21.078343500643086,21.078343500643086
634,temperature_sensor,2023-12-01 09:40:00+01:00,21.089985770101865,21.089985770101865
635,temperature_sensor,2023-12-01 09:50:00+01:00,21.09800393441077,21.09800393441077
636,temperature_sensor,2023-12-01 10:00:00+01:00,21.103674334943605,21.103674334943605
637,temperature_sensor,2023-12-01 10:10:00+01:00,21.11025509609124,21.11025509609124
638,temperature_sensor,2023-12-01 10:20:00+01:00,21.123766247885555,21.123766247885555
639,temperature_sensor,2023-12-01 10:30:00+01:00,21.13935219967624,21.13935219967624
640,temperature_sensor,2023-12-01 10:40:00+01:00,21.159071427129614,21.159071427129614
641,temperature_sensor,2023-12-01 10:50:00+01:00,21.182382708770376,21.182382708770376
642,temperature_sensor,2023-12-01 11:00:00+01:00,21.202190141001324,21.202190141001324
643,temperature_sensor,2023-12-01 11:10:00+01:00,21.217819456955283,21.217819456955283
644,temperature_sensor,2023-12-01 11:20:00+01:00,21.231337316457484,21.231337316457484
645,temperature_sensor,2023-12-01 11:30:00+01:00,21.238751862158157,21.238751862158157
646,temperature_sensor,2023-12-01 11:40:00+01:00,21.239376933220285,21.239376933220285
647,temperature_sensor,2023-12-01 11:50:00+01:00,21.240048497087518,21.240048497087518
648,temperature_sensor,2023-12-01 12:00:00+01:00,21.236250659853454,21.236250659853454
649,temperature_sensor,2023-12-01 12:10:00+01:00,21.22958151981237,21.22958151981237
650,temperature_sensor,2023-12-01 12:20:00+01:00,21.20609230772675,21.20609230772675
651,temperature_sensor,2023-12-01 12:30:00+01:00,21.17070384390047,21.17070384390047
652,temperature_sensor,2023-12-01 12:40:00+01:00,21.13835352285855,21.13835352285855
653,temperature_sensor,2023-12-01 12:50:00+01:00,21.110455323823032,21.110455323823032
654,temperature_sensor,2023-12-01 13:00:00+01:00,21.083452644460124,21.083452644460124
655,temperature_sensor,2023-12-01 13:10:00+01:00,21.058970080476968,21.058970080476968
656,temperature_sensor,2023-12-01 13:20:00+01:00,21.035868476331306,21.035868476331306
657,temperature_sensor,2023-12-01 13:30:00+01:00,21.013479389480324,21.013479389480324
658,temperature_sensor,2023-12-01 13:40:00+01:00,20.99534783491009,20.99534783491009
659,temperature_sensor,2023-12-01 13:50:00+01:00,20.979896604086605,20.979896604086605
660,temperature_sensor,2023-12-01 14:00:00+01:00,20.966951822791543,20.966951822791543
661,temperature_sensor,2023-12-01 14:10:00+01:00,20.95425166770883,20.95425166770883
662,temperature_sensor,2023-12-01 14:20:00+01:00,20.94293485226615,20.94293485226615
663,temperature_sensor,2023-12-01 14:30:00+01:00,20.93411838625593,20.93411838625593
664,temperature_sensor,2023-12-01 14:40:00+01:00,20.92750049461813,20.92750049461813
665,temperature_sensor,2023-12-01 14:50:00+01:00,20.921624145125804,20.921624145125804
666,temperature_sensor,2023-12-01 15:00:00+01:00,20.916395742028385,20.916395742028385
667,temperature_sensor,2023-12-01 15:10:00+01:00,20.91188551264105,20.91188551264105
668,temperature_sensor,2023-12-01 15:20:00+01:00,20.91136671063481,20.91136671063481
669,temperature_sensor,2023-12-01 15:30:00+01:00,20.91408203474373,20.91408203474373
670,temperature_sensor,2023-12-01 15:40:00+01:00,20.921405463085648,20.921405463085648
671,temperature_sensor,2023-12-01 15:50:00+01:00,20.92487639553491,20.92487639553491
672,temperature_sensor,2023-12-01 16:00:00+01:00,20.92434538108972,20.92434538108972
673,temperature_sensor,2023-12-01 16:10:00+01:00,20.92468592639653,20.92468592639653
674,temperature_sensor,2023-12-01 16:20:00+01:00,20.926560829134587,20.926560829134587
675,temperature_sensor,2023-12-01 16:30:00+01:00,20.92845279441485,20.92845279441485
676,temperature_sensor,2023-12-01 16:40:00+01:00,20.931457813683156,20.931457813683156
677,temperature_sensor,2023-12-01 16:50:00+01:00,20.94054814799557,20.94054814799557
678,temperature_sensor,2023-12-01 17:00:00+01:00,20.961594555489057,20.961594555489057
679,temperature_sensor,2023-12-01 17:10:00+01:00,20.977483330368216,20.977483330368216
680,temperature_sensor,2023-12-01 17:20:00+01:00,20.987356351965616,20.987356351965616
681,temperature_sensor,2023-12-01 17:30:00+01:00,20.991516038887767,20.991516038887767
682,temperature_sensor,2023-12-01 17:40:00+01:00,20.998975922515854,20.998975922515854
683,temperature_sensor,2023-12-01 17:50:00+01:00,21.00979749290769,21.00979749290769
684,temperature_sensor,2023-12-01 18:00:00+01:00,21.021026951009503,21.021026951009503
685,temperature_sensor,2023-12-01 18:10:00+01:00,21.03680775658813,21.03680775658813
686,temperature_sensor,2023-12-01 18:20:00+01:00,21.04757760697333,21.04757760697333
687,temperature_sensor,2023-12-01 18:30:00+01:00,21.056504733071336,21.056504733071336
688,temperature_sensor,2023-12-01 18:40:00+01:00,21.06370295466309,21.06370295466309
689,temperature_sensor,2023-12-01 18:50:00+01:00,21.06779573770774,21.06779573770774
690,temperature_sensor,2023-12-01 19:00:00+01:00,21.07089155265669,21.07089155265669
691,temperature_sensor,2023-12-01 19:10:00+01:00,21.082879427159696,21.082879427159696
692,temperature_sensor,2023-12-01 19:20:00+01:00,21.051087665131945,21.051087665131945
693,temperature_sensor,2023-12-01 19:30:00+01:00,20.95970454644373,20.95970454644373
694,temperature_sensor,2023-12-01 19:40:00+01:00,20.852665196729102,20.852665196729102
695,temperature_sensor,2023-12-01 19:50:00+01:00,20.760511183239032,20.760511183239032
696,temperature_sensor,2023-12-01 20:00:00+01:00,20.683942120726783,20.683942120726783
697,temperature_sensor,2023-12-01 20:10:00+01:00,20.619303295109205,20.619303295109205
698,temperature_sensor,2023-12-01 20:20:00+01:00,20.56874341993148,20.56874341993148
699,temperature_sensor,2023-12-01 20:30:00+01:00,20.53121279677748,20.53121279677748
700,temperature_sensor,2023-12-01 20:40:00+01:00,20.50068975068933,20.50068975068933
701,temperature_sensor,2023-12-01 20:50:00+01:00,20.479303204807536,20.479303204807536
702,temperature_sensor,2023-12-01 21:00:00+01:00,20.461867521693648,20.461867521693648
703,temperature_sensor,2023-12-01 21:10:00+01:00,20.44541987029476,20.44541987029476
704,temperature_sensor,2023-12-01 21:20:00+01:00,20.43082245377144,20.43082245377144
705,temperature_sensor,2023-12-01 21:30:00+01:00,20.41529017791288,20.41529017791288
706,temperature_sensor,2023-12-01 21:40:00+01:00,20.401455874380417,20.401455874380417
707,temperature_sensor,2023-12-01 21:50:00+01:00,20.38615142507058,20.38615142507058
708,temperature_sensor,2023-12-01 22:00:00+01:00,20.372391264075475,20.372391264075475
709,temperature_sensor,2023-12-01 22:10:00+01:00,20.35997737246015,20.35997737246015
710,temperature_sensor,2023-12-01 22:20:00+01:00,20.346576094890903,20.346576094890903
711,temperature_sensor,2023-12-01 22:30:00+01:00,20.335741508676392,20.335741508676392
712,temperature_sensor,2023-12-01 22:40:00+01:00,20.32432787878764,20.32432787878764
713,temperature_sensor,2023-12-01 22:50:00+01:00,20.315015998633385,20.315015998633385
714,temperature_sensor,2023-12-01 23:00:00+01:00,20.31188228374799,20.31188228374799
715,temperature_sensor,2023-12-01 23:10:00+01:00,20.307251805232056,20.307251805232056
716,temperature_sensor,2023-12-01 23:20:00+01:00,20.303605902342383,20.303605902342383
717,temperature_sensor,2023-12-01 23:30:00+01:00,20.300557856192768,20.300557856192768
718,temperature_sensor,2023-12-01 23:40:00+01:00,20.29619863595798,20.29619863595798
719,temperature_sensor,2023-12-01 23:50:00+01:00,20.293631895841717,20.293631895841717
720,temperature_sensor,2023-12-02 00:00:00+01:00,20.29092093912834,20.29092093912834
721,temperature_sensor,2023-12-02 00:10:00+01:00,20.289619628562377,20.289619628562377
722,temperature_sensor,2023-12-02 00:20:00+01:00,20.29754601090025,20.29754601090025
723,temperature_sensor,2023-12-02 00:30:00+01:00,20.30876715595048,20.30876715595048
724,temperature_sensor,2023-12-02 00:40:00+01:00,20.31111622984622,20.31111622984622
725,temperature_sensor,2023-12-02 00:50:00+01:00,20.30533642999535,20.30533642999535
726,temperature_sensor,2023-12-02 01:00:00+01:00,20.28860893580827,20.28860893580827
727,temperature_sensor,2023-12-02 01:10:00+01:00,20.268373382431378,20.268373382431378
728,temperature_sensor,2023-12-02 01:20:00+01:00,20.24845005747773,20.24845005747773
729,temperature_sensor,2023-12-02 01:30:00+01:00,20.231950769921525,20.231950769921525
730,temperature_sensor,2023-12-02 01:40:00+01:00,20.216152575747344,20.216152575747344
731,temperature_sensor,2023-12-02 01:50:00+01:00,20.207102837118327,20.207102837118327
732,temperature_sensor,2023-12-02 02:00:00+01:00,20.201423908139645,20.201423908139645
733,temperature_sensor,2023-12-02 02:10:00+01:00,20.19336683375405,20.19336683375405
734,temperature_sensor,2023-12-02 02:20:00+01:00,20.181432265226817,20.181432265226817
735,temperature_sensor,2023-12-02 02:30:00+01:00,20.167284678866334,20.167284678866334
736,temperature_sensor,2023-12-02 02:40:00+01:00,20.15569368390436,20.15569368390436
737,temperature_sensor,2023-12-02 02:50:00+01:00,20.14928597653017,20.14928597653017
738,temperature_sensor,2023-12-02 03:00:00+01:00,20.163379528738574,20.163379528738574
739,temperature_sensor,2023-12-02 03:10:00+01:00,20.19822292620728,20.19822292620728
740,temperature_sensor,2023-12-02 03:20:00+01:00,20.236635850057496,20.236635850057496
741,temperature_sensor,2023-12-02 03:30:00+01:00,20.264688167774352,20.264688167774352
742,temperature_sensor,2023-12-02 03:40:00+01:00,20.26577095150867,20.26577095150867
743,temperature_sensor,2023-12-02 03:50:00+01:00,20.25644445434682,20.25644445434682
744,temperature_sensor,2023-12-02 04:00:00+01:00,20.2476860165483,20.2476860165483
745,temperature_sensor,2023-12-02 04:10:00+01:00,20.248686448306785,20.248686448306785
746,temperature_sensor,2023-12-02 04:20:00+01:00,20.25953996433435,20.25953996433435
747,temperature_sensor,2023-12-02 04:30:00+01:00,20.2752638578998,20.2752638578998
748,temperature_sensor,2023-12-02 04:40:00+01:00,20.28571566834421,20.28571566834421
749,temperature_sensor,2023-12-02 04:50:00+01:00,20.28513662035442,20.28513662035442
750,temperature_sensor,2023-12-02 05:00:00+01:00,20.27015148347596,20.27015148347596
751,temperature_sensor,2023-12-02 05:10:00+01:00,20.25214640253949,20.25214640253949
752,temperature_sensor,2023-12-02 05:20:00+01:00,20.22936594961732,20.22936594961732
753,temperature_sensor,2023-12-02 05:30:00+01:00,20.20336587410742,20.20336587410742
754,temperature_sensor,2023-12-02 05:40:00+01:00,20.17690488142773,20.17690488142773
755,temperature_sensor,2023-12-02 05:50:00+01:00,20.1516515013671,20.1516515013671
756,temperature_sensor,2023-12-02 06:00:00+01:00,20.15837350452449,20.15837350452449
757,temperature_sensor,2023-12-02 06:10:00+01:00,20.1931287801591,20.1931287801591
758,temperature_sensor,2023-12-02 06:20:00+01:00,20.238103856086354,20.238103856086354
759,temperature_sensor,2023-12-02 06:30:00+01:00,20.291398204812083,20.291398204812083
760,temperature_sensor,2023-12-02 06:40:00+01:00,20.33344964968626,20.33344964968626
761,temperature_sensor,2023-12-02 06:50:00+01:00,20.363739561279488,20.363739561279488
762,temperature_sensor,2023-12-02 07:00:00+01:00,20.388390019041367,20.388390019041367
763,temperature_sensor,2023-12-02 07:10:00+01:00,20.415649224229185,20.415649224229185
764,temperature_sensor,2023-12-02 07:20:00+01:00,20.45016476091064,20.45016476091064
765,temperature_sensor,2023-12-02 07:30:00+01:00,20.492357862706516,20.492357862706516
766,temperature_sensor,2023-12-02 07:40:00+01:00,20.550944981976727,20.550944981976727
767,temperature_sensor,2023-12-02 07:50:00+01:00,20.619244157883088,20.619244157883088
768,temperature_sensor,2023-12-02 08:00:00+01:00,20.683475643545197,20.683475643545197
769,temperature_sensor,2023-12-02 08:10:00+01:00,20.738879121511214,20.738879121511214
770,temperature_sensor,2023-12-02 08:20:00+01:00,20.785739126368128,20.785739126368128
771,temperature_sensor,2023-12-02 08:30:00+01:00,20.82572073071009,20.82572073071009
772,temperature_sensor,2023-12-02 08:40:00+01:00,20.864467818921128,20.864467818921128
773,temperature_sensor,2023-12-02 08:50:00+01:00,20.898138174833264,20.898138174833264
774,temperature_sensor,2023-12-02 09:00:00+01:00,20.927840673947344,20.927840673947344
775,temperature_sensor,2023-12-02 09:10:00+01:00,20.95703644355245,20.95703644355245
776,temperature_sensor,2023-12-02 09:20:00+01:00,20.986318544634685,20.986318544634685
777,temperature_sensor,2023-12-02 09:30:00+01:00,21.01390852784658,21.01390852784658
778,temperature_sensor,2023-12-02 09:40:00+01:00,21.030468055271,21.030468055271
779,temperature_sensor,2023-12-02 09:50:00+01:00,21.03860887801909,21.03860887801909
780,temperature_sensor,2023-12-02 10:00:00+01:00,21.042935835965466,21.042935835965466
781,temperature_sensor,2023-12-02 10:10:00+01:00,21.04725877347857,21.04725877347857
782,temperature_sensor,2023-12-02 10:20:00+01:00,21.05142732834173,21.05142732834173
783,temperature_sensor,2023-12-02 10:30:00+01:00,21.05540502564384,21.05540502564384
784,temperature_sensor,2023-12-02 10:40:00+01:00,21.067369373481085,21.067369373481085
785,temperature_sensor,2023-12-02 10:50:00+01:00,21.07867837153316,21.07867837153316
786,temperature_sensor,2023-12-02 11:00:00+01:00,21.0872519066632,21.0872519066632
787,temperature_sensor,2023-12-02 11:10:00+01:00,21.091360181667028,21.091360181667028
788,temperature_sensor,2023-12-02 11:20:00+01:00,21.094813581960068,21.094813581960068
789,temperature_sensor,2023-12-02 11:30:00+01:00,21.09865553589691,21.09865553589691
790,temperature_sensor,2023-12-02 11:40:00+01:00,21.10285323774684,21.10285323774684
791,temperature_sensor,2023-12-02 11:50:00+01:00,21.111474666448032,21.111474666448032
792,temperature_sensor,2023-12-02 12:00:00+01:00,21.12208055009387,21.12208055009387
793,temperature_sensor,2023-12-02 12:10:00+01:00,21.13109898833096,21.13109898833096
794,temperature_sensor,2023-12-02 12:20:00+01:00,21.131471871295048,21.131471871295048
795,temperature_sensor,2023-12-02 12:30:00+01:00,21.120728119300395,21.120728119300395
796,temperature_sensor,2023-12-02 12:40:00+01:00,21.10205595872867,21.10205595872867
797,temperature_sensor,2023-12-02 12:50:00+01:00,21.083479288806245,21.083479288806245
798,temperature_sensor,2023-12-02 13:00:00+01:00,21.06948282405233,21.06948282405233
799,temperature_sensor,2023-12-02 13:10:00+01:00,21.05327895896096,21.05327895896096
800,temperature_sensor,2023-12-02 13:20:00+01:00,21.03571319942841,21.03571319942841
801,temperature_sensor,2023-12-02 13:30:00+01:00,21.018554443792997,21.018554443792997
802,temperature_sensor,2023-12-02 13:40:00+01:00,21.00090899280792,21.00090899280792
803,temperature_sensor,2023-12-02 13:50:00+01:00,20.980287926052824,20.980287926052824
804,temperature_sensor,2023-12-02 14:00:00+01:00,20.956441817472125,20.956441817472125
805,temperature_sensor,2023-12-02 14:10:00+01:00,20.936642836951197,20.936642836951197
806,temperature_sensor,2023-12-02 14:20:00+01:00,20.928698384204157,20.928698384204157
807,temperature_sensor,2023-12-02 14:30:00+01:00,20.93058675835391,20.93058675835391
808,temperature_sensor,2023-12-02 14:40:00+01:00,20.92611771194288,20.92611771194288
809,temperature_sensor,2023-12-02 14:50:00+01:00,20.916593183497127,20.916593183497127
810,temperature_sensor,2023-12-02 15:00:00+01:00,20.904034677062327,20.904034677062327
811,temperature_sensor,2023-12-02 15:10:00+01:00,20.894842046710664,20.894842046710664
812,temperature_sensor,2023-12-02 15:20:00+01:00,20.89485516347554,20.89485516347554
813,temperature_sensor,2023-12-02 15:30:00+01:00,20.8982300499473,20.8982300499473
814,temperature_sensor,2023-12-02 15:40:00+01:00,20.906297879013152,20.906297879013152
815,temperature_sensor,2023-12-02 15:50:00+01:00,20.91066563879042,20.91066563879042
816,temperature_sensor,2023-12-02 16:00:00+01:00,20.91628707223174,20.91628707223174
817,temperature_sensor,2023-12-02 16:10:00+01:00,20.916323958720227,20.916323958720227
818,temperature_sensor,2023-12-02 16:20:00+01:00,20.91500593243109,20.91500593243109
819,temperature_sensor,2023-12-02 16:30:00+01:00,20.91551284926049,20.91551284926049
820,temperature_sensor,2023-12-02 16:40:00+01:00,20.924504717328038,20.924504717328038
821,temperature_sensor,2023-12-02 16:50:00+01:00,20.943408550754327,20.943408550754327
822,temperature_sensor,2023-12-02 17:00:00+01:00,20.961776965195952,20.961776965195952
823,temperature_sensor,2023-12-02 17:10:00+01:00,20.967462238255223,20.967462238255223
824,temperature_sensor,2023-12-02 17:20:00+01:00,20.96680922170964,20.96680922170964
825,temperature_sensor,2023-12-02 17:30:00+01:00,20.96186192546935,20.96186192546935
826,temperature_sensor,2023-12-02 17:40:00+01:00,20.95876317551142,20.95876317551142
827,temperature_sensor,2023-12-02 17:50:00+01:00,20.963358750136763,20.963358750136763
828,temperature_sensor,2023-12-02 18:00:00+01:00,20.970001881211655,20.970001881211655
829,temperature_sensor,2023-12-02 18:10:00+01:00,20.980259998883756,20.980259998883756
830,temperature_sensor,2023-12-02 18:20:00+01:00,20.98709889311033,20.98709889311033
831,temperature_sensor,2023-12-02 18:30:00+01:00,20.99305914771753,20.99305914771753
832,temperature_sensor,2023-12-02 18:40:00+01:00,20.99816562260196,20.99816562260196
833,temperature_sensor,2023-12-02 18:50:00+01:00,21.00245924136601,21.00245924136601
834,temperature_sensor,2023-12-02 19:00:00+01:00,21.005987063125872,21.005987063125872
835,temperature_sensor,2023-12-02 19:10:00+01:00,21.01078040259847,21.01078040259847
836,temperature_sensor,2023-12-02 19:20:00+01:00,20.97440764488141,20.97440764488141
837,temperature_sensor,2023-12-02 19:30:00+01:00,20.89991601527976,20.89991601527976
838,temperature_sensor,2023-12-02 19:40:00+01:00,20.808328082159164,20.808328082159164
839,temperature_sensor,2023-12-02 19:50:00+01:00,20.718223449085485,20.718223449085485
840,temperature_sensor,2023-12-02 20:00:00+01:00,20.63285108240416,20.63285108240416
841,temperature_sensor,2023-12-02 20:10:00+01:00,20.541486609042863,20.541486609042863
842,temperature_sensor,2023-12-02 20:20:00+01:00,20.45828710873235,20.45828710873235
843,temperature_sensor,2023-12-02 20:30:00+01:00,20.40035753269683,20.40035753269683
844,temperature_sensor,2023-12-02 20:40:00+01:00,20.369190078176928,20.369190078176928
845,temperature_sensor,2023-12-02 20:50:00+01:00,20.34948778684145,20.34948778684145
846,temperature_sensor,2023-12-02 21:00:00+01:00,20.325299543624908,20.325299543624908
847,temperature_sensor,2023-12-02 21:10:00+01:00,20.295530237512597,20.295530237512597
848,temperature_sensor,2023-12-02 21:20:00+01:00,20.26480693605282,20.26480693605282
849,temperature_sensor,2023-12-02 21:30:00+01:00,20.23927786149261,20.23927786149261
850,temperature_sensor,2023-12-02 21:40:00+01:00,20.21899639915347,20.21899639915347
851,temperature_sensor,2023-12-02 21:50:00+01:00,20.208118381659745,20.208118381659745
852,temperature_sensor,2023-12-02 22:00:00+01:00,20.20482119734146,20.20482119734146
853,temperature_sensor,2023-12-02 22:10:00+01:00,20.20564059718498,20.20564059718498
854,temperature_sensor,2023-12-02 22:20:00+01:00,20.203680333938337,20.203680333938337
855,temperature_sensor,2023-12-02 22:30:00+01:00,20.197551501353928,20.197551501353928
856,temperature_sensor,2023-12-02 22:40:00+01:00,20.18992405028132,20.18992405028132
857,temperature_sensor,2023-12-02 22:50:00+01:00,20.183084944232636,20.183084944232636
858,temperature_sensor,2023-12-02 23:00:00+01:00,20.177015303238647,20.177015303238647
859,temperature_sensor,2023-12-02 23:10:00+01:00,20.171436744179918,20.171436744179918
860,temperature_sensor,2023-12-02 23:20:00+01:00,20.16992131630667,20.16992131630667
861,temperature_sensor,2023-12-02 23:30:00+01:00,20.169998498181823,20.169998498181823
862,temperature_sensor,2023-12-02 23:40:00+01:00,20.16934228385196,20.16934228385196
863,temperature_sensor,2023-12-02 23:50:00+01:00,20.162077239184494,20.162077239184494
864,temperature_sensor,2023-12-03 00:00:00+01:00,20.151385372517268,20.151385372517268
865,temperature_sensor,2023-12-03 00:10:00+01:00,20.14404732921679,20.14404732921679
866,temperature_sensor,2023-12-03 00:20:00+01:00,20.14121902532969,20.14121902532969
867,temperature_sensor,2023-12-03 00:30:00+01:00,20.140135293960668,20.140135293960668
868,temperature_sensor,2023-12-03 00:40:00+01:00,20.138430650918732,20.138430650918732
869,temperature_sensor,2023-12-03 00:50:00+01:00,20.136171124624692,20.136171124624692
870,temperature_sensor,2023-12-03 01:00:00+01:00,20.131540438348907,20.131540438348907
871,temperature_sensor,2023-12-03 01:10:00+01:00,20.12489246655832,20.12489246655832
872,temperature_sensor,2023-12-03 01:20:00+01:00,20.118573814944625,20.118573814944625
873,temperature_sensor,2023-12-03 01:30:00+01:00,20.11248131669612,20.11248131669612
874,temperature_sensor,2023-12-03 01:40:00+01:00,20.11050336119212,20.11050336119212
875,temperature_sensor,2023-12-03 01:50:00+01:00,20.11191306394022,20.11191306394022
876,temperature_sensor,2023-12-03 02:00:00+01:00,20.109853138986693,20.109853138986693
877,temperature_sensor,2023-12-03 02:10:00+01:00,20.103313251200348,20.103313251200348
878,temperature_sensor,2023-12-03 02:20:00+01:00,20.09705712159848,20.09705712159848
879,temperature_sensor,2023-12-03 02:30:00+01:00,20.091101681970827,20.091101681970827
880,temperature_sensor,2023-12-03 02:40:00+01:00,20.083451067970145,20.083451067970145
881,temperature_sensor,2023-12-03 02:50:00+01:00,20.0764855279478,20.0764855279478
882,temperature_sensor,2023-12-03 03:00:00+01:00,20.07025797676539,20.07025797676539
883,temperature_sensor,2023-12-03 03:10:00+01:00,20.066403148939287,20.066403148939287
884,temperature_sensor,2023-12-03 03:20:00+01:00,20.062737262728604,20.062737262728604
885,temperature_sensor,2023-12-03 03:30:00+01:00,20.0593038167076,20.0593038167076
886,temperature_sensor,2023-12-03 03:40:00+01:00,20.056131619362645,20.056131619362645
887,temperature_sensor,2023-12-03 03:50:00+01:00,20.053239315885094,20.053239315885094
888,temperature_sensor,2023-12-03 04:00:00+01:00,20.051691680141573,20.051691680141573
889,temperature_sensor,2023-12-03 04:10:00+01:00,20.04908649588629,20.04908649588629
890,temperature_sensor,2023-12-03 04:20:00+01:00,20.04680129376408,20.04680129376408
891,temperature_sensor,2023-12-03 04:30:00+01:00,20.0459301123276,20.0459301123276
892,temperature_sensor,2023-12-03 04:40:00+01:00,20.045121757447703,20.045121757447703
893,temperature_sensor,2023-12-03 04:50:00+01:00,20.04640102821037,20.04640102821037
894,temperature_sensor,2023-12-03 05:00:00+01:00,20.04740551778127,20.04740551778127
895,temperature_sensor,2023-12-03 05:10:00+01:00,20.049591649383046,20.049591649383046
896,temperature_sensor,2023-12-03 05:20:00+01:00,20.047339265667915,20.047339265667915
897,temperature_sensor,2023-12-03 05:30:00+01:00,20.041547761565766,20.041547761565766
898,temperature_sensor,2023-12-03 05:40:00+01:00,20.036947396354435,20.036947396354435
899,temperature_sensor,2023-12-03 05:50:00+01:00,20.03341529843982,20.03341529843982
900,temperature_sensor,2023-12-03 06:00:00+01:00,20.03173944675672,20.03173944675672
901,temperature_sensor,2023-12-03 06:10:00+01:00,20.0305655291333,20.0305655291333
902,temperature_sensor,2023-12-03 06:20:00+01:00,20.03995999312025,20.03995999312025
903,temperature_sensor,2023-12-03 06:30:00+01:00,20.07551675602292,20.07551675602292
904,temperature_sensor,2023-12-03 06:40:00+01:00,20.13527611971068,20.13527611971068
905,temperature_sensor,2023-12-03 06:50:00+01:00,20.21467949507894,20.21467949507894
906,temperature_sensor,2023-12-03 07:00:00+01:00,20.3050622444552,20.3050622444552
907,temperature_sensor,2023-12-03 07:10:00+01:00,20.388658143640384,20.388658143640384
908,temperature_sensor,2023-12-03 07:20:00+01:00,20.4637869634272,20.4637869634272
909,temperature_sensor,2023-12-03 07:30:00+01:00,20.535750208946524,20.535750208946524
910,temperature_sensor,2023-12-03 07:40:00+01:00,20.607115946266163,20.607115946266163
911,temperature_sensor,2023-12-03 07:50:00+01:00,20.680171957312723,20.680171957312723
912,temperature_sensor,2023-12-03 08:00:00+01:00,20.75073047120088,20.75073047120088
913,temperature_sensor,2023-12-03 08:10:00+01:00,20.81683090131122,20.81683090131122
914,temperature_sensor,2023-12-03 08:20:00+01:00,20.872565350098625,20.872565350098625
915,temperature_sensor,2023-12-03 08:30:00+01:00,20.905484274750847,20.905484274750847
916,temperature_sensor,2023-12-03 08:40:00+01:00,20.915116081532062,20.915116081532062
917,temperature_sensor,2023-12-03 08:50:00+01:00,20.914633280866155,20.914633280866155
918,temperature_sensor,2023-12-03 09:00:00+01:00,20.910015091830477,20.910015091830477
919,temperature_sensor,2023-12-03 09:10:00+01:00,20.916844789391742,20.916844789391742
920,temperature_sensor,2023-12-03 09:20:00+01:00,20.943941833177742,20.943941833177742
921,temperature_sensor,2023-12-03 09:30:00+01:00,20.99432553457353,20.99432553457353
922,temperature_sensor,2023-12-03 09:40:00+01:00,21.05039532978202,21.05039532978202
923,temperature_sensor,2023-12-03 09:50:00+01:00,21.09571105437476,21.09571105437476
924,temperature_sensor,2023-12-03 10:00:00+01:00,21.102757930433484,21.102757930433484
925,temperature_sensor,2023-12-03 10:10:00+01:00,21.083228121191095,21.083228121191095
926,temperature_sensor,2023-12-03 10:20:00+01:00,21.05695803877228,21.05695803877228
927,temperature_sensor,2023-12-03 10:30:00+01:00,21.029746622573494,21.029746622573494
928,temperature_sensor,2023-12-03 10:40:00+01:00,21.00640059262525,21.00640059262525
929,temperature_sensor,2023-12-03 10:50:00+01:00,20.99896411045393,20.99896411045393
930,temperature_sensor,2023-12-03 11:00:00+01:00,21.011051477649573,21.011051477649573
931,temperature_sensor,2023-12-03 11:10:00+01:00,21.02747576347741,21.02747576347741
932,temperature_sensor,2023-12-03 11:20:00+01:00,21.038970251360126,21.038970251360126
933,temperature_sensor,2023-12-03 11:30:00+01:00,21.033942405838676,21.033942405838676
934,temperature_sensor,2023-12-03 11:40:00+01:00,21.02262518832532,21.02262518832532
935,temperature_sensor,2023-12-03 11:50:00+01:00,21.014877195639254,21.014877195639254
936,temperature_sensor,2023-12-03 12:00:00+01:00,21.01338738934146,21.01338738934146
937,temperature_sensor,2023-12-03 12:10:00+01:00,21.018790864860875,21.018790864860875
938,temperature_sensor,2023-12-03 12:20:00+01:00,21.023550186093303,21.023550186093303
939,temperature_sensor,2023-12-03 12:30:00+01:00,21.027707645172768,21.027707645172768
940,temperature_sensor,2023-12-03 12:40:00+01:00,21.028969897634283,21.028969897634283
941,temperature_sensor,2023-12-03 12:50:00+01:00,21.03019076983969,21.03019076983969
942,temperature_sensor,2023-12-03 13:00:00+01:00,21.03018647043268,21.03018647043268
943,temperature_sensor,2023-12-03 13:10:00+01:00,21.029361431206095,21.029361431206095
944,temperature_sensor,2023-12-03 13:20:00+01:00,21.024995814454314,21.024995814454314
945,temperature_sensor,2023-12-03 13:30:00+01:00,21.017817707132167,21.017817707132167
946,temperature_sensor,2023-12-03 13:40:00+01:00,21.011404145912596,21.011404145912596
947,temperature_sensor,2023-12-03 13:50:00+01:00,21.013032473457255,21.013032473457255
948,temperature_sensor,2023-12-03 14:00:00+01:00,21.02525253734956,21.02525253734956
949,temperature_sensor,2023-12-03 14:10:00+01:00,21.033477730546338,21.033477730546338
950,temperature_sensor,2023-12-03 14:20:00+01:00,21.034574976045235,21.034574976045235
951,temperature_sensor,2023-12-03 14:30:00+01:00,21.02865224650583,21.02865224650583
952,temperature_sensor,2023-12-03 14:40:00+01:00,21.01914116211111,21.01914116211111
953,temperature_sensor,2023-12-03 14:50:00+01:00,21.01183804953069,21.01183804953069
954,temperature_sensor,2023-12-03 15:00:00+01:00,21.0157950296956,21.0157950296956
955,temperature_sensor,2023-12-03 15:10:00+01:00,21.02446979429027,21.02446979429027
956,temperature_sensor,2023-12-03 15:20:00+01:00,21.02861783770163,21.02861783770163
957,temperature_sensor,2023-12-03 15:30:00+01:00,21.024871066571336,21.024871066571336
958,temperature_sensor,2023-12-03 15:40:00+01:00,21.014732447316987,21.014732447316987
959,temperature_sensor,2023-12-03 15:50:00+01:00,21.001586448741136,21.001586448741136
960,temperature_sensor,2023-12-03 16:00:00+01:00,20.99119973131127,20.99119973131127
961,temperature_sensor,2023-12-03 16:10:00+01:00,20.993406685587217,20.993406685587217
962,temperature_sensor,2023-12-03 16:20:00+01:00,21.00171217573217,21.00171217573217
963,temperature_sensor,2023-12-03 16:30:00+01:00,21.004514428931543,21.004514428931543
964,temperature_sensor,2023-12-03 16:40:00+01:00,21.002729519749156,21.002729519749156
965,temperature_sensor,2023-12-03 16:50:00+01:00,20.99718077725248,20.99718077725248
966,temperature_sensor,2023-12-03 17:00:00+01:00,20.992715431259683,20.992715431259683
967,temperature_sensor,2023-12-03 17:10:00+01:00,20.989617983417418,20.989617983417418
968,temperature_sensor,2023-12-03 17:20:00+01:00,20.989649968619915,20.989649968619915
969,temperature_sensor,2023-12-03 17:30:00+01:00,20.998348758526845,20.998348758526845
970,temperature_sensor,2023-12-03 17:40:00+01:00,21.005689711171783,21.005689711171783
971,temperature_sensor,2023-12-03 17:50:00+01:00,21.005610644275635,21.005610644275635
972,temperature_sensor,2023-12-03 18:00:00+01:00,21.00152019714397,21.00152019714397
973,temperature_sensor,2023-12-03 18:10:00+01:00,20.99772099498148,20.99772099498148
974,temperature_sensor,2023-12-03 18:20:00+01:00,21.01658909219759,21.01658909219759
975,temperature_sensor,2023-12-03 18:30:00+01:00,21.055613828330134,21.055613828330134
976,temperature_sensor,2023-12-03 18:40:00+01:00,21.100089015441934,21.100089015441934
977,temperature_sensor,2023-12-03 18:50:00+01:00,21.12769874727292,21.12769874727292
978,temperature_sensor,2023-12-03 19:00:00+01:00,21.12675448273569,21.12675448273569
979,temperature_sensor,2023-12-03 19:10:00+01:00,21.10888671262194,21.10888671262194
980,temperature_sensor,2023-12-03 19:20:00+01:00,21.05097827280008,21.05097827280008
981,temperature_sensor,2023-12-03 19:30:00+01:00,20.956499390667943,20.956499390667943
982,temperature_sensor,2023-12-03 19:40:00+01:00,20.85336865732785,20.85336865732785
983,temperature_sensor,2023-12-03 19:50:00+01:00,20.75819051911111,20.75819051911111
984,temperature_sensor,2023-12-03 20:00:00+01:00,20.670362005959703,20.670362005959703
985,temperature_sensor,2023-12-03 20:10:00+01:00,20.58810207993145,20.58810207993145
986,temperature_sensor,2023-12-03 20:20:00+01:00,20.51589235263083,20.51589235263083
987,temperature_sensor,2023-12-03 20:30:00+01:00,20.45931460719362,20.45931460719362
988,temperature_sensor,2023-12-03 20:40:00+01:00,20.42347843122945,20.42347843122945
989,temperature_sensor,2023-12-03 20:50:00+01:00,20.39843772947597,20.39843772947597
990,temperature_sensor,2023-12-03 21:00:00+01:00,20.377965805308747,20.377965805308747
991,temperature_sensor,2023-12-03 21:10:00+01:00,20.35959775084666,20.35959775084666
992,temperature_sensor,2023-12-03 21:20:00+01:00,20.34108046687186,20.34108046687186
993,temperature_sensor,2023-12-03 21:30:00+01:00,20.32574982669945,20.32574982669945
994,temperature_sensor,2023-12-03 21:40:00+01:00,20.31312217897636,20.31312217897636
995,temperature_sensor,2023-12-03 21:50:00+01:00,20.301251088577885,20.301251088577885
996,temperature_sensor,2023-12-03 22:00:00+01:00,20.291495562668786,20.291495562668786
997,temperature_sensor,2023-12-03 22:10:00+01:00,20.283695813929967,20.283695813929967
998,temperature_sensor,2023-12-03 22:20:00+01:00,20.27741512358801,20.27741512358801
999,temperature_sensor,2023-12-03 22:30:00+01:00,20.272228107989804,20.272228107989804
1000,temperature_sensor,2023-12-03 22:40:00+01:00,20.2679250973282,20.2679250973282
1001,temperature_sensor,2023-12-03 22:50:00+01:00,20.26432381580355,20.26432381580355
1002,temperature_sensor,2023-12-03 23:00:00+01:00,20.26321685670337,20.26321685670337
1003,temperature_sensor,2023-12-03 23:10:00+01:00,20.262222684099925,20.262222684099925
1004,temperature_sensor,2023-12-03 23:20:00+01:00,20.26134726087406,20.26134726087406
1005,temperature_sensor,2023-12-03 23:30:00+01:00,20.26059301390069,20.26059301390069
1006,temperature_sensor,2023-12-03 23:40:00+01:00,20.259959824584143,20.259959824584143
1007,temperature_sensor,2023-12-03 23:50:00+01:00,20.259445903047663,20.259445903047663
1008,temperature_sensor,2023-12-04 00:00:00+01:00,20.25904840983748,20.25904840983748
1009,temperature_sensor,2023-12-04 00:10:00+01:00,20.260718386334705,20.260718386334705
1010,temperature_sensor,2023-12-04 00:20:00+01:00,20.262138953793283,20.262138953793283
1011,temperature_sensor,2023-12-04 00:30:00+01:00,20.261414966752227,20.261414966752227
1012,temperature_sensor,2023-12-04 00:40:00+01:00,20.26093149950452,20.26093149950452
1013,temperature_sensor,2023-12-04 00:50:00+01:00,20.259417380912,20.259417380912
1014,temperature_sensor,2023-12-04 01:00:00+01:00,20.2595452323078,20.2595452323078
1015,temperature_sensor,2023-12-04 01:10:00+01:00,20.259766243760907,20.259766243760907
1016,temperature_sensor,2023-12-04 01:20:00+01:00,20.260056067760388,20.260056067760388
1017,temperature_sensor,2023-12-04 01:30:00+01:00,20.260414669189917,20.260414669189917
1018,temperature_sensor,2023-12-04 01:40:00+01:00,20.260813478910336,20.260813478910336
1019,temperature_sensor,2023-12-04 01:50:00+01:00,20.261256678899827,20.261256678899827
1020,temperature_sensor,2023-12-04 02:00:00+01:00,20.260458155594108,20.260458155594108
1021,temperature_sensor,2023-12-04 02:10:00+01:00,20.259930898874583,20.259930898874583
1022,temperature_sensor,2023-12-04 02:20:00+01:00,20.2596160778856,20.2596160778856
1023,temperature_sensor,2023-12-04 02:30:00+01:00,20.25856360860212,20.25856360860212
1024,temperature_sensor,2023-12-04 02:40:00+01:00,20.256664378329333,20.256664378329333
1025,temperature_sensor,2023-12-04 02:50:00+01:00,20.25526243333377,20.25526243333377
1026,temperature_sensor,2023-12-04 03:00:00+01:00,20.256221358298436,20.256221358298436
1027,temperature_sensor,2023-12-04 03:10:00+01:00,20.2591116626661,20.2591116626661
1028,temperature_sensor,2023-12-04 03:20:00+01:00,20.26157105383271,20.26157105383271
1029,temperature_sensor,2023-12-04 03:30:00+01:00,20.263661046305856,20.263661046305856
1030,temperature_sensor,2023-12-04 03:40:00+01:00,20.265447844656705,20.265447844656705
1031,temperature_sensor,2023-12-04 03:50:00+01:00,20.265108388214173,20.265108388214173
1032,temperature_sensor,2023-12-04 04:00:00+01:00,20.26294626185279,20.26294626185279
1033,temperature_sensor,2023-12-04 04:10:00+01:00,20.25725197365341,20.25725197365341
1034,temperature_sensor,2023-12-04 04:20:00+01:00,20.25485791652028,20.25485791652028
1035,temperature_sensor,2023-12-04 04:30:00+01:00,20.256898999674547,20.256898999674547
1036,temperature_sensor,2023-12-04 04:40:00+01:00,20.26474726023656,20.26474726023656
1037,temperature_sensor,2023-12-04 04:50:00+01:00,20.274560184997316,20.274560184997316
1038,temperature_sensor,2023-12-04 05:00:00+01:00,20.2784782912982,20.2784782912982
1039,temperature_sensor,2023-12-04 05:10:00+01:00,20.276888436950856,20.276888436950856
1040,temperature_sensor,2023-12-04 05:20:00+01:00,20.271666309283148,20.271666309283148
1041,temperature_sensor,2023-12-04 05:30:00+01:00,20.270810546275925,20.270810546275925
1042,temperature_sensor,2023-12-04 05:40:00+01:00,20.2742895310256,20.2742895310256
1043,temperature_sensor,2023-12-04 05:50:00+01:00,20.28046953350901,20.28046953350901
1044,temperature_sensor,2023-12-04 06:00:00+01:00,20.28562639113926,20.28562639113926
1045,temperature_sensor,2023-12-04 06:10:00+01:00,20.285761782814404,20.285761782814404
1046,temperature_sensor,2023-12-04 06:20:00+01:00,20.289566149590883,20.289566149590883
1047,temperature_sensor,2023-12-04 06:30:00+01:00,20.310849421989246,20.310849421989246
1048,temperature_sensor,2023-12-04 06:40:00+01:00,20.35027686954635,20.35027686954635
1049,temperature_sensor,2023-12-04 06:50:00+01:00,20.40564260803302,20.40564260803302
1050,temperature_sensor,2023-12-04 07:00:00+01:00,20.469380615488944,20.469380615488944
1051,temperature_sensor,2023-12-04 07:10:00+01:00,20.52909419755707,20.52909419755707
1052,temperature_sensor,2023-12-04 07:20:00+01:00,20.5635601303722,20.5635601303722
1053,temperature_sensor,2023-12-04 07:30:00+01:00,20.58975514216155,20.58975514216155
1054,temperature_sensor,2023-12-04 07:40:00+01:00,20.617721877693725,20.617721877693725
1055,temperature_sensor,2023-12-04 07:50:00+01:00,20.643005108270472,20.643005108270472
1056,temperature_sensor,2023-12-04 08:00:00+01:00,20.67358269325712,20.67358269325712
1057,temperature_sensor,2023-12-04 08:10:00+01:00,20.71736772348476,20.71736772348476
1058,temperature_sensor,2023-12-04 08:20:00+01:00,20.76681917038832,20.76681917038832
1059,temperature_sensor,2023-12-04 08:30:00+01:00,20.816000963323237,20.816000963323237
1060,temperature_sensor,2023-12-04 08:40:00+01:00,20.86510269216308,20.86510269216308
1061,temperature_sensor,2023-12-04 08:50:00+01:00,20.91695623476033,20.91695623476033
1062,temperature_sensor,2023-12-04 09:00:00+01:00,20.969067552141325,20.969067552141325
1063,temperature_sensor,2023-12-04 09:10:00+01:00,21.007034599569806,21.007034599569806
1064,temperature_sensor,2023-12-04 09:20:00+01:00,21.03764209546398,21.03764209546398
1065,temperature_sensor,2023-12-04 09:30:00+01:00,21.060012346639155,21.060012346639155
1066,temperature_sensor,2023-12-04 09:40:00+01:00,21.07890264704304,21.07890264704304
1067,temperature_sensor,2023-12-04 09:50:00+01:00,21.104070453092675,21.104070453092675
1068,temperature_sensor,2023-12-04 10:00:00+01:00,21.13345909952568,21.13345909952568
1069,temperature_sensor,2023-12-04 10:10:00+01:00,21.148092575025544,21.148092575025544
1070,temperature_sensor,2023-12-04 10:20:00+01:00,21.14904305259398,21.14904305259398
1071,temperature_sensor,2023-12-04 10:30:00+01:00,21.13889358750208,21.13889358750208
1072,temperature_sensor,2023-12-04 10:40:00+01:00,21.12445150911645,21.12445150911645
1073,temperature_sensor,2023-12-04 10:50:00+01:00,21.111235756666133,21.111235756666133
1074,temperature_sensor,2023-12-04 11:00:00+01:00,21.09928889008916,21.09928889008916
1075,temperature_sensor,2023-12-04 11:10:00+01:00,21.088830091237185,21.088830091237185
1076,temperature_sensor,2023-12-04 11:20:00+01:00,21.07865122973419,21.07865122973419
1077,temperature_sensor,2023-12-04 11:30:00+01:00,21.070351342399817,21.070351342399817
1078,temperature_sensor,2023-12-04 11:40:00+01:00,21.061417352804995,21.061417352804995
1079,temperature_sensor,2023-12-04 11:50:00+01:00,21.05720203604443,21.05720203604443
1080,temperature_sensor,2023-12-04 12:00:00+01:00,21.058025120973525,21.058025120973525
1081,temperature_sensor,2023-12-04 12:10:00+01:00,21.063730061159845,21.063730061159845
1082,temperature_sensor,2023-12-04 12:20:00+01:00,21.06732648046659,21.06732648046659
1083,temperature_sensor,2023-12-04 12:30:00+01:00,21.065191218325708,21.065191218325708
1084,temperature_sensor,2023-12-04 12:40:00+01:00,21.05819388173529,21.05819388173529
1085,temperature_sensor,2023-12-04 12:50:00+01:00,21.045639141275103,21.045639141275103
1086,temperature_sensor,2023-12-04 13:00:00+01:00,21.03079516919428,21.03079516919428
1087,temperature_sensor,2023-12-04 13:10:00+01:00,21.015158305915463,21.015158305915463
1088,temperature_sensor,2023-12-04 13:20:00+01:00,21.000422032560664,21.000422032560664
1089,temperature_sensor,2023-12-04 13:30:00+01:00,20.98676147454455,20.98676147454455
1090,temperature_sensor,2023-12-04 13:40:00+01:00,20.97293870318299,20.97293870318299
1091,temperature_sensor,2023-12-04 13:50:00+01:00,20.96053678556723,20.96053678556723
1092,temperature_sensor,2023-12-04 14:00:00+01:00,20.948712551946755,20.948712551946755
1093,temperature_sensor,2023-12-04 14:10:00+01:00,20.93840854911053,20.93840854911053
1094,temperature_sensor,2023-12-04 14:20:00+01:00,20.93076389337625,20.93076389337625
1095,temperature_sensor,2023-12-04 14:30:00+01:00,20.92666448628671,20.92666448628671
1096,temperature_sensor,2023-12-04 14:40:00+01:00,20.92431629349494,20.92431629349494
1097,temperature_sensor,2023-12-04 14:50:00+01:00,20.921111024621325,20.921111024621325
1098,temperature_sensor,2023-12-04 15:00:00+01:00,20.920430550885328,20.920430550885328
1099,temperature_sensor,2023-12-04 15:10:00+01:00,20.919507576062077,20.919507576062077
1100,temperature_sensor,2023-12-04 15:20:00+01:00,20.91648441897911,20.91648441897911
1101,temperature_sensor,2023-12-04 15:30:00+01:00,20.9139005774241,20.9139005774241
1102,temperature_sensor,2023-12-04 15:40:00+01:00,20.91170221636048,20.91170221636048
1103,temperature_sensor,2023-12-04 15:50:00+01:00,20.90984206855961,20.90984206855961
1104,temperature_sensor,2023-12-04 16:00:00+01:00,20.90944048483908,20.90944048483908
1105,temperature_sensor,2023-12-04 16:10:00+01:00,20.913694034622157,20.913694034622157
1106,temperature_sensor,2023-12-04 16:20:00+01:00,20.91867889577628,20.91867889577628
1107,temperature_sensor,2023-12-04 16:30:00+01:00,20.9229883889422,20.9229883889422
1108,temperature_sensor,2023-12-04 16:40:00+01:00,20.927819446711567,20.927819446711567
1109,temperature_sensor,2023-12-04 16:50:00+01:00,20.93296848188652,20.93296848188652
1110,temperature_sensor,2023-12-04 17:00:00+01:00,20.93505013164116,20.93505013164116
1111,temperature_sensor,2023-12-04 17:10:00+01:00,20.93611900635534,20.93611900635534
1112,temperature_sensor,2023-12-04 17:20:00+01:00,20.93841432780266,20.93841432780266
1113,temperature_sensor,2023-12-04 17:30:00+01:00,20.941645698634204,20.941645698634204
1114,temperature_sensor,2023-12-04 17:40:00+01:00,20.94761248069369,20.94761248069369
1115,temperature_sensor,2023-12-04 17:50:00+01:00,20.959776726153905,20.959776726153905
1116,temperature_sensor,2023-12-04 18:00:00+01:00,20.97057769108841,20.97057769108841
1117,temperature_sensor,2023-12-04 18:10:00+01:00,20.977851935243848,20.977851935243848
1118,temperature_sensor,2023-12-04 18:20:00+01:00,20.978904536457435,20.978904536457435
1119,temperature_sensor,2023-12-04 18:30:00+01:00,20.980142412172825,20.980142412172825
1120,temperature_sensor,2023-12-04 18:40:00+01:00,20.97944558742688,20.97944558742688
1121,temperature_sensor,2023-12-04 18:50:00+01:00,20.979241660438333,20.979241660438333
1122,temperature_sensor,2023-12-04 19:00:00+01:00,20.97944068165134,20.97944068165134
1123,temperature_sensor,2023-12-04 19:10:00+01:00,20.979897654609715,20.979897654609715
1124,temperature_sensor,2023-12-04 19:20:00+01:00,20.938394406375156,20.938394406375156
1125,temperature_sensor,2023-12-04 19:30:00+01:00,20.84135851611632,20.84135851611632
1126,temperature_sensor,2023-12-04 19:40:00+01:00,20.723910728036174,20.723910728036174
1127,temperature_sensor,2023-12-04 19:50:00+01:00,20.61822151476724,20.61822151476724
1128,temperature_sensor,2023-12-04 20:00:00+01:00,20.529391229777445,20.529391229777445
1129,temperature_sensor,2023-12-04 20:10:00+01:00,20.454205432458195,20.454205432458195
1130,temperature_sensor,2023-12-04 20:20:00+01:00,20.386460835070352,20.386460835070352
1131,temperature_sensor,2023-12-04 20:30:00+01:00,20.33088363576968,20.33088363576968
1132,temperature_sensor,2023-12-04 20:40:00+01:00,20.2854936684285,20.2854936684285
1133,temperature_sensor,2023-12-04 20:50:00+01:00,20.24843531896028,20.24843531896028
1134,temperature_sensor,2023-12-04 21:00:00+01:00,20.220474938344463,20.220474938344463
1135,temperature_sensor,2023-12-04 21:10:00+01:00,20.20366606354031,20.20366606354031
1136,temperature_sensor,2023-12-04 21:20:00+01:00,20.18999022712626,20.18999022712626
1137,temperature_sensor,2023-12-04 21:30:00+01:00,20.17690094503058,20.17690094503058
1138,temperature_sensor,2023-12-04 21:40:00+01:00,20.16081737549507,20.16081737549507
1139,temperature_sensor,2023-12-04 21:50:00+01:00,20.14742424962111,20.14742424962111
1140,temperature_sensor,2023-12-04 22:00:00+01:00,20.136063430093657,20.136063430093657
1141,temperature_sensor,2023-12-04 22:10:00+01:00,20.128662268342623,20.128662268342623
1142,temperature_sensor,2023-12-04 22:20:00+01:00,20.124616859607897,20.124616859607897
1143,temperature_sensor,2023-12-04 22:30:00+01:00,20.12536823730153,20.12536823730153
1144,temperature_sensor,2023-12-04 22:40:00+01:00,20.126019650064336,20.126019650064336
1145,temperature_sensor,2023-12-04 22:50:00+01:00,20.12661717801973,20.12661717801973
1146,temperature_sensor,2023-12-04 23:00:00+01:00,20.12719493133744,20.12719493133744
1147,temperature_sensor,2023-12-04 23:10:00+01:00,20.127765768248025,20.127765768248025
1148,temperature_sensor,2023-12-04 23:20:00+01:00,20.12637836175037,20.12637836175037
1149,temperature_sensor,2023-12-04 23:30:00+01:00,20.12540449603779,20.12540449603779
1150,temperature_sensor,2023-12-04 23:40:00+01:00,20.11732125884356,20.11732125884356
1151,temperature_sensor,2023-12-04 23:50:00+01:00,20.112015208021774,20.112015208021774
1152,temperature_sensor,2023-12-05 00:00:00+01:00,20.11188409854742,20.11188409854742
1153,temperature_sensor,2023-12-05 00:10:00+01:00,20.115900725197832,20.115900725197832
1154,temperature_sensor,2023-12-05 00:20:00+01:00,20.1181594367647,20.1181594367647
1155,temperature_sensor,2023-12-05 00:30:00+01:00,20.120086019481505,20.120086019481505
1156,temperature_sensor,2023-12-05 00:40:00+01:00,20.12195422713785,20.12195422713785
1157,temperature_sensor,2023-12-05 00:50:00+01:00,20.123569601992585,20.123569601992585
1158,temperature_sensor,2023-12-05 01:00:00+01:00,20.12306282243981,20.12306282243981
1159,temperature_sensor,2023-12-05 01:10:00+01:00,20.11872645077108,20.11872645077108
1160,temperature_sensor,2023-12-05 01:20:00+01:00,20.113276055535948,20.113276055535948
1161,temperature_sensor,2023-12-05 01:30:00+01:00,20.1088410232876,20.1088410232876
1162,temperature_sensor,2023-12-05 01:40:00+01:00,20.10523146137496,20.10523146137496
1163,temperature_sensor,2023-12-05 01:50:00+01:00,20.10239144944296,20.10239144944296
1164,temperature_sensor,2023-12-05 02:00:00+01:00,20.10015827730672,20.10015827730672
1165,temperature_sensor,2023-12-05 02:10:00+01:00,20.09842211239805,20.09842211239805
1166,temperature_sensor,2023-12-05 02:20:00+01:00,20.097125444032542,20.097125444032542
1167,temperature_sensor,2023-12-05 02:30:00+01:00,20.100255669955345,20.100255669955345
1168,temperature_sensor,2023-12-05 02:40:00+01:00,20.10292033324185,20.10292033324185
1169,temperature_sensor,2023-12-05 02:50:00+01:00,20.109143990420705,20.109143990420705
1170,temperature_sensor,2023-12-05 03:00:00+01:00,20.11216461582427,20.11216461582427
1171,temperature_sensor,2023-12-05 03:10:00+01:00,20.110807377809124,20.110807377809124
1172,temperature_sensor,2023-12-05 03:20:00+01:00,20.10774788317218,20.10774788317218
1173,temperature_sensor,2023-12-05 03:30:00+01:00,20.10531535965589,20.10531535965589
1174,temperature_sensor,2023-12-05 03:40:00+01:00,20.105378516645036,20.105378516645036
1175,temperature_sensor,2023-12-05 03:50:00+01:00,20.10744349474163,20.10744349474163
1176,temperature_sensor,2023-12-05 04:00:00+01:00,20.10915619746578,20.10915619746578
1177,temperature_sensor,2023-12-05 04:10:00+01:00,20.11461000494125,20.11461000494125
1178,temperature_sensor,2023-12-05 04:20:00+01:00,20.119070918617297,20.119070918617297
1179,temperature_sensor,2023-12-05 04:30:00+01:00,20.122496022394728,20.122496022394728
1180,temperature_sensor,2023-12-05 04:40:00+01:00,20.12514044047043,20.12514044047043
1181,temperature_sensor,2023-12-05 04:50:00+01:00,20.12727708065296,20.12727708065296
1182,temperature_sensor,2023-12-05 05:00:00+01:00,20.12922762349541,20.12922762349541
1183,temperature_sensor,2023-12-05 05:10:00+01:00,20.130158055135723,20.130158055135723
1184,temperature_sensor,2023-12-05 05:20:00+01:00,20.12680482247225,20.12680482247225
1185,temperature_sensor,2023-12-05 05:30:00+01:00,20.122003143052098,20.122003143052098
1186,temperature_sensor,2023-12-05 05:40:00+01:00,20.11801402999373,20.11801402999373
1187,temperature_sensor,2023-12-05 05:50:00+01:00,20.11467892630708,20.11467892630708
1188,temperature_sensor,2023-12-05 06:00:00+01:00,20.111900412449188,20.111900412449188
1189,temperature_sensor,2023-12-05 06:10:00+01:00,20.11050884118993,20.11050884118993
1190,temperature_sensor,2023-12-05 06:20:00+01:00,20.12210324246581,20.12210324246581
1191,temperature_sensor,2023-12-05 06:30:00+01:00,20.155691779680357,20.155691779680357
1192,temperature_sensor,2023-12-05 06:40:00+01:00,20.20846783805973,20.20846783805973
1193,temperature_sensor,2023-12-05 06:50:00+01:00,20.27172813361244,20.27172813361244
1194,temperature_sensor,2023-12-05 07:00:00+01:00,20.341355835535524,20.341355835535524
1195,temperature_sensor,2023-12-05 07:10:00+01:00,20.411668826128164,20.411668826128164
1196,temperature_sensor,2023-12-05 07:20:00+01:00,20.48249437820885,20.48249437820885
1197,temperature_sensor,2023-12-05 07:30:00+01:00,20.549459334670985,20.549459334670985
1198,temperature_sensor,2023-12-05 07:40:00+01:00,20.61352680055984,20.61352680055984
1199,temperature_sensor,2023-12-05 07:50:00+01:00,20.67567407624375,20.67567407624375
1200,temperature_sensor,2023-12-05 08:00:00+01:00,20.733967080062428,20.733967080062428
1201,temperature_sensor,2023-12-05 08:10:00+01:00,20.7888403613224,20.7888403613224
1202,temperature_sensor,2023-12-05 08:20:00+01:00,20.838911833343445,20.838911833343445
1203,temperature_sensor,2023-12-05 08:30:00+01:00,20.884061891112083,20.884061891112083
1204,temperature_sensor,2023-12-05 08:40:00+01:00,20.92432139820465,20.92432139820465
1205,temperature_sensor,2023-12-05 08:50:00+01:00,20.95544956235545,20.95544956235545
1206,temperature_sensor,2023-12-05 09:00:00+01:00,20.979738695048297,20.979738695048297
1207,temperature_sensor,2023-12-05 09:10:00+01:00,21.00013200701017,21.00013200701017
1208,temperature_sensor,2023-12-05 09:20:00+01:00,21.01704846018646,21.01704846018646
1209,temperature_sensor,2023-12-05 09:30:00+01:00,21.030731904628222,21.030731904628222
1210,temperature_sensor,2023-12-05 09:40:00+01:00,21.04367375174587,21.04367375174587
1211,temperature_sensor,2023-12-05 09:50:00+01:00,21.055792587644248,21.055792587644248
1212,temperature_sensor,2023-12-05 10:00:00+01:00,21.064994846974518,21.064994846974518
1213,temperature_sensor,2023-12-05 10:10:00+01:00,21.07460520691575,21.07460520691575
1214,temperature_sensor,2023-12-05 10:20:00+01:00,21.08333748034039,21.08333748034039
1215,temperature_sensor,2023-12-05 10:30:00+01:00,21.092362765809924,21.092362765809924
1216,temperature_sensor,2023-12-05 10:40:00+01:00,21.098183298421475,21.098183298421475
1217,temperature_sensor,2023-12-05 10:50:00+01:00,21.1057254546119,21.1057254546119
1218,temperature_sensor,2023-12-05 11:00:00+01:00,21.113296127997955,21.113296127997955
1219,temperature_sensor,2023-12-05 11:10:00+01:00,21.12064616273392,21.12064616273392
1220,temperature_sensor,2023-12-05 11:20:00+01:00,21.125246679289887,21.125246679289887
1221,temperature_sensor,2023-12-05 11:30:00+01:00,21.126726611493723,21.126726611493723
1222,temperature_sensor,2023-12-05 11:40:00+01:00,21.12971515677532,21.12971515677532
1223,temperature_sensor,2023-12-05 11:50:00+01:00,21.13295661501354,21.13295661501354
1224,temperature_sensor,2023-12-05 12:00:00+01:00,21.13637338707167,21.13637338707167
1225,temperature_sensor,2023-12-05 12:10:00+01:00,21.14180984132093,21.14180984132093
1226,temperature_sensor,2023-12-05 12:20:00+01:00,21.1465235260697,21.1465235260697
1227,temperature_sensor,2023-12-05 12:30:00+01:00,21.149378089169943,21.149378089169943
1228,temperature_sensor,2023-12-05 12:40:00+01:00,21.15064525903932,21.15064525903932
1229,temperature_sensor,2023-12-05 12:50:00+01:00,21.14940781111551,21.14940781111551
1230,temperature_sensor,2023-12-05 13:00:00+01:00,21.143914046938505,21.143914046938505
1231,temperature_sensor,2023-12-05 13:10:00+01:00,21.134645302761044,21.134645302761044
1232,temperature_sensor,2023-12-05 13:20:00+01:00,21.122500363405265,21.122500363405265
1233,temperature_sensor,2023-12-05 13:30:00+01:00,21.1093947865524,21.1093947865524
1234,temperature_sensor,2023-12-05 13:40:00+01:00,21.09458283424874,21.09458283424874
1235,temperature_sensor,2023-12-05 13:50:00+01:00,21.079833062560223,21.079833062560223
1236,temperature_sensor,2023-12-05 14:00:00+01:00,21.062202869381736,21.062202869381736
1237,temperature_sensor,2023-12-05 14:10:00+01:00,21.043848233779272,21.043848233779272
1238,temperature_sensor,2023-12-05 14:20:00+01:00,21.024114777482,21.024114777482
1239,temperature_sensor,2023-12-05 14:30:00+01:00,21.00480500298329,21.00480500298329
1240,temperature_sensor,2023-12-05 14:40:00+01:00,20.986222150590265,20.986222150590265
1241,temperature_sensor,2023-12-05 14:50:00+01:00,20.968585288346333,20.968585288346333
1242,temperature_sensor,2023-12-05 15:00:00+01:00,20.950914500152408,20.950914500152408
1243,temperature_sensor,2023-12-05 15:10:00+01:00,20.93671825190387,20.93671825190387
1244,temperature_sensor,2023-12-05 15:20:00+01:00,20.924740657649977,20.924740657649977
1245,temperature_sensor,2023-12-05 15:30:00+01:00,20.91359870336493,20.91359870336493
1246,temperature_sensor,2023-12-05 15:40:00+01:00,20.902531881262064,20.902531881262064
1247,temperature_sensor,2023-12-05 15:50:00+01:00,20.89263161915829,20.89263161915829
1248,temperature_sensor,2023-12-05 16:00:00+01:00,20.88503834324661,20.88503834324661
1249,temperature_sensor,2023-12-05 16:10:00+01:00,20.879641225833662,20.879641225833662
1250,temperature_sensor,2023-12-05 16:20:00+01:00,20.877285127685692,20.877285127685692
1251,temperature_sensor,2023-12-05 16:30:00+01:00,20.879501179587805,20.879501179587805
1252,temperature_sensor,2023-12-05 16:40:00+01:00,20.88539283533169,20.88539283533169
1253,temperature_sensor,2023-12-05 16:50:00+01:00,20.890939121117924,20.890939121117924
1254,temperature_sensor,2023-12-05 17:00:00+01:00,20.897255552597755,20.897255552597755
1255,temperature_sensor,2023-12-05 17:10:00+01:00,20.90464114485337,20.90464114485337
1256,temperature_sensor,2023-12-05 17:20:00+01:00,20.912811344465183,20.912811344465183
1257,temperature_sensor,2023-12-05 17:30:00+01:00,20.921436801660377,20.921436801660377
1258,temperature_sensor,2023-12-05 17:40:00+01:00,20.928184644971797,20.928184644971797
1259,temperature_sensor,2023-12-05 17:50:00+01:00,20.935298374015645,20.935298374015645
1260,temperature_sensor,2023-12-05 18:00:00+01:00,20.94137757099412,20.94137757099412
1261,temperature_sensor,2023-12-05 18:10:00+01:00,20.94543504171105,20.94543504171105
1262,temperature_sensor,2023-12-05 18:20:00+01:00,20.94974855527073,20.94974855527073
1263,temperature_sensor,2023-12-05 18:30:00+01:00,20.954179132537945,20.954179132537945
1264,temperature_sensor,2023-12-05 18:40:00+01:00,20.958618590426735,20.958618590426735
1265,temperature_sensor,2023-12-05 18:50:00+01:00,20.965031920866807,20.965031920866807
1266,temperature_sensor,2023-12-05 19:00:00+01:00,20.97087821819593,20.97087821819593
1267,temperature_sensor,2023-12-05 19:10:00+01:00,20.97605625494577,20.97605625494577
1268,temperature_sensor,2023-12-05 19:20:00+01:00,20.93933868819238,20.93933868819238
1269,temperature_sensor,2023-12-05 19:30:00+01:00,20.848541772271854,20.848541772271854
1270,temperature_sensor,2023-12-05 19:40:00+01:00,20.73759212349341,20.73759212349341
1271,temperature_sensor,2023-12-05 19:50:00+01:00,20.63391382224773,20.63391382224773
1272,temperature_sensor,2023-12-05 20:00:00+01:00,20.547189557406853,20.547189557406853
1273,temperature_sensor,2023-12-05 20:10:00+01:00,20.47589529656068,20.47589529656068
1274,temperature_sensor,2023-12-05 20:20:00+01:00,20.42159608957735,20.42159608957735
1275,temperature_sensor,2023-12-05 20:30:00+01:00,20.37607345244197,20.37607345244197
1276,temperature_sensor,2023-12-05 20:40:00+01:00,20.34271802235321,20.34271802235321
1277,temperature_sensor,2023-12-05 20:50:00+01:00,20.31552602494412,20.31552602494412
1278,temperature_sensor,2023-12-05 21:00:00+01:00,20.293193859669373,20.293193859669373
1279,temperature_sensor,2023-12-05 21:10:00+01:00,20.27255538405308,20.27255538405308
1280,temperature_sensor,2023-12-05 21:20:00+01:00,20.25581342963852,20.25581342963852
1281,temperature_sensor,2023-12-05 21:30:00+01:00,20.241854806705646,20.241854806705646
1282,temperature_sensor,2023-12-05 21:40:00+01:00,20.230184540131237,20.230184540131237
1283,temperature_sensor,2023-12-05 21:50:00+01:00,20.22630712811048,20.22630712811048
1284,temperature_sensor,2023-12-05 22:00:00+01:00,20.24950816730592,20.24950816730592
1285,temperature_sensor,2023-12-05 22:10:00+01:00,20.28856292813913,20.28856292813913
1286,temperature_sensor,2023-12-05 22:20:00+01:00,20.32213595357291,20.32213595357291
1287,temperature_sensor,2023-12-05 22:30:00+01:00,20.33071169527159,20.33071169527159
1288,temperature_sensor,2023-12-05 22:40:00+01:00,20.32122512710737,20.32122512710737
1289,temperature_sensor,2023-12-05 22:50:00+01:00,20.295856824723217,20.295856824723217
1290,temperature_sensor,2023-12-05 23:00:00+01:00,20.2670366131465,20.2670366131465
1291,temperature_sensor,2023-12-05 23:10:00+01:00,20.241322212904947,20.241322212904947
1292,temperature_sensor,2023-12-05 23:20:00+01:00,20.216431477295828,20.216431477295828
1293,temperature_sensor,2023-12-05 23:30:00+01:00,20.20225170246499,20.20225170246499
1294,temperature_sensor,2023-12-05 23:40:00+01:00,20.22313690145449,20.22313690145449
1295,temperature_sensor,2023-12-05 23:50:00+01:00,20.264506396590377,20.264506396590377
1296,temperature_sensor,2023-12-06 00:00:00+01:00,20.30421294176284,20.30421294176284
1297,temperature_sensor,2023-12-06 00:10:00+01:00,20.32155705078736,20.32155705078736
1298,temperature_sensor,2023-12-06 00:20:00+01:00,20.31540252310464,20.31540252310464
1299,temperature_sensor,2023-12-06 00:30:00+01:00,20.302195154722256,20.302195154722256
1300,temperature_sensor,2023-12-06 00:40:00+01:00,20.297576174411915,20.297576174411915
1301,temperature_sensor,2023-12-06 00:50:00+01:00,20.303767620683743,20.303767620683743
1302,temperature_sensor,2023-12-06 01:00:00+01:00,20.31275097438112,20.31275097438112
1303,temperature_sensor,2023-12-06 01:10:00+01:00,20.30368653169745,20.30368653169745
1304,temperature_sensor,2023-12-06 01:20:00+01:00,20.27980750242324,20.27980750242324
1305,temperature_sensor,2023-12-06 01:30:00+01:00,20.25003277907848,20.25003277907848
1306,temperature_sensor,2023-12-06 01:40:00+01:00,20.22146634255938,20.22146634255938
1307,temperature_sensor,2023-12-06 01:50:00+01:00,20.194339091138147,20.194339091138147
1308,temperature_sensor,2023-12-06 02:00:00+01:00,20.17421167418115,20.17421167418115
1309,temperature_sensor,2023-12-06 02:10:00+01:00,20.161462143598957,20.161462143598957
1310,temperature_sensor,2023-12-06 02:20:00+01:00,20.16099063910889,20.16099063910889
1311,temperature_sensor,2023-12-06 02:30:00+01:00,20.17679666480217,20.17679666480217
1312,temperature_sensor,2023-12-06 02:40:00+01:00,20.196418651287445,20.196418651287445
1313,temperature_sensor,2023-12-06 02:50:00+01:00,20.21022437103852,20.21022437103852
1314,temperature_sensor,2023-12-06 03:00:00+01:00,20.211075064857766,20.211075064857766
1315,temperature_sensor,2023-12-06 03:10:00+01:00,20.203539629675163,20.203539629675163
1316,temperature_sensor,2023-12-06 03:20:00+01:00,20.19724993010516,20.19724993010516
1317,temperature_sensor,2023-12-06 03:30:00+01:00,20.19819782932097,20.19819782932097
1318,temperature_sensor,2023-12-06 03:40:00+01:00,20.21932519184452,20.21932519184452
1319,temperature_sensor,2023-12-06 03:50:00+01:00,20.252814823268523,20.252814823268523
1320,temperature_sensor,2023-12-06 04:00:00+01:00,20.280162895896865,20.280162895896865
1321,temperature_sensor,2023-12-06 04:10:00+01:00,20.293714711315147,20.293714711315147
1322,temperature_sensor,2023-12-06 04:20:00+01:00,20.28853136736524,20.28853136736524
1323,temperature_sensor,2023-12-06 04:30:00+01:00,20.2801930044713,20.2801930044713
1324,temperature_sensor,2023-12-06 04:40:00+01:00,20.279558178019897,20.279558178019897
1325,temperature_sensor,2023-12-06 04:50:00+01:00,20.29115599836132,20.29115599836132
1326,temperature_sensor,2023-12-06 05:00:00+01:00,20.30250831601012,20.30250831601012
1327,temperature_sensor,2023-12-06 05:10:00+01:00,20.29140029426605,20.29140029426605
1328,temperature_sensor,2023-12-06 05:20:00+01:00,20.26593434369056,20.26593434369056
1329,temperature_sensor,2023-12-06 05:30:00+01:00,20.235008298513208,20.235008298513208
1330,temperature_sensor,2023-12-06 05:40:00+01:00,20.2056041256929,20.2056041256929
1331,temperature_sensor,2023-12-06 05:50:00+01:00,20.1782453483774,20.1782453483774
1332,temperature_sensor,2023-12-06 06:00:00+01:00,20.15645062739549,20.15645062739549
1333,temperature_sensor,2023-12-06 06:10:00+01:00,20.13768342047962,20.13768342047962
1334,temperature_sensor,2023-12-06 06:20:00+01:00,20.133231120500117,20.133231120500117
1335,temperature_sensor,2023-12-06 06:30:00+01:00,20.15316756175389,20.15316756175389
1336,temperature_sensor,2023-12-06 06:40:00+01:00,20.20139940574046,20.20139940574046
1337,temperature_sensor,2023-12-06 06:50:00+01:00,20.27122921885399,20.27122921885399
1338,temperature_sensor,2023-12-06 07:00:00+01:00,20.34615679679746,20.34615679679746
1339,temperature_sensor,2023-12-06 07:10:00+01:00,20.41458196351755,20.41458196351755
1340,temperature_sensor,2023-12-06 07:20:00+01:00,20.502626805267997,20.502626805267997
1341,temperature_sensor,2023-12-06 07:30:00+01:00,20.6065193994466,20.6065193994466
1342,temperature_sensor,2023-12-06 07:40:00+01:00,20.731282830491068,20.731282830491068
1343,temperature_sensor,2023-12-06 07:50:00+01:00,20.811758611171,20.811758611171
1344,temperature_sensor,2023-12-06 08:00:00+01:00,20.87278379097881,20.87278379097881
1345,temperature_sensor,2023-12-06 08:10:00+01:00,20.914279386154877,20.914279386154877
1346,temperature_sensor,2023-12-06 08:20:00+01:00,20.945105214883142,20.945105214883142
1347,temperature_sensor,2023-12-06 08:30:00+01:00,20.969014466454095,20.969014466454095
1348,temperature_sensor,2023-12-06 08:40:00+01:00,20.98916939328882,20.98916939328882
1349,temperature_sensor,2023-12-06 08:50:00+01:00,21.00468646226443,21.00468646226443
1350,temperature_sensor,2023-12-06 09:00:00+01:00,21.014965691082523,21.014965691082523
1351,temperature_sensor,2023-12-06 09:10:00+01:00,21.020198300987204,21.020198300987204
1352,temperature_sensor,2023-12-06 09:20:00+01:00,21.023270928232705,21.023270928232705
1353,temperature_sensor,2023-12-06 09:30:00+01:00,21.024523987378306,21.024523987378306
1354,temperature_sensor,2023-12-06 09:40:00+01:00,21.02544810888565,21.02544810888565
1355,temperature_sensor,2023-12-06 09:50:00+01:00,21.02608628253444,21.02608628253444
1356,temperature_sensor,2023-12-06 10:00:00+01:00,21.024429266769346,21.024429266769346
1357,temperature_sensor,2023-12-06 10:10:00+01:00,21.023035012011007,21.023035012011007
1358,temperature_sensor,2023-12-06 10:20:00+01:00,21.02186427384254,21.02186427384254
1359,temperature_sensor,2023-12-06 10:30:00+01:00,21.023263707447768,21.023263707447768
1360,temperature_sensor,2023-12-06 10:40:00+01:00,21.02320410396493,21.02320410396493
1361,temperature_sensor,2023-12-06 10:50:00+01:00,21.024331772387317,21.024331772387317
1362,temperature_sensor,2023-12-06 11:00:00+01:00,21.02933829330823,21.02933829330823
1363,temperature_sensor,2023-12-06 11:10:00+01:00,21.03461897012812,21.03461897012812
1364,temperature_sensor,2023-12-06 11:20:00+01:00,21.038671725238487,21.038671725238487
1365,temperature_sensor,2023-12-06 11:30:00+01:00,21.04046246371729,21.04046246371729
1366,temperature_sensor,2023-12-06 11:40:00+01:00,21.03830926618815,21.03830926618815
1367,temperature_sensor,2023-12-06 11:50:00+01:00,21.037381705886048,21.037381705886048
1368,temperature_sensor,2023-12-06 12:00:00+01:00,21.038685305156207,21.038685305156207
1369,temperature_sensor,2023-12-06 12:10:00+01:00,21.041239662487044,21.041239662487044
1370,temperature_sensor,2023-12-06 12:20:00+01:00,21.043758924190456,21.043758924190456
1371,temperature_sensor,2023-12-06 12:30:00+01:00,21.045988270024168,21.045988270024168
1372,temperature_sensor,2023-12-06 12:40:00+01:00,21.05023043745217,21.05023043745217
1373,temperature_sensor,2023-12-06 12:50:00+01:00,21.051409611482317,21.051409611482317
1374,temperature_sensor,2023-12-06 13:00:00+01:00,21.05008862274036,21.05008862274036
1375,temperature_sensor,2023-12-06 13:10:00+01:00,21.04676801138163,21.04676801138163
1376,temperature_sensor,2023-12-06 13:20:00+01:00,21.041859502904344,21.041859502904344
1377,temperature_sensor,2023-12-06 13:30:00+01:00,21.034931749116534,21.034931749116534
1378,temperature_sensor,2023-12-06 13:40:00+01:00,21.027191841685124,21.027191841685124
1379,temperature_sensor,2023-12-06 13:50:00+01:00,21.02028302958104,21.02028302958104
1380,temperature_sensor,2023-12-06 14:00:00+01:00,21.013009436275297,21.013009436275297
1381,temperature_sensor,2023-12-06 14:10:00+01:00,21.00883555657288,21.00883555657288
1382,temperature_sensor,2023-12-06 14:20:00+01:00,21.003814199708582,21.003814199708582
1383,temperature_sensor,2023-12-06 14:30:00+01:00,20.999612252269003,20.999612252269003
1384,temperature_sensor,2023-12-06 14:40:00+01:00,20.99498193332744,20.99498193332744
1385,temperature_sensor,2023-12-06 14:50:00+01:00,20.99125308695767,20.99125308695767
1386,temperature_sensor,2023-12-06 15:00:00+01:00,20.988320185070165,20.988320185070165
1387,temperature_sensor,2023-12-06 15:10:00+01:00,20.984707010967327,20.984707010967327
1388,temperature_sensor,2023-12-06 15:20:00+01:00,20.97854347458133,20.97854347458133
1389,temperature_sensor,2023-12-06 15:30:00+01:00,20.972413246029987,20.972413246029987
1390,temperature_sensor,2023-12-06 15:40:00+01:00,20.96648009411524,20.96648009411524
1391,temperature_sensor,2023-12-06 15:50:00+01:00,20.961975511787276,20.961975511787276
1392,temperature_sensor,2023-12-06 16:00:00+01:00,20.957563174990295,20.957563174990295
1393,temperature_sensor,2023-12-06 16:10:00+01:00,20.952747378654067,20.952747378654067
1394,temperature_sensor,2023-12-06 16:20:00+01:00,20.949743062040227,20.949743062040227
1395,temperature_sensor,2023-12-06 16:30:00+01:00,20.948268339780498,20.948268339780498
1396,temperature_sensor,2023-12-06 16:40:00+01:00,20.948066102668065,20.948066102668065
1397,temperature_sensor,2023-12-06 16:50:00+01:00,20.94890197265886,20.94890197265886
1398,temperature_sensor,2023-12-06 17:00:00+01:00,20.949402677014348,20.949402677014348
1399,temperature_sensor,2023-12-06 17:10:00+01:00,20.950918850174503,20.950918850174503
1400,temperature_sensor,2023-12-06 17:20:00+01:00,20.95324713904222,20.95324713904222
1401,temperature_sensor,2023-12-06 17:30:00+01:00,20.9561804183989,20.9561804183989
1402,temperature_sensor,2023-12-06 17:40:00+01:00,20.95953745476692,20.95953745476692
1403,temperature_sensor,2023-12-06 17:50:00+01:00,20.963166188808145,20.963166188808145
1404,temperature_sensor,2023-12-06 18:00:00+01:00,20.96693487713321,20.96693487713321
1405,temperature_sensor,2023-12-06 18:10:00+01:00,20.96951178108435,20.96951178108435
1406,temperature_sensor,2023-12-06 18:20:00+01:00,20.97425203187146,20.97425203187146
1407,temperature_sensor,2023-12-06 18:30:00+01:00,20.980655091107,20.980655091107
1408,temperature_sensor,2023-12-06 18:40:00+01:00,20.990344087316544,20.990344087316544
1409,temperature_sensor,2023-12-06 18:50:00+01:00,20.99520614067069,20.99520614067069
1410,temperature_sensor,2023-12-06 19:00:00+01:00,20.9951645224084,20.9951645224084
1411,temperature_sensor,2023-12-06 19:10:00+01:00,20.9931468276842,20.9931468276842
1412,temperature_sensor,2023-12-06 19:20:00+01:00,20.94902807559828,20.94902807559828
1413,temperature_sensor,2023-12-06 19:30:00+01:00,20.85177577321093,20.85177577321093
1414,temperature_sensor,2023-12-06 19:40:00+01:00,20.736365545196804,20.736365545196804
1415,temperature_sensor,2023-12-06 19:50:00+01:00,20.635739130406307,20.635739130406307
1416,temperature_sensor,2023-12-06 20:00:00+01:00,20.5556549484225,20.5556549484225
1417,temperature_sensor,2023-12-06 20:10:00+01:00,20.48963884043377,20.48963884043377
1418,temperature_sensor,2023-12-06 20:20:00+01:00,20.43557087718068,20.43557087718068
1419,temperature_sensor,2023-12-06 20:30:00+01:00,20.38830423743741,20.38830423743741
1420,temperature_sensor,2023-12-06 20:40:00+01:00,20.349361589208627,20.349361589208627
1421,temperature_sensor,2023-12-06 20:50:00+01:00,20.317534543230465,20.317534543230465
1422,temperature_sensor,2023-12-06 21:00:00+01:00,20.291532026306182,20.291532026306182
1423,temperature_sensor,2023-12-06 21:10:00+01:00,20.270816687822844,20.270816687822844
1424,temperature_sensor,2023-12-06 21:20:00+01:00,20.253811159349823,20.253811159349823
1425,temperature_sensor,2023-12-06 21:30:00+01:00,20.239836884342253,20.239836884342253
1426,temperature_sensor,2023-12-06 21:40:00+01:00,20.22833241460552,20.22833241460552
1427,temperature_sensor,2023-12-06 21:50:00+01:00,20.21883265315421,20.21883265315421
1428,temperature_sensor,2023-12-06 22:00:00+01:00,20.21096066927555,20.21096066927555
1429,temperature_sensor,2023-12-06 22:10:00+01:00,20.20633887228962,20.20633887228962
1430,temperature_sensor,2023-12-06 22:20:00+01:00,20.226963064321524,20.226963064321524
1431,temperature_sensor,2023-12-06 22:30:00+01:00,20.266162078106102,20.266162078106102
1432,temperature_sensor,2023-12-06 22:40:00+01:00,20.304153491775597,20.304153491775597
1433,temperature_sensor,2023-12-06 22:50:00+01:00,20.320296812080077,20.320296812080077
1434,temperature_sensor,2023-12-06 23:00:00+01:00,20.31309393935396,20.31309393935396
1435,temperature_sensor,2023-12-06 23:10:00+01:00,20.29084936209358,20.29084936209358
1436,temperature_sensor,2023-12-06 23:20:00+01:00,20.264644547269825,20.264644547269825
1437,temperature_sensor,2023-12-06 23:30:00+01:00,20.23594217252821,20.23594217252821
1438,temperature_sensor,2023-12-06 23:40:00+01:00,20.21263647550433,20.21263647550433
1439,temperature_sensor,2023-12-06 23:50:00+01:00,20.19586336496019,20.19586336496019
