,TagName,DateTime,Value,vValue
0,valve_position_sensor,2023-11-27 00:00:00+01:00,0.0,0.0
1,valve_position_sensor,2023-11-27 00:10:00+01:00,0.0,0.0
2,valve_position_sensor,2023-11-27 00:20:00+01:00,0.0,0.0
3,valve_position_sensor,2023-11-27 00:30:00+01:00,0.0,0.0
4,valve_position_sensor,2023-11-27 00:40:00+01:00,0.0,0.0
5,valve_position_sensor,2023-11-27 00:50:00+01:00,0.0,0.0
6,valve_position_sensor,2023-11-27 01:00:00+01:00,0.0,0.0
7,valve_position_sensor,2023-11-27 01:10:00+01:00,0.0,0.0
8,valve_position_sensor,2023-11-27 01:20:00+01:00,0.0,0.0
9,valve_position_sensor,2023-11-27 01:30:00+01:00,0.0,0.0
10,valve_position_sensor,2023-11-27 01:40:00+01:00,0.0,0.0
11,valve_position_sensor,2023-11-27 01:50:00+01:00,0.0,0.0
12,valve_position_sensor,2023-11-27 02:00:00+01:00,0.0,0.0
13,valve_position_sensor,2023-11-27 02:10:00+01:00,0.0,0.0
14,valve_position_sensor,2023-11-27 02:20:00+01:00,0.0,0.0
15,valve_position_sensor,2023-11-27 02:30:00+01:00,0.0,0.0
16,valve_position_sensor,2023-11-27 02:40:00+01:00,0.0,0.0
17,valve_position_sensor,2023-11-27 02:50:00+01:00,0.0,0.0
18,valve_position_sensor,2023-11-27 03:00:00+01:00,0.0,0.0
19,valve_position_sensor,2023-11-27 03:10:00+01:00,0.0,0.0
20,valve_position_sensor,2023-11-27 03:20:00+01:00,0.0,0.0
21,valve_position_sensor,2023-11-27 03:30:00+01:00,0.0,0.0
22,valve_position_sensor,2023-11-27 03:40:00+01:00,0.0,0.0
23,valve_position_sensor,2023-11-27 03:50:00+01:00,0.0,0.0
24,valve_position_sensor,2023-11-27 04:00:00+01:00,0.0,0.0
25,valve_position_sensor,2023-11-27 04:10:00+01:00,0.0,0.0
26,valve_position_sensor,2023-11-27 04:20:00+01:00,0.0,0.0
27,valve_position_sensor,2023-11-27 04:30:00+01:00,0.0,0.0
28,valve_position_sensor,2023-11-27 04:40:00+01:00,0.0,0.0
29,valve_position_sensor,2023-11-27 04:50:00+01:00,0.0,0.0
30,valve_position_sensor,2023-11-27 05:00:00+01:00,0.0,0.0
31,valve_position_sensor,2023-11-27 05:10:00+01:00,0.0,0.0
32,valve_position_sensor,2023-11-27 05:20:00+01:00,0.0,0.0
33,valve_position_sensor,2023-11-27 05:30:00+01:00,0.0,0.0
34,valve_position_sensor,2023-11-27 05:40:00+01:00,0.0,0.0
35,valve_position_sensor,2023-11-27 05:50:00+01:00,0.0,0.0
36,valve_position_sensor,2023-11-27 06:00:00+01:00,0.0,0.0
37,valve_position_sensor,2023-11-27 06:10:00+01:00,0.0499595466851842,0.0499595466851842
38,valve_position_sensor,2023-11-27 06:20:00+01:00,0.1006185121324405,0.1006185121324405
39,valve_position_sensor,2023-11-27 06:30:00+01:00,0.1512400857191771,0.1512400857191771
40,valve_position_sensor,2023-11-27 06:40:00+01:00,0.2007240491294288,0.2007240491294288
41,valve_position_sensor,2023-11-27 06:50:00+01:00,0.2478574592034598,0.2478574592034598
42,valve_position_sensor,2023-11-27 07:00:00+01:00,0.2916571634402652,0.2916571634402652
43,valve_position_sensor,2023-11-27 07:10:00+01:00,0.331379991390955,0.331379991390955
44,valve_position_sensor,2023-11-27 07:20:00+01:00,0.3662182475489322,0.3662182475489322
45,valve_position_sensor,2023-11-27 07:30:00+01:00,0.3959070609671479,0.3959070609671479
46,valve_position_sensor,2023-11-27 07:40:00+01:00,0.4201614708214194,0.4201614708214194
47,valve_position_sensor,2023-11-27 07:50:00+01:00,0.4394195023376439,0.4394195023376439
48,valve_position_sensor,2023-11-27 08:00:00+01:00,0.4539422126655217,0.4539422126655217
49,valve_position_sensor,2023-11-27 08:10:00+01:00,0.463999595199735,0.463999595199735
50,valve_position_sensor,2023-11-27 08:20:00+01:00,0.4706618228127716,0.4706618228127716
51,valve_position_sensor,2023-11-27 08:30:00+01:00,0.4733080677525351,0.4733080677525351
52,valve_position_sensor,2023-11-27 08:40:00+01:00,0.4716616088540744,0.4716616088540744
53,valve_position_sensor,2023-11-27 08:50:00+01:00,0.4668665310661545,0.4668665310661545
54,valve_position_sensor,2023-11-27 09:00:00+01:00,0.4573014533202086,0.4573014533202086
55,valve_position_sensor,2023-11-27 09:10:00+01:00,0.4465323490844501,0.4465323490844501
56,valve_position_sensor,2023-11-27 09:20:00+01:00,0.4359966124225717,0.4359966124225717
57,valve_position_sensor,2023-11-27 09:30:00+01:00,0.4266366077703765,0.4266366077703765
58,valve_position_sensor,2023-11-27 09:40:00+01:00,0.4186842186353371,0.4186842186353371
59,valve_position_sensor,2023-11-27 09:50:00+01:00,0.4112614183426468,0.4112614183426468
60,valve_position_sensor,2023-11-27 10:00:00+01:00,0.4038262329765992,0.4038262329765992
61,valve_position_sensor,2023-11-27 10:10:00+01:00,0.3930516837365578,0.3930516837365578
62,valve_position_sensor,2023-11-27 10:20:00+01:00,0.3826924599445219,0.3826924599445219
63,valve_position_sensor,2023-11-27 10:30:00+01:00,0.3698996327987122,0.3698996327987122
64,valve_position_sensor,2023-11-27 10:40:00+01:00,0.3553649908946173,0.3553649908946173
65,valve_position_sensor,2023-11-27 10:50:00+01:00,0.340796220244877,0.340796220244877
66,valve_position_sensor,2023-11-27 11:00:00+01:00,0.3264942839553332,0.3264942839553332
67,valve_position_sensor,2023-11-27 11:10:00+01:00,0.3117087864888627,0.3117087864888627
68,valve_position_sensor,2023-11-27 11:20:00+01:00,0.2981185178389726,0.2981185178389726
69,valve_position_sensor,2023-11-27 11:30:00+01:00,0.286640545980083,0.286640545980083
70,valve_position_sensor,2023-11-27 11:40:00+01:00,0.2774453610802307,0.2774453610802307
71,valve_position_sensor,2023-11-27 11:50:00+01:00,0.2704700073269822,0.2704700073269822
72,valve_position_sensor,2023-11-27 12:00:00+01:00,0.2654070435400353,0.2654070435400353
73,valve_position_sensor,2023-11-27 12:10:00+01:00,0.2623174297609376,0.2623174297609376
74,valve_position_sensor,2023-11-27 12:20:00+01:00,0.2612020580407856,0.2612020580407856
75,valve_position_sensor,2023-11-27 12:30:00+01:00,0.2621994690493986,0.2621994690493986
76,valve_position_sensor,2023-11-27 12:40:00+01:00,0.2649142486661031,0.2649142486661031
77,valve_position_sensor,2023-11-27 12:50:00+01:00,0.2692769745297252,0.2692769745297252
78,valve_position_sensor,2023-11-27 13:00:00+01:00,0.2753668709677532,0.2753668709677532
79,valve_position_sensor,2023-11-27 13:10:00+01:00,0.283163596638478,0.283163596638478
80,valve_position_sensor,2023-11-27 13:20:00+01:00,0.2925337524486914,0.2925337524486914
81,valve_position_sensor,2023-11-27 13:30:00+01:00,0.303335144401441,0.303335144401441
82,valve_position_sensor,2023-11-27 13:40:00+01:00,0.3153186194194391,0.3153186194194391
83,valve_position_sensor,2023-11-27 13:50:00+01:00,0.328538092237148,0.328538092237148
84,valve_position_sensor,2023-11-27 14:00:00+01:00,0.3425077269632274,0.3425077269632274
85,valve_position_sensor,2023-11-27 14:10:00+01:00,0.3567740746085304,0.3567740746085304
86,valve_position_sensor,2023-11-27 14:20:00+01:00,0.3707022938480703,0.3707022938480703
87,valve_position_sensor,2023-11-27 14:30:00+01:00,0.3840438717873247,0.3840438717873247
88,valve_position_sensor,2023-11-27 14:40:00+01:00,0.3968117881306248,0.3968117881306248
89,valve_position_sensor,2023-11-27 14:50:00+01:00,0.4091463327890147,0.4091463327890147
90,valve_position_sensor,2023-11-27 15:00:00+01:00,0.4212366422031204,0.4212366422031204
91,valve_position_sensor,2023-11-27 15:10:00+01:00,0.432700804162469,0.432700804162469
92,valve_position_sensor,2023-11-27 15:20:00+01:00,0.4431497699512123,0.4431497699512123
93,valve_position_sensor,2023-11-27 15:30:00+01:00,0.4529375915401532,0.4529375915401532
94,valve_position_sensor,2023-11-27 15:40:00+01:00,0.4625366900903778,0.4625366900903778
95,valve_position_sensor,2023-11-27 15:50:00+01:00,0.4721556899853388,0.4721556899853388
96,valve_position_sensor,2023-11-27 16:00:00+01:00,0.4816849097436257,0.4816849097436257
97,valve_position_sensor,2023-11-27 16:10:00+01:00,0.4911161605712168,0.4911161605712168
98,valve_position_sensor,2023-11-27 16:20:00+01:00,0.5004442318249026,0.5004442318249026
99,valve_position_sensor,2023-11-27 16:30:00+01:00,0.508946031645914,0.508946031645914
100,valve_position_sensor,2023-11-27 16:40:00+01:00,0.5166759169947822,0.5166759169947822
101,valve_position_sensor,2023-11-27 16:50:00+01:00,0.5243306327358291,0.5243306327358291
102,valve_position_sensor,2023-11-27 17:00:00+01:00,0.5320110083670867,0.5320110083670867
103,valve_position_sensor,2023-11-27 17:10:00+01:00,0.5399413726992042,0.5399413726992042
104,valve_position_sensor,2023-11-27 17:20:00+01:00,0.5477548038632436,0.5477548038632436
105,valve_position_sensor,2023-11-27 17:30:00+01:00,0.5550828019178856,0.5550828019178856
106,valve_position_sensor,2023-11-27 17:40:00+01:00,0.5613539707672864,0.5613539707672864
107,valve_position_sensor,2023-11-27 17:50:00+01:00,0.5666686311003404,0.5666686311003404
108,valve_position_sensor,2023-11-27 18:00:00+01:00,0.5716639501646528,0.5716639501646528
109,valve_position_sensor,2023-11-27 18:10:00+01:00,0.576516489182322,0.576516489182322
110,valve_position_sensor,2023-11-27 18:20:00+01:00,0.5815630455055831,0.5815630455055831
111,valve_position_sensor,2023-11-27 18:30:00+01:00,0.5865305201706341,0.5865305201706341
112,valve_position_sensor,2023-11-27 18:40:00+01:00,0.5908418277544584,0.5908418277544584
113,valve_position_sensor,2023-11-27 18:50:00+01:00,0.5942224255853834,0.5942224255853834
114,valve_position_sensor,2023-11-27 19:00:00+01:00,0.5966442007909789,0.5966442007909789
115,valve_position_sensor,2023-11-27 19:10:00+01:00,0.3356139266116944,0.3356139266116944
116,valve_position_sensor,2023-11-27 19:20:00+01:00,0.0808738472301656,0.0808738472301656
117,valve_position_sensor,2023-11-27 19:30:00+01:00,0.0,0.0
118,valve_position_sensor,2023-11-27 19:40:00+01:00,0.0,0.0
119,valve_position_sensor,2023-11-27 19:50:00+01:00,0.0,0.0
120,valve_position_sensor,2023-11-27 20:00:00+01:00,0.0,0.0
121,valve_position_sensor,2023-11-27 20:10:00+01:00,0.0,0.0
122,valve_position_sensor,2023-11-27 20:20:00+01:00,0.0,0.0
123,valve_position_sensor,2023-11-27 20:30:00+01:00,0.0,0.0
124,valve_position_sensor,2023-11-27 20:40:00+01:00,0.0,0.0
125,valve_position_sensor,2023-11-27 20:50:00+01:00,0.0,0.0
126,valve_position_sensor,2023-11-27 21:00:00+01:00,0.0,0.0
127,valve_position_sensor,2023-11-27 21:10:00+01:00,0.0,0.0
128,valve_position_sensor,2023-11-27 21:20:00+01:00,0.0,0.0
129,valve_position_sensor,2023-11-27 21:30:00+01:00,0.0,0.0
130,valve_position_sensor,2023-11-27 21:40:00+01:00,0.0,0.0
131,valve_position_sensor,2023-11-27 21:50:00+01:00,0.0,0.0
132,valve_position_sensor,2023-11-27 22:00:00+01:00,0.0,0.0
133,valve_position_sensor,2023-11-27 22:10:00+01:00,0.0,0.0
134,valve_position_sensor,2023-11-27 22:20:00+01:00,0.0,0.0
135,valve_position_sensor,2023-11-27 22:30:00+01:00,0.0,0.0
136,valve_position_sensor,2023-11-27 22:40:00+01:00,0.0,0.0
137,valve_position_sensor,2023-11-27 22:50:00+01:00,0.0,0.0
138,valve_position_sensor,2023-11-27 23:00:00+01:00,0.0,0.0
139,valve_position_sensor,2023-11-27 23:10:00+01:00,0.0,0.0
140,valve_position_sensor,2023-11-27 23:20:00+01:00,0.0,0.0
141,valve_position_sensor,2023-11-27 23:30:00+01:00,0.0,0.0
142,valve_position_sensor,2023-11-27 23:40:00+01:00,0.0,0.0
143,valve_position_sensor,2023-11-27 23:50:00+01:00,0.0,0.0
144,valve_position_sensor,2023-11-28 00:00:00+01:00,0.0,0.0
145,valve_position_sensor,2023-11-28 00:10:00+01:00,0.0,0.0
146,valve_position_sensor,2023-11-28 00:20:00+01:00,0.0,0.0
147,valve_position_sensor,2023-11-28 00:30:00+01:00,0.0,0.0
148,valve_position_sensor,2023-11-28 00:40:00+01:00,0.0,0.0
149,valve_position_sensor,2023-11-28 00:50:00+01:00,0.0,0.0
150,valve_position_sensor,2023-11-28 01:00:00+01:00,0.0,0.0
151,valve_position_sensor,2023-11-28 01:10:00+01:00,0.0,0.0
152,valve_position_sensor,2023-11-28 01:20:00+01:00,0.0,0.0
153,valve_position_sensor,2023-11-28 01:30:00+01:00,0.0,0.0
154,valve_position_sensor,2023-11-28 01:40:00+01:00,0.0,0.0
155,valve_position_sensor,2023-11-28 01:50:00+01:00,0.0,0.0
156,valve_position_sensor,2023-11-28 02:00:00+01:00,0.0,0.0
157,valve_position_sensor,2023-11-28 02:10:00+01:00,0.0,0.0
158,valve_position_sensor,2023-11-28 02:20:00+01:00,0.0,0.0
159,valve_position_sensor,2023-11-28 02:30:00+01:00,0.0,0.0
160,valve_position_sensor,2023-11-28 02:40:00+01:00,0.0,0.0
161,valve_position_sensor,2023-11-28 02:50:00+01:00,0.0,0.0
162,valve_position_sensor,2023-11-28 03:00:00+01:00,0.0,0.0
163,valve_position_sensor,2023-11-28 03:10:00+01:00,0.0,0.0
164,valve_position_sensor,2023-11-28 03:20:00+01:00,0.0,0.0
165,valve_position_sensor,2023-11-28 03:30:00+01:00,0.0,0.0
166,valve_position_sensor,2023-11-28 03:40:00+01:00,0.0,0.0
167,valve_position_sensor,2023-11-28 03:50:00+01:00,0.0,0.0
168,valve_position_sensor,2023-11-28 04:00:00+01:00,0.0,0.0
169,valve_position_sensor,2023-11-28 04:10:00+01:00,0.0,0.0
170,valve_position_sensor,2023-11-28 04:20:00+01:00,0.0,0.0
171,valve_position_sensor,2023-11-28 04:30:00+01:00,0.0,0.0
172,valve_position_sensor,2023-11-28 04:40:00+01:00,0.0,0.0
173,valve_position_sensor,2023-11-28 04:50:00+01:00,0.0,0.0
174,valve_position_sensor,2023-11-28 05:00:00+01:00,0.0,0.0
175,valve_position_sensor,2023-11-28 05:10:00+01:00,0.0,0.0
176,valve_position_sensor,2023-11-28 05:20:00+01:00,0.0,0.0
177,valve_position_sensor,2023-11-28 05:30:00+01:00,0.0,0.0
178,valve_position_sensor,2023-11-28 05:40:00+01:00,0.0,0.0
179,valve_position_sensor,2023-11-28 05:50:00+01:00,0.0,0.0
180,valve_position_sensor,2023-11-28 06:00:00+01:00,0.0,0.0
181,valve_position_sensor,2023-11-28 06:10:00+01:00,0.067316314803526,0.067316314803526
182,valve_position_sensor,2023-11-28 06:20:00+01:00,0.1329276913878641,0.1329276913878641
183,valve_position_sensor,2023-11-28 06:30:00+01:00,0.1960811237879989,0.1960811237879989
184,valve_position_sensor,2023-11-28 06:40:00+01:00,0.2555233883773828,0.2555233883773828
185,valve_position_sensor,2023-11-28 06:50:00+01:00,0.3099260870119175,0.3099260870119175
186,valve_position_sensor,2023-11-28 07:00:00+01:00,0.358909144714712,0.358909144714712
187,valve_position_sensor,2023-11-28 07:10:00+01:00,0.4021323548208446,0.4021323548208446
188,valve_position_sensor,2023-11-28 07:20:00+01:00,0.4395023615960008,0.4395023615960008
189,valve_position_sensor,2023-11-28 07:30:00+01:00,0.4711139295623525,0.4711139295623525
190,valve_position_sensor,2023-11-28 07:40:00+01:00,0.4972020256625933,0.4972020256625933
191,valve_position_sensor,2023-11-28 07:50:00+01:00,0.5184422017714163,0.5184422017714163
192,valve_position_sensor,2023-11-28 08:00:00+01:00,0.5368620855867791,0.5368620855867791
193,valve_position_sensor,2023-11-28 08:10:00+01:00,0.5537485576952996,0.5537485576952996
194,valve_position_sensor,2023-11-28 08:20:00+01:00,0.5696028156998316,0.5696028156998316
195,valve_position_sensor,2023-11-28 08:30:00+01:00,0.5844279187961037,0.5844279187961037
196,valve_position_sensor,2023-11-28 08:40:00+01:00,0.5979739662159884,0.5979739662159884
197,valve_position_sensor,2023-11-28 08:50:00+01:00,0.6096071256223187,0.6096071256223187
198,valve_position_sensor,2023-11-28 09:00:00+01:00,0.6185160048089201,0.6185160048089201
199,valve_position_sensor,2023-11-28 09:10:00+01:00,0.6245695430338339,0.6245695430338339
200,valve_position_sensor,2023-11-28 09:20:00+01:00,0.6281923125561213,0.6281923125561213
201,valve_position_sensor,2023-11-28 09:30:00+01:00,0.6304372168762902,0.6304372168762902
202,valve_position_sensor,2023-11-28 09:40:00+01:00,0.6315995428566159,0.6315995428566159
203,valve_position_sensor,2023-11-28 09:50:00+01:00,0.632128752743554,0.632128752743554
204,valve_position_sensor,2023-11-28 10:00:00+01:00,0.6319630728372329,0.6319630728372329
205,valve_position_sensor,2023-11-28 10:10:00+01:00,0.6302882228193933,0.6302882228193933
206,valve_position_sensor,2023-11-28 10:20:00+01:00,0.6268652895381093,0.6268652895381093
207,valve_position_sensor,2023-11-28 10:30:00+01:00,0.6219668658246396,0.6219668658246396
208,valve_position_sensor,2023-11-28 10:40:00+01:00,0.6161991709980101,0.6161991709980101
209,valve_position_sensor,2023-11-28 10:50:00+01:00,0.6096444322369697,0.6096444322369697
210,valve_position_sensor,2023-11-28 11:00:00+01:00,0.6018819304581919,0.6018819304581919
211,valve_position_sensor,2023-11-28 11:10:00+01:00,0.5920877491404093,0.5920877491404093
212,valve_position_sensor,2023-11-28 11:20:00+01:00,0.5797237600106963,0.5797237600106963
213,valve_position_sensor,2023-11-28 11:30:00+01:00,0.5655313458084846,0.5655313458084846
214,valve_position_sensor,2023-11-28 11:40:00+01:00,0.5503166079792416,0.5503166079792416
215,valve_position_sensor,2023-11-28 11:50:00+01:00,0.5353422351587981,0.5353422351587981
216,valve_position_sensor,2023-11-28 12:00:00+01:00,0.5210886012536867,0.5210886012536867
217,valve_position_sensor,2023-11-28 12:10:00+01:00,0.5081508077373665,0.5081508077373665
218,valve_position_sensor,2023-11-28 12:20:00+01:00,0.4969032449030807,0.4969032449030807
219,valve_position_sensor,2023-11-28 12:30:00+01:00,0.4875041501930409,0.4875041501930409
220,valve_position_sensor,2023-11-28 12:40:00+01:00,0.4790109999229777,0.4790109999229777
221,valve_position_sensor,2023-11-28 12:50:00+01:00,0.4716813253090086,0.4716813253090086
222,valve_position_sensor,2023-11-28 13:00:00+01:00,0.465876207766299,0.465876207766299
223,valve_position_sensor,2023-11-28 13:10:00+01:00,0.4620857915774759,0.4620857915774759
224,valve_position_sensor,2023-11-28 13:20:00+01:00,0.4601261835642216,0.4601261835642216
225,valve_position_sensor,2023-11-28 13:30:00+01:00,0.4600716841041242,0.4600716841041242
226,valve_position_sensor,2023-11-28 13:40:00+01:00,0.4616788211401251,0.4616788211401251
227,valve_position_sensor,2023-11-28 13:50:00+01:00,0.4645391931186757,0.4645391931186757
228,valve_position_sensor,2023-11-28 14:00:00+01:00,0.4678248918041748,0.4678248918041748
229,valve_position_sensor,2023-11-28 14:10:00+01:00,0.4715076550184504,0.4715076550184504
230,valve_position_sensor,2023-11-28 14:20:00+01:00,0.4755453873720506,0.4755453873720506
231,valve_position_sensor,2023-11-28 14:30:00+01:00,0.4797945879763177,0.4797945879763177
232,valve_position_sensor,2023-11-28 14:40:00+01:00,0.4842377005299074,0.4842377005299074
233,valve_position_sensor,2023-11-28 14:50:00+01:00,0.4888560934974463,0.4888560934974463
234,valve_position_sensor,2023-11-28 15:00:00+01:00,0.4937100995922132,0.4937100995922132
235,valve_position_sensor,2023-11-28 15:10:00+01:00,0.49952460955167,0.49952460955167
236,valve_position_sensor,2023-11-28 15:20:00+01:00,0.5062214570943965,0.5062214570943965
237,valve_position_sensor,2023-11-28 15:30:00+01:00,0.5136487327840786,0.5136487327840786
238,valve_position_sensor,2023-11-28 15:40:00+01:00,0.5215911183861349,0.5215911183861349
239,valve_position_sensor,2023-11-28 15:50:00+01:00,0.5300447291248083,0.5300447291248083
240,valve_position_sensor,2023-11-28 16:00:00+01:00,0.5391756349101984,0.5391756349101984
241,valve_position_sensor,2023-11-28 16:10:00+01:00,0.5486923529554165,0.5486923529554165
242,valve_position_sensor,2023-11-28 16:20:00+01:00,0.5586393119840727,0.5586393119840727
243,valve_position_sensor,2023-11-28 16:30:00+01:00,0.5688572560068949,0.5688572560068949
244,valve_position_sensor,2023-11-28 16:40:00+01:00,0.579214744213829,0.579214744213829
245,valve_position_sensor,2023-11-28 16:50:00+01:00,0.5895017020718489,0.5895017020718489
246,valve_position_sensor,2023-11-28 17:00:00+01:00,0.5992644293303881,0.5992644293303881
247,valve_position_sensor,2023-11-28 17:10:00+01:00,0.6081913440437545,0.6081913440437545
248,valve_position_sensor,2023-11-28 17:20:00+01:00,0.6162507959780523,0.6162507959780523
249,valve_position_sensor,2023-11-28 17:30:00+01:00,0.6235372841114373,0.6235372841114373
250,valve_position_sensor,2023-11-28 17:40:00+01:00,0.6302233835054746,0.6302233835054746
251,valve_position_sensor,2023-11-28 17:50:00+01:00,0.6362832660821746,0.6362832660821746
252,valve_position_sensor,2023-11-28 18:00:00+01:00,0.641995176002769,0.641995176002769
253,valve_position_sensor,2023-11-28 18:10:00+01:00,0.6471444450444073,0.6471444450444073
254,valve_position_sensor,2023-11-28 18:20:00+01:00,0.6520415804968258,0.6520415804968258
255,valve_position_sensor,2023-11-28 18:30:00+01:00,0.6567596595882852,0.6567596595882852
256,valve_position_sensor,2023-11-28 18:40:00+01:00,0.6610814261289157,0.6610814261289157
257,valve_position_sensor,2023-11-28 18:50:00+01:00,0.6649428810142569,0.6649428810142569
258,valve_position_sensor,2023-11-28 19:00:00+01:00,0.668378467940745,0.668378467940745
259,valve_position_sensor,2023-11-28 19:10:00+01:00,0.4078605792929837,0.4078605792929837
260,valve_position_sensor,2023-11-28 19:20:00+01:00,0.153223688887864,0.153223688887864
261,valve_position_sensor,2023-11-28 19:30:00+01:00,0.0,0.0
262,valve_position_sensor,2023-11-28 19:40:00+01:00,0.0,0.0
263,valve_position_sensor,2023-11-28 19:50:00+01:00,0.0,0.0
264,valve_position_sensor,2023-11-28 20:00:00+01:00,0.0,0.0
265,valve_position_sensor,2023-11-28 20:10:00+01:00,0.0,0.0
266,valve_position_sensor,2023-11-28 20:20:00+01:00,0.0,0.0
267,valve_position_sensor,2023-11-28 20:30:00+01:00,0.0,0.0
268,valve_position_sensor,2023-11-28 20:40:00+01:00,0.0,0.0
269,valve_position_sensor,2023-11-28 20:50:00+01:00,0.0,0.0
270,valve_position_sensor,2023-11-28 21:00:00+01:00,0.0,0.0
271,valve_position_sensor,2023-11-28 21:10:00+01:00,0.0,0.0
272,valve_position_sensor,2023-11-28 21:20:00+01:00,0.0,0.0
273,valve_position_sensor,2023-11-28 21:30:00+01:00,0.0,0.0
274,valve_position_sensor,2023-11-28 21:40:00+01:00,0.0,0.0
275,valve_position_sensor,2023-11-28 21:50:00+01:00,0.0,0.0
276,valve_position_sensor,2023-11-28 22:00:00+01:00,0.0,0.0
277,valve_position_sensor,2023-11-28 22:10:00+01:00,0.0,0.0
278,valve_position_sensor,2023-11-28 22:20:00+01:00,0.0,0.0
279,valve_position_sensor,2023-11-28 22:30:00+01:00,0.0,0.0
280,valve_position_sensor,2023-11-28 22:40:00+01:00,0.0,0.0
281,valve_position_sensor,2023-11-28 22:50:00+01:00,0.0,0.0
282,valve_position_sensor,2023-11-28 23:00:00+01:00,0.0,0.0
283,valve_position_sensor,2023-11-28 23:10:00+01:00,0.0,0.0
284,valve_position_sensor,2023-11-28 23:20:00+01:00,0.0,0.0
285,valve_position_sensor,2023-11-28 23:30:00+01:00,0.0,0.0
286,valve_position_sensor,2023-11-28 23:40:00+01:00,0.0,0.0
287,valve_position_sensor,2023-11-28 23:50:00+01:00,0.0,0.0
288,valve_position_sensor,2023-11-29 00:00:00+01:00,0.0,0.0
289,valve_position_sensor,2023-11-29 00:10:00+01:00,0.0,0.0
290,valve_position_sensor,2023-11-29 00:20:00+01:00,0.0,0.0
291,valve_position_sensor,2023-11-29 00:30:00+01:00,0.0,0.0
292,valve_position_sensor,2023-11-29 00:40:00+01:00,0.0,0.0
293,valve_position_sensor,2023-11-29 00:50:00+01:00,0.0,0.0
294,valve_position_sensor,2023-11-29 01:00:00+01:00,0.0,0.0
295,valve_position_sensor,2023-11-29 01:10:00+01:00,0.0,0.0
296,valve_position_sensor,2023-11-29 01:20:00+01:00,0.0,0.0
297,valve_position_sensor,2023-11-29 01:30:00+01:00,0.0,0.0
298,valve_position_sensor,2023-11-29 01:40:00+01:00,0.0,0.0
299,valve_position_sensor,2023-11-29 01:50:00+01:00,0.0,0.0
300,valve_position_sensor,2023-11-29 02:00:00+01:00,0.0,0.0
301,valve_position_sensor,2023-11-29 02:10:00+01:00,0.0,0.0
302,valve_position_sensor,2023-11-29 02:20:00+01:00,0.0,0.0
303,valve_position_sensor,2023-11-29 02:30:00+01:00,0.0,0.0
304,valve_position_sensor,2023-11-29 02:40:00+01:00,0.0,0.0
305,valve_position_sensor,2023-11-29 02:50:00+01:00,0.0,0.0
306,valve_position_sensor,2023-11-29 03:00:00+01:00,0.0,0.0
307,valve_position_sensor,2023-11-29 03:10:00+01:00,0.0,0.0
308,valve_position_sensor,2023-11-29 03:20:00+01:00,0.0,0.0
309,valve_position_sensor,2023-11-29 03:30:00+01:00,0.0,0.0
310,valve_position_sensor,2023-11-29 03:40:00+01:00,0.0,0.0
311,valve_position_sensor,2023-11-29 03:50:00+01:00,0.0,0.0
312,valve_position_sensor,2023-11-29 04:00:00+01:00,0.0,0.0
313,valve_position_sensor,2023-11-29 04:10:00+01:00,0.0,0.0
314,valve_position_sensor,2023-11-29 04:20:00+01:00,0.0,0.0
315,valve_position_sensor,2023-11-29 04:30:00+01:00,0.0,0.0
316,valve_position_sensor,2023-11-29 04:40:00+01:00,0.0,0.0
317,valve_position_sensor,2023-11-29 04:50:00+01:00,0.0,0.0
318,valve_position_sensor,2023-11-29 05:00:00+01:00,0.0,0.0
319,valve_position_sensor,2023-11-29 05:10:00+01:00,0.0,0.0
320,valve_position_sensor,2023-11-29 05:20:00+01:00,0.0,0.0
321,valve_position_sensor,2023-11-29 05:30:00+01:00,0.0,0.0
322,valve_position_sensor,2023-11-29 05:40:00+01:00,0.0,0.0
323,valve_position_sensor,2023-11-29 05:50:00+01:00,0.0,0.0
324,valve_position_sensor,2023-11-29 06:00:00+01:00,0.0,0.0
325,valve_position_sensor,2023-11-29 06:10:00+01:00,0.0829703408352495,0.0829703408352495
326,valve_position_sensor,2023-11-29 06:20:00+01:00,0.1671159306446018,0.1671159306446018
327,valve_position_sensor,2023-11-29 06:30:00+01:00,0.2508534943148649,0.2508534943148649
328,valve_position_sensor,2023-11-29 06:40:00+01:00,0.3321324039856831,0.3321324039856831
329,valve_position_sensor,2023-11-29 06:50:00+01:00,0.408310483850917,0.408310483850917
330,valve_position_sensor,2023-11-29 07:00:00+01:00,0.4770939629681799,0.4770939629681799
331,valve_position_sensor,2023-11-29 07:10:00+01:00,0.5365815990680999,0.5365815990680999
332,valve_position_sensor,2023-11-29 07:20:00+01:00,0.5864578810587304,0.5864578810587304
333,valve_position_sensor,2023-11-29 07:30:00+01:00,0.6268843511317259,0.6268843511317259
334,valve_position_sensor,2023-11-29 07:40:00+01:00,0.6585709922565914,0.6585709922565914
335,valve_position_sensor,2023-11-29 07:50:00+01:00,0.6830876565167338,0.6830876565167338
336,valve_position_sensor,2023-11-29 08:00:00+01:00,0.7003640775994958,0.7003640775994958
337,valve_position_sensor,2023-11-29 08:10:00+01:00,0.7114473105072842,0.7114473105072842
338,valve_position_sensor,2023-11-29 08:20:00+01:00,0.7172711148796489,0.7172711148796489
339,valve_position_sensor,2023-11-29 08:30:00+01:00,0.7181951826659287,0.7181951826659287
340,valve_position_sensor,2023-11-29 08:40:00+01:00,0.7164293877486885,0.7164293877486885
341,valve_position_sensor,2023-11-29 08:50:00+01:00,0.7133559496837047,0.7133559496837047
342,valve_position_sensor,2023-11-29 09:00:00+01:00,0.7095101353225176,0.7095101353225176
343,valve_position_sensor,2023-11-29 09:10:00+01:00,0.704646901784905,0.704646901784905
344,valve_position_sensor,2023-11-29 09:20:00+01:00,0.6989549093827484,0.6989549093827484
345,valve_position_sensor,2023-11-29 09:30:00+01:00,0.6929237655562523,0.6929237655562523
346,valve_position_sensor,2023-11-29 09:40:00+01:00,0.6868355211038474,0.6868355211038474
347,valve_position_sensor,2023-11-29 09:50:00+01:00,0.6811049246591788,0.6811049246591788
348,valve_position_sensor,2023-11-29 10:00:00+01:00,0.6755763001894056,0.6755763001894056
349,valve_position_sensor,2023-11-29 10:10:00+01:00,0.6700792227698896,0.6700792227698896
350,valve_position_sensor,2023-11-29 10:20:00+01:00,0.6645681470342406,0.6645681470342406
351,valve_position_sensor,2023-11-29 10:30:00+01:00,0.6592049861080627,0.6592049861080627
352,valve_position_sensor,2023-11-29 10:40:00+01:00,0.6540091861989261,0.6540091861989261
353,valve_position_sensor,2023-11-29 10:50:00+01:00,0.6487705233775578,0.6487705233775578
354,valve_position_sensor,2023-11-29 11:00:00+01:00,0.6436131593527116,0.6436131593527116
355,valve_position_sensor,2023-11-29 11:10:00+01:00,0.6357659618874146,0.6357659618874146
356,valve_position_sensor,2023-11-29 11:20:00+01:00,0.62680747095337,0.62680747095337
357,valve_position_sensor,2023-11-29 11:30:00+01:00,0.6143712836449013,0.6143712836449013
358,valve_position_sensor,2023-11-29 11:40:00+01:00,0.6009529496553252,0.6009529496553252
359,valve_position_sensor,2023-11-29 11:50:00+01:00,0.5879879476242019,0.5879879476242019
360,valve_position_sensor,2023-11-29 12:00:00+01:00,0.5762423303909843,0.5762423303909843
361,valve_position_sensor,2023-11-29 12:10:00+01:00,0.5659990256197036,0.5659990256197036
362,valve_position_sensor,2023-11-29 12:20:00+01:00,0.5578454988558657,0.5578454988558657
363,valve_position_sensor,2023-11-29 12:30:00+01:00,0.5517272504992806,0.5517272504992806
364,valve_position_sensor,2023-11-29 12:40:00+01:00,0.5474615723446715,0.5474615723446715
365,valve_position_sensor,2023-11-29 12:50:00+01:00,0.5449650892333143,0.5449650892333143
366,valve_position_sensor,2023-11-29 13:00:00+01:00,0.5441322381586821,0.5441322381586821
367,valve_position_sensor,2023-11-29 13:10:00+01:00,0.5444549463203284,0.5444549463203284
368,valve_position_sensor,2023-11-29 13:20:00+01:00,0.5458229487365769,0.5458229487365769
369,valve_position_sensor,2023-11-29 13:30:00+01:00,0.5483024861261009,0.5483024861261009
370,valve_position_sensor,2023-11-29 13:40:00+01:00,0.5516418860116248,0.5516418860116248
371,valve_position_sensor,2023-11-29 13:50:00+01:00,0.5556186136603698,0.5556186136603698
372,valve_position_sensor,2023-11-29 14:00:00+01:00,0.5600437498324247,0.5600437498324247
373,valve_position_sensor,2023-11-29 14:10:00+01:00,0.5646650265454694,0.5646650265454694
374,valve_position_sensor,2023-11-29 14:20:00+01:00,0.5694778158635019,0.5694778158635019
375,valve_position_sensor,2023-11-29 14:30:00+01:00,0.5741919963582063,0.5741919963582063
376,valve_position_sensor,2023-11-29 14:40:00+01:00,0.5785787838351327,0.5785787838351327
377,valve_position_sensor,2023-11-29 14:50:00+01:00,0.5823880374051723,0.5823880374051723
378,valve_position_sensor,2023-11-29 15:00:00+01:00,0.5858641487452966,0.5858641487452966
379,valve_position_sensor,2023-11-29 15:10:00+01:00,0.589523164090819,0.589523164090819
380,valve_position_sensor,2023-11-29 15:20:00+01:00,0.5936027051327151,0.5936027051327151
381,valve_position_sensor,2023-11-29 15:30:00+01:00,0.5980090791707213,0.5980090791707213
382,valve_position_sensor,2023-11-29 15:40:00+01:00,0.6026639876572959,0.6026639876572959
383,valve_position_sensor,2023-11-29 15:50:00+01:00,0.6074273115036292,0.6074273115036292
384,valve_position_sensor,2023-11-29 16:00:00+01:00,0.6120773934985138,0.6120773934985138
385,valve_position_sensor,2023-11-29 16:10:00+01:00,0.6166856090713759,0.6166856090713759
386,valve_position_sensor,2023-11-29 16:20:00+01:00,0.6211924256235046,0.6211924256235046
387,valve_position_sensor,2023-11-29 16:30:00+01:00,0.6256563172300338,0.6256563172300338
388,valve_position_sensor,2023-11-29 16:40:00+01:00,0.6300233111178122,0.6300233111178122
389,valve_position_sensor,2023-11-29 16:50:00+01:00,0.6342535906590278,0.6342535906590278
390,valve_position_sensor,2023-11-29 17:00:00+01:00,0.6386789952500237,0.6386789952500237
391,valve_position_sensor,2023-11-29 17:10:00+01:00,0.6431507299210781,0.6431507299210781
392,valve_position_sensor,2023-11-29 17:20:00+01:00,0.6480169687399578,0.6480169687399578
393,valve_position_sensor,2023-11-29 17:30:00+01:00,0.6525416806229292,0.6525416806229292
394,valve_position_sensor,2023-11-29 17:40:00+01:00,0.6565051748315692,0.6565051748315692
395,valve_position_sensor,2023-11-29 17:50:00+01:00,0.6600201497686816,0.6600201497686816
396,valve_position_sensor,2023-11-29 18:00:00+01:00,0.663083255954646,0.663083255954646
397,valve_position_sensor,2023-11-29 18:10:00+01:00,0.6656877762686578,0.6656877762686578
398,valve_position_sensor,2023-11-29 18:20:00+01:00,0.6681947928354953,0.6681947928354953
399,valve_position_sensor,2023-11-29 18:30:00+01:00,0.6708995095627799,0.6708995095627799
400,valve_position_sensor,2023-11-29 18:40:00+01:00,0.6736812611341643,0.6736812611341643
401,valve_position_sensor,2023-11-29 18:50:00+01:00,0.675906528137188,0.675906528137188
402,valve_position_sensor,2023-11-29 19:00:00+01:00,0.677439617807898,0.677439617807898
403,valve_position_sensor,2023-11-29 19:10:00+01:00,0.4144329745068085,0.4144329745068085
404,valve_position_sensor,2023-11-29 19:20:00+01:00,0.1571225840272659,0.1571225840272659
405,valve_position_sensor,2023-11-29 19:30:00+01:00,0.0,0.0
406,valve_position_sensor,2023-11-29 19:40:00+01:00,0.0,0.0
407,valve_position_sensor,2023-11-29 19:50:00+01:00,0.0,0.0
408,valve_position_sensor,2023-11-29 20:00:00+01:00,0.0,0.0
409,valve_position_sensor,2023-11-29 20:10:00+01:00,0.0,0.0
410,valve_position_sensor,2023-11-29 20:20:00+01:00,0.0,0.0
411,valve_position_sensor,2023-11-29 20:30:00+01:00,0.0,0.0
412,valve_position_sensor,2023-11-29 20:40:00+01:00,0.0,0.0
413,valve_position_sensor,2023-11-29 20:50:00+01:00,0.0,0.0
414,valve_position_sensor,2023-11-29 21:00:00+01:00,0.0,0.0
415,valve_position_sensor,2023-11-29 21:10:00+01:00,0.0,0.0
416,valve_position_sensor,2023-11-29 21:20:00+01:00,0.0,0.0
417,valve_position_sensor,2023-11-29 21:30:00+01:00,0.0,0.0
418,valve_position_sensor,2023-11-29 21:40:00+01:00,0.0,0.0
419,valve_position_sensor,2023-11-29 21:50:00+01:00,0.0,0.0
420,valve_position_sensor,2023-11-29 22:00:00+01:00,0.0,0.0
421,valve_position_sensor,2023-11-29 22:10:00+01:00,0.0,0.0
422,valve_position_sensor,2023-11-29 22:20:00+01:00,0.0,0.0
423,valve_position_sensor,2023-11-29 22:30:00+01:00,0.0,0.0
424,valve_position_sensor,2023-11-29 22:40:00+01:00,0.0,0.0
425,valve_position_sensor,2023-11-29 22:50:00+01:00,0.0,0.0
426,valve_position_sensor,2023-11-29 23:00:00+01:00,0.0,0.0
427,valve_position_sensor,2023-11-29 23:10:00+01:00,0.0,0.0
428,valve_position_sensor,2023-11-29 23:20:00+01:00,0.0,0.0
429,valve_position_sensor,2023-11-29 23:30:00+01:00,0.0,0.0
430,valve_position_sensor,2023-11-29 23:40:00+01:00,0.0,0.0
431,valve_position_sensor,2023-11-29 23:50:00+01:00,0.0,0.0
432,valve_position_sensor,2023-11-30 00:00:00+01:00,0.0,0.0
433,valve_position_sensor,2023-11-30 00:10:00+01:00,0.0,0.0
434,valve_position_sensor,2023-11-30 00:20:00+01:00,0.0,0.0
435,valve_position_sensor,2023-11-30 00:30:00+01:00,0.0,0.0
436,valve_position_sensor,2023-11-30 00:40:00+01:00,0.0,0.0
437,valve_position_sensor,2023-11-30 00:50:00+01:00,0.0,0.0
438,valve_position_sensor,2023-11-30 01:00:00+01:00,0.0,0.0
439,valve_position_sensor,2023-11-30 01:10:00+01:00,0.0,0.0
440,valve_position_sensor,2023-11-30 01:20:00+01:00,0.0,0.0
441,valve_position_sensor,2023-11-30 01:30:00+01:00,0.0,0.0
442,valve_position_sensor,2023-11-30 01:40:00+01:00,0.0,0.0
443,valve_position_sensor,2023-11-30 01:50:00+01:00,0.0,0.0
444,valve_position_sensor,2023-11-30 02:00:00+01:00,0.0,0.0
445,valve_position_sensor,2023-11-30 02:10:00+01:00,0.0,0.0
446,valve_position_sensor,2023-11-30 02:20:00+01:00,0.0,0.0
447,valve_position_sensor,2023-11-30 02:30:00+01:00,0.0,0.0
448,valve_position_sensor,2023-11-30 02:40:00+01:00,0.0,0.0
449,valve_position_sensor,2023-11-30 02:50:00+01:00,0.0,0.0
450,valve_position_sensor,2023-11-30 03:00:00+01:00,0.0,0.0
451,valve_position_sensor,2023-11-30 03:10:00+01:00,0.0,0.0
452,valve_position_sensor,2023-11-30 03:20:00+01:00,0.0,0.0
453,valve_position_sensor,2023-11-30 03:30:00+01:00,0.0,0.0
454,valve_position_sensor,2023-11-30 03:40:00+01:00,0.0,0.0
455,valve_position_sensor,2023-11-30 03:50:00+01:00,0.0,0.0
456,valve_position_sensor,2023-11-30 04:00:00+01:00,0.0,0.0
457,valve_position_sensor,2023-11-30 04:10:00+01:00,0.0,0.0
458,valve_position_sensor,2023-11-30 04:20:00+01:00,0.0,0.0
459,valve_position_sensor,2023-11-30 04:30:00+01:00,0.0,0.0
460,valve_position_sensor,2023-11-30 04:40:00+01:00,0.0,0.0
461,valve_position_sensor,2023-11-30 04:50:00+01:00,0.0,0.0
462,valve_position_sensor,2023-11-30 05:00:00+01:00,0.0,0.0
463,valve_position_sensor,2023-11-30 05:10:00+01:00,0.0,0.0
464,valve_position_sensor,2023-11-30 05:20:00+01:00,0.0,0.0
465,valve_position_sensor,2023-11-30 05:30:00+01:00,0.0,0.0
466,valve_position_sensor,2023-11-30 05:40:00+01:00,0.0,0.0
467,valve_position_sensor,2023-11-30 05:50:00+01:00,0.0,0.0
468,valve_position_sensor,2023-11-30 06:00:00+01:00,0.0,0.0
469,valve_position_sensor,2023-11-30 06:10:00+01:00,0.0818126657095373,0.0818126657095373
470,valve_position_sensor,2023-11-30 06:20:00+01:00,0.1629496481356206,0.1629496481356206
471,valve_position_sensor,2023-11-30 06:30:00+01:00,0.2424929892187383,0.2424929892187383
472,valve_position_sensor,2023-11-30 06:40:00+01:00,0.3181498568244248,0.3181498568244248
473,valve_position_sensor,2023-11-30 06:50:00+01:00,0.3876325611797826,0.3876325611797826
474,valve_position_sensor,2023-11-30 07:00:00+01:00,0.4499810607520226,0.4499810607520226
475,valve_position_sensor,2023-11-30 07:10:00+01:00,0.505523258234291,0.505523258234291
476,valve_position_sensor,2023-11-30 07:20:00+01:00,0.5552065450461757,0.5552065450461757
477,valve_position_sensor,2023-11-30 07:30:00+01:00,0.598979422517167,0.598979422517167
478,valve_position_sensor,2023-11-30 07:40:00+01:00,0.6366963361488641,0.6366963361488641
479,valve_position_sensor,2023-11-30 07:50:00+01:00,0.6681412833656196,0.6681412833656196
480,valve_position_sensor,2023-11-30 08:00:00+01:00,0.693472112000657,0.693472112000657
481,valve_position_sensor,2023-11-30 08:10:00+01:00,0.7128239821101632,0.7128239821101632
482,valve_position_sensor,2023-11-30 08:20:00+01:00,0.7269211245985596,0.7269211245985596
483,valve_position_sensor,2023-11-30 08:30:00+01:00,0.7367135435287852,0.7367135435287852
484,valve_position_sensor,2023-11-30 08:40:00+01:00,0.7428719294419338,0.7428719294419338
485,valve_position_sensor,2023-11-30 08:50:00+01:00,0.7459318310126051,0.7459318310126051
486,valve_position_sensor,2023-11-30 09:00:00+01:00,0.7465152389993718,0.7465152389993718
487,valve_position_sensor,2023-11-30 09:10:00+01:00,0.7449504766509556,0.7449504766509556
488,valve_position_sensor,2023-11-30 09:20:00+01:00,0.7415472825482192,0.7415472825482192
489,valve_position_sensor,2023-11-30 09:30:00+01:00,0.7364107115903499,0.7364107115903499
490,valve_position_sensor,2023-11-30 09:40:00+01:00,0.7285117497970258,0.7285117497970258
491,valve_position_sensor,2023-11-30 09:50:00+01:00,0.717875329963339,0.717875329963339
492,valve_position_sensor,2023-11-30 10:00:00+01:00,0.7047598651018879,0.7047598651018879
493,valve_position_sensor,2023-11-30 10:10:00+01:00,0.6900097369886111,0.6900097369886111
494,valve_position_sensor,2023-11-30 10:20:00+01:00,0.6746531754322808,0.6746531754322808
495,valve_position_sensor,2023-11-30 10:30:00+01:00,0.6594784815383781,0.6594784815383781
496,valve_position_sensor,2023-11-30 10:40:00+01:00,0.6450192405835016,0.6450192405835016
497,valve_position_sensor,2023-11-30 10:50:00+01:00,0.6312748490967294,0.6312748490967294
498,valve_position_sensor,2023-11-30 11:00:00+01:00,0.618413018129585,0.618413018129585
499,valve_position_sensor,2023-11-30 11:10:00+01:00,0.6042166208718202,0.6042166208718202
500,valve_position_sensor,2023-11-30 11:20:00+01:00,0.5897761633340854,0.5897761633340854
501,valve_position_sensor,2023-11-30 11:30:00+01:00,0.573007929928642,0.573007929928642
502,valve_position_sensor,2023-11-30 11:40:00+01:00,0.5547905161227028,0.5547905161227028
503,valve_position_sensor,2023-11-30 11:50:00+01:00,0.5364967079304019,0.5364967079304019
504,valve_position_sensor,2023-11-30 12:00:00+01:00,0.5178281618591698,0.5178281618591698
505,valve_position_sensor,2023-11-30 12:10:00+01:00,0.5000035756557312,0.5000035756557312
506,valve_position_sensor,2023-11-30 12:20:00+01:00,0.4828757126579108,0.4828757126579108
507,valve_position_sensor,2023-11-30 12:30:00+01:00,0.465780472795116,0.465780472795116
508,valve_position_sensor,2023-11-30 12:40:00+01:00,0.4507277858736273,0.4507277858736273
509,valve_position_sensor,2023-11-30 12:50:00+01:00,0.437688874919621,0.437688874919621
510,valve_position_sensor,2023-11-30 13:00:00+01:00,0.4268519137348758,0.4268519137348758
511,valve_position_sensor,2023-11-30 13:10:00+01:00,0.4194703085417849,0.4194703085417849
512,valve_position_sensor,2023-11-30 13:20:00+01:00,0.4158062773008421,0.4158062773008421
513,valve_position_sensor,2023-11-30 13:30:00+01:00,0.4156696173567306,0.4156696173567306
514,valve_position_sensor,2023-11-30 13:40:00+01:00,0.4189100726150385,0.4189100726150385
515,valve_position_sensor,2023-11-30 13:50:00+01:00,0.4251565124945344,0.4251565124945344
516,valve_position_sensor,2023-11-30 14:00:00+01:00,0.4337229451928849,0.4337229451928849
517,valve_position_sensor,2023-11-30 14:10:00+01:00,0.4440066581988854,0.4440066581988854
518,valve_position_sensor,2023-11-30 14:20:00+01:00,0.4555773854795857,0.4555773854795857
519,valve_position_sensor,2023-11-30 14:30:00+01:00,0.4679532782131308,0.4679532782131308
520,valve_position_sensor,2023-11-30 14:40:00+01:00,0.4804387270752633,0.4804387270752633
521,valve_position_sensor,2023-11-30 14:50:00+01:00,0.4927571140372467,0.4927571140372467
522,valve_position_sensor,2023-11-30 15:00:00+01:00,0.5047934346474626,0.5047934346474626
523,valve_position_sensor,2023-11-30 15:10:00+01:00,0.5166513163825385,0.5166513163825385
524,valve_position_sensor,2023-11-30 15:20:00+01:00,0.5276223720888735,0.5276223720888735
525,valve_position_sensor,2023-11-30 15:30:00+01:00,0.5379818090808056,0.5379818090808056
526,valve_position_sensor,2023-11-30 15:40:00+01:00,0.5476772915683192,0.5476772915683192
527,valve_position_sensor,2023-11-30 15:50:00+01:00,0.5567630160700593,0.5567630160700593
528,valve_position_sensor,2023-11-30 16:00:00+01:00,0.5654776242232311,0.5654776242232311
529,valve_position_sensor,2023-11-30 16:10:00+01:00,0.5738101198004977,0.5738101198004977
530,valve_position_sensor,2023-11-30 16:20:00+01:00,0.5818723285861784,0.5818723285861784
531,valve_position_sensor,2023-11-30 16:30:00+01:00,0.5896535700272858,0.5896535700272858
532,valve_position_sensor,2023-11-30 16:40:00+01:00,0.5968702401329241,0.5968702401329241
533,valve_position_sensor,2023-11-30 16:50:00+01:00,0.6030492587848344,0.6030492587848344
534,valve_position_sensor,2023-11-30 17:00:00+01:00,0.6082675659503002,0.6082675659503002
535,valve_position_sensor,2023-11-30 17:10:00+01:00,0.6127633941932521,0.6127633941932521
536,valve_position_sensor,2023-11-30 17:20:00+01:00,0.6170257638533097,0.6170257638533097
537,valve_position_sensor,2023-11-30 17:30:00+01:00,0.6209928936033038,0.6209928936033038
538,valve_position_sensor,2023-11-30 17:40:00+01:00,0.6246269356312114,0.6246269356312114
539,valve_position_sensor,2023-11-30 17:50:00+01:00,0.6280128133247689,0.6280128133247689
540,valve_position_sensor,2023-11-30 18:00:00+01:00,0.6311166995547652,0.6311166995547652
541,valve_position_sensor,2023-11-30 18:10:00+01:00,0.6339249945016627,0.6339249945016627
542,valve_position_sensor,2023-11-30 18:20:00+01:00,0.6365530271750103,0.6365530271750103
543,valve_position_sensor,2023-11-30 18:30:00+01:00,0.6389797971680768,0.6389797971680768
544,valve_position_sensor,2023-11-30 18:40:00+01:00,0.6411940571449939,0.6411940571449939
545,valve_position_sensor,2023-11-30 18:50:00+01:00,0.6434788822599417,0.6434788822599417
546,valve_position_sensor,2023-11-30 19:00:00+01:00,0.6457727737499063,0.6457727737499063
547,valve_position_sensor,2023-11-30 19:10:00+01:00,0.3844591151036307,0.3844591151036307
548,valve_position_sensor,2023-11-30 19:20:00+01:00,0.1292668900081705,0.1292668900081705
549,valve_position_sensor,2023-11-30 19:30:00+01:00,0.0,0.0
550,valve_position_sensor,2023-11-30 19:40:00+01:00,0.0,0.0
551,valve_position_sensor,2023-11-30 19:50:00+01:00,0.0,0.0
552,valve_position_sensor,2023-11-30 20:00:00+01:00,0.0,0.0
553,valve_position_sensor,2023-11-30 20:10:00+01:00,0.0,0.0
554,valve_position_sensor,2023-11-30 20:20:00+01:00,0.0,0.0
555,valve_position_sensor,2023-11-30 20:30:00+01:00,0.0,0.0
556,valve_position_sensor,2023-11-30 20:40:00+01:00,0.0,0.0
557,valve_position_sensor,2023-11-30 20:50:00+01:00,0.0,0.0
558,valve_position_sensor,2023-11-30 21:00:00+01:00,0.0,0.0
559,valve_position_sensor,2023-11-30 21:10:00+01:00,0.0,0.0
560,valve_position_sensor,2023-11-30 21:20:00+01:00,0.0,0.0
561,valve_position_sensor,2023-11-30 21:30:00+01:00,0.0,0.0
562,valve_position_sensor,2023-11-30 21:40:00+01:00,0.0,0.0
563,valve_position_sensor,2023-11-30 21:50:00+01:00,0.0,0.0
564,valve_position_sensor,2023-11-30 22:00:00+01:00,0.0,0.0
565,valve_position_sensor,2023-11-30 22:10:00+01:00,0.0,0.0
566,valve_position_sensor,2023-11-30 22:20:00+01:00,0.0,0.0
567,valve_position_sensor,2023-11-30 22:30:00+01:00,0.0,0.0
568,valve_position_sensor,2023-11-30 22:40:00+01:00,0.0,0.0
569,valve_position_sensor,2023-11-30 22:50:00+01:00,0.0,0.0
570,valve_position_sensor,2023-11-30 23:00:00+01:00,0.0,0.0
571,valve_position_sensor,2023-11-30 23:10:00+01:00,0.0,0.0
572,valve_position_sensor,2023-11-30 23:20:00+01:00,0.0,0.0
573,valve_position_sensor,2023-11-30 23:30:00+01:00,0.0,0.0
574,valve_position_sensor,2023-11-30 23:40:00+01:00,0.0,0.0
575,valve_position_sensor,2023-11-30 23:50:00+01:00,0.0,0.0
576,valve_position_sensor,2023-12-01 00:00:00+01:00,0.0,0.0
577,valve_position_sensor,2023-12-01 00:10:00+01:00,0.0,0.0
578,valve_position_sensor,2023-12-01 00:20:00+01:00,0.0,0.0
579,valve_position_sensor,2023-12-01 00:30:00+01:00,0.0,0.0
580,valve_position_sensor,2023-12-01 00:40:00+01:00,0.0,0.0
581,valve_position_sensor,2023-12-01 00:50:00+01:00,0.0,0.0
582,valve_position_sensor,2023-12-01 01:00:00+01:00,0.0,0.0
583,valve_position_sensor,2023-12-01 01:10:00+01:00,0.0,0.0
584,valve_position_sensor,2023-12-01 01:20:00+01:00,0.0,0.0
585,valve_position_sensor,2023-12-01 01:30:00+01:00,0.0,0.0
586,valve_position_sensor,2023-12-01 01:40:00+01:00,0.0,0.0
587,valve_position_sensor,2023-12-01 01:50:00+01:00,0.0,0.0
588,valve_position_sensor,2023-12-01 02:00:00+01:00,0.0,0.0
589,valve_position_sensor,2023-12-01 02:10:00+01:00,0.0,0.0
590,valve_position_sensor,2023-12-01 02:20:00+01:00,0.0,0.0
591,valve_position_sensor,2023-12-01 02:30:00+01:00,0.0,0.0
592,valve_position_sensor,2023-12-01 02:40:00+01:00,0.0,0.0
593,valve_position_sensor,2023-12-01 02:50:00+01:00,0.0,0.0
594,valve_position_sensor,2023-12-01 03:00:00+01:00,0.0,0.0
595,valve_position_sensor,2023-12-01 03:10:00+01:00,0.0,0.0
596,valve_position_sensor,2023-12-01 03:20:00+01:00,0.0,0.0
597,valve_position_sensor,2023-12-01 03:30:00+01:00,0.0,0.0
598,valve_position_sensor,2023-12-01 03:40:00+01:00,0.0,0.0
599,valve_position_sensor,2023-12-01 03:50:00+01:00,0.0,0.0
600,valve_position_sensor,2023-12-01 04:00:00+01:00,0.0,0.0
601,valve_position_sensor,2023-12-01 04:10:00+01:00,0.0,0.0
602,valve_position_sensor,2023-12-01 04:20:00+01:00,0.0,0.0
603,valve_position_sensor,2023-12-01 04:30:00+01:00,0.0,0.0
604,valve_position_sensor,2023-12-01 04:40:00+01:00,0.0,0.0
605,valve_position_sensor,2023-12-01 04:50:00+01:00,0.0,0.0
606,valve_position_sensor,2023-12-01 05:00:00+01:00,0.0,0.0
607,valve_position_sensor,2023-12-01 05:10:00+01:00,0.0,0.0
608,valve_position_sensor,2023-12-01 05:20:00+01:00,0.0,0.0
609,valve_position_sensor,2023-12-01 05:30:00+01:00,0.0,0.0
610,valve_position_sensor,2023-12-01 05:40:00+01:00,0.0,0.0
611,valve_position_sensor,2023-12-01 05:50:00+01:00,0.0,0.0
612,valve_position_sensor,2023-12-01 06:00:00+01:00,0.0,0.0
613,valve_position_sensor,2023-12-01 06:10:00+01:00,0.0928593831427177,0.0928593831427177
614,valve_position_sensor,2023-12-01 06:20:00+01:00,0.1836855702316494,0.1836855702316494
615,valve_position_sensor,2023-12-01 06:30:00+01:00,0.2706928600153074,0.2706928600153074
616,valve_position_sensor,2023-12-01 06:40:00+01:00,0.3522136983222921,0.3522136983222921
617,valve_position_sensor,2023-12-01 06:50:00+01:00,0.4270484146192032,0.4270484146192032
618,valve_position_sensor,2023-12-01 07:00:00+01:00,0.495010589134929,0.495010589134929
619,valve_position_sensor,2023-12-01 07:10:00+01:00,0.5558996153535095,0.5558996153535095
620,valve_position_sensor,2023-12-01 07:20:00+01:00,0.6098672968202632,0.6098672968202632
621,valve_position_sensor,2023-12-01 07:30:00+01:00,0.656811075772358,0.656811075772358
622,valve_position_sensor,2023-12-01 07:40:00+01:00,0.6964859036853766,0.6964859036853766
623,valve_position_sensor,2023-12-01 07:50:00+01:00,0.7289554499768135,0.7289554499768135
624,valve_position_sensor,2023-12-01 08:00:00+01:00,0.7550803431165591,0.7550803431165591
625,valve_position_sensor,2023-12-01 08:10:00+01:00,0.7753756500308832,0.7753756500308832
626,valve_position_sensor,2023-12-01 08:20:00+01:00,0.7906090650947134,0.7906090650947134
627,valve_position_sensor,2023-12-01 08:30:00+01:00,0.8013472990124051,0.8013472990124051
628,valve_position_sensor,2023-12-01 08:40:00+01:00,0.8080621332899626,0.8080621332899626
629,valve_position_sensor,2023-12-01 08:50:00+01:00,0.8113165110854462,0.8113165110854462
630,valve_position_sensor,2023-12-01 09:00:00+01:00,0.8117339526813759,0.8117339526813759
631,valve_position_sensor,2023-12-01 09:10:00+01:00,0.8093916779647625,0.8093916779647625
632,valve_position_sensor,2023-12-01 09:20:00+01:00,0.8044081728084268,0.8044081728084268
633,valve_position_sensor,2023-12-01 09:30:00+01:00,0.7975710556391863,0.7975710556391863
634,valve_position_sensor,2023-12-01 09:40:00+01:00,0.789728357916987,0.789728357916987
635,valve_position_sensor,2023-12-01 09:50:00+01:00,0.781190611723366,0.781190611723366
636,valve_position_sensor,2023-12-01 10:00:00+01:00,0.7721611569799359,0.7721611569799359
637,valve_position_sensor,2023-12-01 10:10:00+01:00,0.7625581091616879,0.7625581091616879
638,valve_position_sensor,2023-12-01 10:20:00+01:00,0.751773303524714,0.751773303524714
639,valve_position_sensor,2023-12-01 10:30:00+01:00,0.7396300591511229,0.7396300591511229
640,valve_position_sensor,2023-12-01 10:40:00+01:00,0.7257669074772053,0.7257669074772053
641,valve_position_sensor,2023-12-01 10:50:00+01:00,0.7098715978442999,0.7098715978442999
642,valve_position_sensor,2023-12-01 11:00:00+01:00,0.692254885072808,0.692254885072808
643,valve_position_sensor,2023-12-01 11:10:00+01:00,0.6732810205642261,0.6732810205642261
644,valve_position_sensor,2023-12-01 11:20:00+01:00,0.6531321338786735,0.6531321338786735
645,valve_position_sensor,2023-12-01 11:30:00+01:00,0.6323427507676057,0.6323427507676057
646,valve_position_sensor,2023-12-01 11:40:00+01:00,0.6115044513485584,0.6115044513485584
647,valve_position_sensor,2023-12-01 11:50:00+01:00,0.5906076545700301,0.5906076545700301
648,valve_position_sensor,2023-12-01 12:00:00+01:00,0.5700450780864027,0.5700450780864027
649,valve_position_sensor,2023-12-01 12:10:00+01:00,0.5500653754921592,0.5500653754921592
650,valve_position_sensor,2023-12-01 12:20:00+01:00,0.5321440280595552,0.5321440280595552
651,valve_position_sensor,2023-12-01 12:30:00+01:00,0.5173128837138599,0.5173128837138599
652,valve_position_sensor,2023-12-01 12:40:00+01:00,0.5052953796201881,0.5052953796201881
653,valve_position_sensor,2023-12-01 12:50:00+01:00,0.4957028133310505,0.4957028133310505
654,valve_position_sensor,2023-12-01 13:00:00+01:00,0.4884601088793566,0.4884601088793566
655,valve_position_sensor,2023-12-01 13:10:00+01:00,0.4833465747496103,0.4833465747496103
656,valve_position_sensor,2023-12-01 13:20:00+01:00,0.4802429203752103,0.4802429203752103
657,valve_position_sensor,2023-12-01 13:30:00+01:00,0.4790876621493199,0.4790876621493199
658,valve_position_sensor,2023-12-01 13:40:00+01:00,0.4795073115712567,0.4795073115712567
659,valve_position_sensor,2023-12-01 13:50:00+01:00,0.4812698228881073,0.4812698228881073
660,valve_position_sensor,2023-12-01 14:00:00+01:00,0.4841571500944145,0.4841571500944145
661,valve_position_sensor,2023-12-01 14:10:00+01:00,0.4881498294356757,0.4881498294356757
662,valve_position_sensor,2023-12-01 14:20:00+01:00,0.4931265192045564,0.4931265192045564
663,valve_position_sensor,2023-12-01 14:30:00+01:00,0.4988686594143935,0.4988686594143935
664,valve_position_sensor,2023-12-01 14:40:00+01:00,0.5051851081705981,0.5051851081705981
665,valve_position_sensor,2023-12-01 14:50:00+01:00,0.5120124936277392,0.5120124936277392
666,valve_position_sensor,2023-12-01 15:00:00+01:00,0.5192944877347672,0.5192944877347672
667,valve_position_sensor,2023-12-01 15:10:00+01:00,0.5269685165257305,0.5269685165257305
668,valve_position_sensor,2023-12-01 15:20:00+01:00,0.5346844759623359,0.5346844759623359
669,valve_position_sensor,2023-12-01 15:30:00+01:00,0.5421614479922557,0.5421614479922557
670,valve_position_sensor,2023-12-01 15:40:00+01:00,0.5489971842763901,0.5489971842763901
671,valve_position_sensor,2023-12-01 15:50:00+01:00,0.5555338941051775,0.5555338941051775
672,valve_position_sensor,2023-12-01 16:00:00+01:00,0.5621200684637674,0.5621200684637674
673,valve_position_sensor,2023-12-01 16:10:00+01:00,0.5686758927644321,0.5686758927644321
674,valve_position_sensor,2023-12-01 16:20:00+01:00,0.5750672644442436,0.5750672644442436
675,valve_position_sensor,2023-12-01 16:30:00+01:00,0.5812939264859727,0.5812939264859727
676,valve_position_sensor,2023-12-01 16:40:00+01:00,0.5872581001679809,0.5872581001679809
677,valve_position_sensor,2023-12-01 16:50:00+01:00,0.592426032877405,0.592426032877405
678,valve_position_sensor,2023-12-01 17:00:00+01:00,0.5957521943854622,0.5957521943854622
679,valve_position_sensor,2023-12-01 17:10:00+01:00,0.5976994111602421,0.5976994111602421
680,valve_position_sensor,2023-12-01 17:20:00+01:00,0.5987920499785423,0.5987920499785423
681,valve_position_sensor,2023-12-01 17:30:00+01:00,0.5995272125590316,0.5995272125590316
682,valve_position_sensor,2023-12-01 17:40:00+01:00,0.5996103197194116,0.5996103197194116
683,valve_position_sensor,2023-12-01 17:50:00+01:00,0.598748686408899,0.598748686408899
684,valve_position_sensor,2023-12-01 18:00:00+01:00,0.5969091971058528,0.5969091971058528
685,valve_position_sensor,2023-12-01 18:10:00+01:00,0.5936923022057368,0.5936923022057368
686,valve_position_sensor,2023-12-01 18:20:00+01:00,0.5895419468822964,0.5895419468822964
687,valve_position_sensor,2023-12-01 18:30:00+01:00,0.5846159757825883,0.5846159757825883
688,valve_position_sensor,2023-12-01 18:40:00+01:00,0.5790647981311955,0.5790647981311955
689,valve_position_sensor,2023-12-01 18:50:00+01:00,0.5731598570913736,0.5731598570913736
690,valve_position_sensor,2023-12-01 19:00:00+01:00,0.566986232019267,0.566986232019267
691,valve_position_sensor,2023-12-01 19:10:00+01:00,0.2961829118713653,0.2961829118713653
692,valve_position_sensor,2023-12-01 19:20:00+01:00,0.0306110667556012,0.0306110667556012
693,valve_position_sensor,2023-12-01 19:30:00+01:00,0.0,0.0
694,valve_position_sensor,2023-12-01 19:40:00+01:00,0.0,0.0
695,valve_position_sensor,2023-12-01 19:50:00+01:00,0.0,0.0
696,valve_position_sensor,2023-12-01 20:00:00+01:00,0.0,0.0
697,valve_position_sensor,2023-12-01 20:10:00+01:00,0.0,0.0
698,valve_position_sensor,2023-12-01 20:20:00+01:00,0.0,0.0
699,valve_position_sensor,2023-12-01 20:30:00+01:00,0.0,0.0
700,valve_position_sensor,2023-12-01 20:40:00+01:00,0.0,0.0
701,valve_position_sensor,2023-12-01 20:50:00+01:00,0.0,0.0
702,valve_position_sensor,2023-12-01 21:00:00+01:00,0.0,0.0
703,valve_position_sensor,2023-12-01 21:10:00+01:00,0.0,0.0
704,valve_position_sensor,2023-12-01 21:20:00+01:00,0.0,0.0
705,valve_position_sensor,2023-12-01 21:30:00+01:00,0.0,0.0
706,valve_position_sensor,2023-12-01 21:40:00+01:00,0.0,0.0
707,valve_position_sensor,2023-12-01 21:50:00+01:00,0.0,0.0
708,valve_position_sensor,2023-12-01 22:00:00+01:00,0.0,0.0
709,valve_position_sensor,2023-12-01 22:10:00+01:00,0.0,0.0
710,valve_position_sensor,2023-12-01 22:20:00+01:00,0.0,0.0
711,valve_position_sensor,2023-12-01 22:30:00+01:00,0.0,0.0
712,valve_position_sensor,2023-12-01 22:40:00+01:00,0.0,0.0
713,valve_position_sensor,2023-12-01 22:50:00+01:00,0.0,0.0
714,valve_position_sensor,2023-12-01 23:00:00+01:00,0.0,0.0
715,valve_position_sensor,2023-12-01 23:10:00+01:00,0.0,0.0
716,valve_position_sensor,2023-12-01 23:20:00+01:00,0.0,0.0
717,valve_position_sensor,2023-12-01 23:30:00+01:00,0.0,0.0
718,valve_position_sensor,2023-12-01 23:40:00+01:00,0.0,0.0
719,valve_position_sensor,2023-12-01 23:50:00+01:00,0.0,0.0
720,valve_position_sensor,2023-12-02 00:00:00+01:00,0.0,0.0
721,valve_position_sensor,2023-12-02 00:10:00+01:00,0.0,0.0
722,valve_position_sensor,2023-12-02 00:20:00+01:00,0.0,0.0
723,valve_position_sensor,2023-12-02 00:30:00+01:00,0.0,0.0
724,valve_position_sensor,2023-12-02 00:40:00+01:00,0.0,0.0
725,valve_position_sensor,2023-12-02 00:50:00+01:00,0.0,0.0
726,valve_position_sensor,2023-12-02 01:00:00+01:00,0.0,0.0
727,valve_position_sensor,2023-12-02 01:10:00+01:00,0.0,0.0
728,valve_position_sensor,2023-12-02 01:20:00+01:00,0.0,0.0
729,valve_position_sensor,2023-12-02 01:30:00+01:00,0.0,0.0
730,valve_position_sensor,2023-12-02 01:40:00+01:00,0.0,0.0
731,valve_position_sensor,2023-12-02 01:50:00+01:00,0.0,0.0
732,valve_position_sensor,2023-12-02 02:00:00+01:00,0.0,0.0
733,valve_position_sensor,2023-12-02 02:10:00+01:00,0.0,0.0
734,valve_position_sensor,2023-12-02 02:20:00+01:00,0.0,0.0
735,valve_position_sensor,2023-12-02 02:30:00+01:00,0.0,0.0
736,valve_position_sensor,2023-12-02 02:40:00+01:00,0.0,0.0
737,valve_position_sensor,2023-12-02 02:50:00+01:00,0.0,0.0
738,valve_position_sensor,2023-12-02 03:00:00+01:00,0.0,0.0
739,valve_position_sensor,2023-12-02 03:10:00+01:00,0.0,0.0
740,valve_position_sensor,2023-12-02 03:20:00+01:00,0.0,0.0
741,valve_position_sensor,2023-12-02 03:30:00+01:00,0.0,0.0
742,valve_position_sensor,2023-12-02 03:40:00+01:00,0.0,0.0
743,valve_position_sensor,2023-12-02 03:50:00+01:00,0.0,0.0
744,valve_position_sensor,2023-12-02 04:00:00+01:00,0.0,0.0
745,valve_position_sensor,2023-12-02 04:10:00+01:00,0.0,0.0
746,valve_position_sensor,2023-12-02 04:20:00+01:00,0.0,0.0
747,valve_position_sensor,2023-12-02 04:30:00+01:00,0.0,0.0
748,valve_position_sensor,2023-12-02 04:40:00+01:00,0.0,0.0
749,valve_position_sensor,2023-12-02 04:50:00+01:00,0.0,0.0
750,valve_position_sensor,2023-12-02 05:00:00+01:00,0.0,0.0
751,valve_position_sensor,2023-12-02 05:10:00+01:00,0.0,0.0
752,valve_position_sensor,2023-12-02 05:20:00+01:00,0.0,0.0
753,valve_position_sensor,2023-12-02 05:30:00+01:00,0.0,0.0
754,valve_position_sensor,2023-12-02 05:40:00+01:00,0.0,0.0
755,valve_position_sensor,2023-12-02 05:50:00+01:00,0.0,0.0
756,valve_position_sensor,2023-12-02 06:00:00+01:00,0.0,0.0
757,valve_position_sensor,2023-12-02 06:10:00+01:00,0.0710661476422314,0.0710661476422314
758,valve_position_sensor,2023-12-02 06:20:00+01:00,0.1373528986455136,0.1373528986455136
759,valve_position_sensor,2023-12-02 06:30:00+01:00,0.1989936349960575,0.1989936349960575
760,valve_position_sensor,2023-12-02 06:40:00+01:00,0.2569828889048657,0.2569828889048657
761,valve_position_sensor,2023-12-02 06:50:00+01:00,0.3123449232260938,0.3123449232260938
762,valve_position_sensor,2023-12-02 07:00:00+01:00,0.3655656972142226,0.3655656972142226
763,valve_position_sensor,2023-12-02 07:10:00+01:00,0.4164114419868128,0.4164114419868128
764,valve_position_sensor,2023-12-02 07:20:00+01:00,0.4642467306278362,0.4642467306278362
765,valve_position_sensor,2023-12-02 07:30:00+01:00,0.5084028890910862,0.5084028890910862
766,valve_position_sensor,2023-12-02 07:40:00+01:00,0.5474457598713306,0.5474457598713306
767,valve_position_sensor,2023-12-02 07:50:00+01:00,0.5805353163408554,0.5805353163408554
768,valve_position_sensor,2023-12-02 08:00:00+01:00,0.6080368064379031,0.6080368064379031
769,valve_position_sensor,2023-12-02 08:10:00+01:00,0.6307225629577642,0.6307225629577642
770,valve_position_sensor,2023-12-02 08:20:00+01:00,0.6493360660181791,0.6493360660181791
771,valve_position_sensor,2023-12-02 08:30:00+01:00,0.6644747333773379,0.6644747333773379
772,valve_position_sensor,2023-12-02 08:40:00+01:00,0.6762414609936117,0.6762414609936117
773,valve_position_sensor,2023-12-02 08:50:00+01:00,0.6850812894266932,0.6850812894266932
774,valve_position_sensor,2023-12-02 09:00:00+01:00,0.6913387234749403,0.6913387234749403
775,valve_position_sensor,2023-12-02 09:10:00+01:00,0.6950550721596178,0.6950550721596178
776,valve_position_sensor,2023-12-02 09:20:00+01:00,0.6962223402200869,0.6962223402200869
777,valve_position_sensor,2023-12-02 09:30:00+01:00,0.6949892664275952,0.6949892664275952
778,valve_position_sensor,2023-12-02 09:40:00+01:00,0.6923236129678157,0.6923236129678157
779,valve_position_sensor,2023-12-02 09:50:00+01:00,0.6889561149236602,0.6889561149236602
780,valve_position_sensor,2023-12-02 10:00:00+01:00,0.6852150420198253,0.6852150420198253
781,valve_position_sensor,2023-12-02 10:10:00+01:00,0.6810976600934834,0.6810976600934834
782,valve_position_sensor,2023-12-02 10:20:00+01:00,0.676617529895645,0.676617529895645
783,valve_position_sensor,2023-12-02 10:30:00+01:00,0.6717912951291559,0.6717912951291559
784,valve_position_sensor,2023-12-02 10:40:00+01:00,0.6659170969685102,0.6659170969685102
785,valve_position_sensor,2023-12-02 10:50:00+01:00,0.6590589795633753,0.6590589795633753
786,valve_position_sensor,2023-12-02 11:00:00+01:00,0.6514567492111226,0.6514567492111226
787,valve_position_sensor,2023-12-02 11:10:00+01:00,0.6435005076950079,0.6435005076950079
788,valve_position_sensor,2023-12-02 11:20:00+01:00,0.6352441773643813,0.6352441773643813
789,valve_position_sensor,2023-12-02 11:30:00+01:00,0.6266530898983614,0.6266530898983614
790,valve_position_sensor,2023-12-02 11:40:00+01:00,0.6176963039513539,0.6176963039513539
791,valve_position_sensor,2023-12-02 11:50:00+01:00,0.6079854404141819,0.6079854404141819
792,valve_position_sensor,2023-12-02 12:00:00+01:00,0.5973497268611938,0.5973497268611938
793,valve_position_sensor,2023-12-02 12:10:00+01:00,0.585930242145115,0.585930242145115
794,valve_position_sensor,2023-12-02 12:20:00+01:00,0.5744852966609119,0.5744852966609119
795,valve_position_sensor,2023-12-02 12:30:00+01:00,0.5639845953251924,0.5639845953251924
796,valve_position_sensor,2023-12-02 12:40:00+01:00,0.5551157262133791,0.5551157262133791
797,valve_position_sensor,2023-12-02 12:50:00+01:00,0.5478638813516514,0.5478638813516514
798,valve_position_sensor,2023-12-02 13:00:00+01:00,0.5418267228173628,0.5418267228173628
799,valve_position_sensor,2023-12-02 13:10:00+01:00,0.5372018997960241,0.5372018997960241
800,valve_position_sensor,2023-12-02 13:20:00+01:00,0.5341072809240079,0.5341072809240079
801,valve_position_sensor,2023-12-02 13:30:00+01:00,0.5325060045015994,0.5325060045015994
802,valve_position_sensor,2023-12-02 13:40:00+01:00,0.5324411608894541,0.5324411608894541
803,valve_position_sensor,2023-12-02 13:50:00+01:00,0.5341737926591735,0.5341737926591735
804,valve_position_sensor,2023-12-02 14:00:00+01:00,0.5379848420395581,0.5379848420395581
805,valve_position_sensor,2023-12-02 14:10:00+01:00,0.5435161190415795,0.5435161190415795
806,valve_position_sensor,2023-12-02 14:20:00+01:00,0.5497293652289676,0.5497293652289676
807,valve_position_sensor,2023-12-02 14:30:00+01:00,0.5557702683371912,0.5557702683371912
808,valve_position_sensor,2023-12-02 14:40:00+01:00,0.5622053489751025,0.5622053489751025
809,valve_position_sensor,2023-12-02 14:50:00+01:00,0.5694736335722462,0.5694736335722462
810,valve_position_sensor,2023-12-02 15:00:00+01:00,0.5778375938639455,0.5778375938639455
811,valve_position_sensor,2023-12-02 15:10:00+01:00,0.5869990490914082,0.5869990490914082
812,valve_position_sensor,2023-12-02 15:20:00+01:00,0.5961519102739559,0.5961519102739559
813,valve_position_sensor,2023-12-02 15:30:00+01:00,0.6050082657297499,0.6050082657297499
814,valve_position_sensor,2023-12-02 15:40:00+01:00,0.6131585165808905,0.6131585165808905
815,valve_position_sensor,2023-12-02 15:50:00+01:00,0.6209315486479747,0.6209315486479747
816,valve_position_sensor,2023-12-02 16:00:00+01:00,0.628214219324319,0.628214219324319
817,valve_position_sensor,2023-12-02 16:10:00+01:00,0.6354981998248485,0.6354981998248485
818,valve_position_sensor,2023-12-02 16:20:00+01:00,0.6428980115144763,0.6428980115144763
819,valve_position_sensor,2023-12-02 16:30:00+01:00,0.6502522187012145,0.6502522187012145
820,valve_position_sensor,2023-12-02 16:40:00+01:00,0.6568168138633788,0.6568168138633788
821,valve_position_sensor,2023-12-02 16:50:00+01:00,0.6617278039220315,0.6617278039220315
822,valve_position_sensor,2023-12-02 17:00:00+01:00,0.6650402545279217,0.6650402545279217
823,valve_position_sensor,2023-12-02 17:10:00+01:00,0.6678680686149815,0.6678680686149815
824,valve_position_sensor,2023-12-02 17:20:00+01:00,0.6707578588448986,0.6707578588448986
825,valve_position_sensor,2023-12-02 17:30:00+01:00,0.6740817881627329,0.6740817881627329
826,valve_position_sensor,2023-12-02 17:40:00+01:00,0.6776739676368974,0.6776739676368974
827,valve_position_sensor,2023-12-02 17:50:00+01:00,0.6808598730342925,0.6808598730342925
828,valve_position_sensor,2023-12-02 18:00:00+01:00,0.6834658354646925,0.6834658354646925
829,valve_position_sensor,2023-12-02 18:10:00+01:00,0.6851759010062337,0.6851759010062337
830,valve_position_sensor,2023-12-02 18:20:00+01:00,0.6862934078359186,0.6862934078359186
831,valve_position_sensor,2023-12-02 18:30:00+01:00,0.6868927849964539,0.6868927849964539
832,valve_position_sensor,2023-12-02 18:40:00+01:00,0.6870483340000496,0.6870483340000496
833,valve_position_sensor,2023-12-02 18:50:00+01:00,0.6868307809500847,0.6868307809500847
834,valve_position_sensor,2023-12-02 19:00:00+01:00,0.6863067504808902,0.6863067504808902
835,valve_position_sensor,2023-12-02 19:10:00+01:00,0.421785483985146,0.421785483985146
836,valve_position_sensor,2023-12-02 19:20:00+01:00,0.162892353086426,0.162892353086426
837,valve_position_sensor,2023-12-02 19:30:00+01:00,0.0,0.0
838,valve_position_sensor,2023-12-02 19:40:00+01:00,0.0,0.0
839,valve_position_sensor,2023-12-02 19:50:00+01:00,0.0,0.0
840,valve_position_sensor,2023-12-02 20:00:00+01:00,0.0,0.0
841,valve_position_sensor,2023-12-02 20:10:00+01:00,0.0,0.0
842,valve_position_sensor,2023-12-02 20:20:00+01:00,0.0,0.0
843,valve_position_sensor,2023-12-02 20:30:00+01:00,0.0,0.0
844,valve_position_sensor,2023-12-02 20:40:00+01:00,0.0,0.0
845,valve_position_sensor,2023-12-02 20:50:00+01:00,0.0,0.0
846,valve_position_sensor,2023-12-02 21:00:00+01:00,0.0,0.0
847,valve_position_sensor,2023-12-02 21:10:00+01:00,0.0,0.0
848,valve_position_sensor,2023-12-02 21:20:00+01:00,0.0,0.0
849,valve_position_sensor,2023-12-02 21:30:00+01:00,0.0,0.0
850,valve_position_sensor,2023-12-02 21:40:00+01:00,0.0,0.0
851,valve_position_sensor,2023-12-02 21:50:00+01:00,0.0,0.0
852,valve_position_sensor,2023-12-02 22:00:00+01:00,0.0,0.0
853,valve_position_sensor,2023-12-02 22:10:00+01:00,0.0,0.0
854,valve_position_sensor,2023-12-02 22:20:00+01:00,0.0,0.0
855,valve_position_sensor,2023-12-02 22:30:00+01:00,0.0,0.0
856,valve_position_sensor,2023-12-02 22:40:00+01:00,0.0,0.0
857,valve_position_sensor,2023-12-02 22:50:00+01:00,0.0,0.0
858,valve_position_sensor,2023-12-02 23:00:00+01:00,0.0,0.0
859,valve_position_sensor,2023-12-02 23:10:00+01:00,0.0,0.0
860,valve_position_sensor,2023-12-02 23:20:00+01:00,0.0,0.0
861,valve_position_sensor,2023-12-02 23:30:00+01:00,0.0,0.0
862,valve_position_sensor,2023-12-02 23:40:00+01:00,0.0,0.0
863,valve_position_sensor,2023-12-02 23:50:00+01:00,0.0,0.0
864,valve_position_sensor,2023-12-03 00:00:00+01:00,0.0,0.0
865,valve_position_sensor,2023-12-03 00:10:00+01:00,0.0,0.0
866,valve_position_sensor,2023-12-03 00:20:00+01:00,0.0,0.0
867,valve_position_sensor,2023-12-03 00:30:00+01:00,0.0,0.0
868,valve_position_sensor,2023-12-03 00:40:00+01:00,0.0,0.0
869,valve_position_sensor,2023-12-03 00:50:00+01:00,0.0,0.0
870,valve_position_sensor,2023-12-03 01:00:00+01:00,0.0,0.0
871,valve_position_sensor,2023-12-03 01:10:00+01:00,0.0,0.0
872,valve_position_sensor,2023-12-03 01:20:00+01:00,0.0,0.0
873,valve_position_sensor,2023-12-03 01:30:00+01:00,0.0,0.0
874,valve_position_sensor,2023-12-03 01:40:00+01:00,0.0,0.0
875,valve_position_sensor,2023-12-03 01:50:00+01:00,0.0,0.0
876,valve_position_sensor,2023-12-03 02:00:00+01:00,0.0,0.0
877,valve_position_sensor,2023-12-03 02:10:00+01:00,0.0,0.0
878,valve_position_sensor,2023-12-03 02:20:00+01:00,0.0,0.0
879,valve_position_sensor,2023-12-03 02:30:00+01:00,0.0,0.0
880,valve_position_sensor,2023-12-03 02:40:00+01:00,0.0,0.0
881,valve_position_sensor,2023-12-03 02:50:00+01:00,0.0,0.0
882,valve_position_sensor,2023-12-03 03:00:00+01:00,0.0,0.0
883,valve_position_sensor,2023-12-03 03:10:00+01:00,0.0,0.0
884,valve_position_sensor,2023-12-03 03:20:00+01:00,0.0,0.0
885,valve_position_sensor,2023-12-03 03:30:00+01:00,0.0,0.0
886,valve_position_sensor,2023-12-03 03:40:00+01:00,0.0,0.0
887,valve_position_sensor,2023-12-03 03:50:00+01:00,0.0,0.0
888,valve_position_sensor,2023-12-03 04:00:00+01:00,0.0,0.0
889,valve_position_sensor,2023-12-03 04:10:00+01:00,0.0,0.0
890,valve_position_sensor,2023-12-03 04:20:00+01:00,0.0,0.0
891,valve_position_sensor,2023-12-03 04:30:00+01:00,0.0,0.0
892,valve_position_sensor,2023-12-03 04:40:00+01:00,0.0,0.0
893,valve_position_sensor,2023-12-03 04:50:00+01:00,0.0,0.0
894,valve_position_sensor,2023-12-03 05:00:00+01:00,0.0,0.0
895,valve_position_sensor,2023-12-03 05:10:00+01:00,0.0,0.0
896,valve_position_sensor,2023-12-03 05:20:00+01:00,0.0,0.0
897,valve_position_sensor,2023-12-03 05:30:00+01:00,0.0,0.0
898,valve_position_sensor,2023-12-03 05:40:00+01:00,0.0,0.0
899,valve_position_sensor,2023-12-03 05:50:00+01:00,0.0,0.0
900,valve_position_sensor,2023-12-03 06:00:00+01:00,0.0,0.0
901,valve_position_sensor,2023-12-03 06:10:00+01:00,0.0853386467503384,0.0853386467503384
902,valve_position_sensor,2023-12-03 06:20:00+01:00,0.1689026501832337,0.1689026501832337
903,valve_position_sensor,2023-12-03 06:30:00+01:00,0.2493502538623727,0.2493502538623727
904,valve_position_sensor,2023-12-03 06:40:00+01:00,0.3245762046303843,0.3245762046303843
905,valve_position_sensor,2023-12-03 06:50:00+01:00,0.3928741789610405,0.3928741789610405
906,valve_position_sensor,2023-12-03 07:00:00+01:00,0.4532954350982034,0.4532954350982034
907,valve_position_sensor,2023-12-03 07:10:00+01:00,0.5064451513397219,0.5064451513397219
908,valve_position_sensor,2023-12-03 07:20:00+01:00,0.5530617482347713,0.5530617482347713
909,valve_position_sensor,2023-12-03 07:30:00+01:00,0.5934164977681918,0.5934164977681918
910,valve_position_sensor,2023-12-03 07:40:00+01:00,0.6275593342083482,0.6275593342083482
911,valve_position_sensor,2023-12-03 07:50:00+01:00,0.6553412670024329,0.6553412670024329
912,valve_position_sensor,2023-12-03 08:00:00+01:00,0.6769830936862713,0.6769830936862713
913,valve_position_sensor,2023-12-03 08:10:00+01:00,0.692874478169504,0.692874478169504
914,valve_position_sensor,2023-12-03 08:20:00+01:00,0.7039225630413095,0.7039225630413095
915,valve_position_sensor,2023-12-03 08:30:00+01:00,0.7121235208117225,0.7121235208117225
916,valve_position_sensor,2023-12-03 08:40:00+01:00,0.7195048799078382,0.7195048799078382
917,valve_position_sensor,2023-12-03 08:50:00+01:00,0.7269364548338781,0.7269364548338781
918,valve_position_sensor,2023-12-03 09:00:00+01:00,0.7347733913969652,0.7347733913969652
919,valve_position_sensor,2023-12-03 09:10:00+01:00,0.7420065346084569,0.7420065346084569
920,valve_position_sensor,2023-12-03 09:20:00+01:00,0.7468644698013613,0.7468644698013613
921,valve_position_sensor,2023-12-03 09:30:00+01:00,0.7473176461880949,0.7473176461880949
922,valve_position_sensor,2023-12-03 09:40:00+01:00,0.7428853365508711,0.7428853365508711
923,valve_position_sensor,2023-12-03 09:50:00+01:00,0.734516992774676,0.734516992774676
924,valve_position_sensor,2023-12-03 10:00:00+01:00,0.7255661968806336,0.7255661968806336
925,valve_position_sensor,2023-12-03 10:10:00+01:00,0.7183369877772804,0.7183369877772804
926,valve_position_sensor,2023-12-03 10:20:00+01:00,0.7134000491720967,0.7134000491720967
927,valve_position_sensor,2023-12-03 10:30:00+01:00,0.7108326299413699,0.7108326299413699
928,valve_position_sensor,2023-12-03 10:40:00+01:00,0.7102943565733202,0.7102943565733202
929,valve_position_sensor,2023-12-03 10:50:00+01:00,0.7103905508689936,0.7103905508689936
930,valve_position_sensor,2023-12-03 11:00:00+01:00,0.7094187333355558,0.7094187333355558
931,valve_position_sensor,2023-12-03 11:10:00+01:00,0.7070136687492743,0.7070136687492743
932,valve_position_sensor,2023-12-03 11:20:00+01:00,0.7036119982521829,0.7036119982521829
933,valve_position_sensor,2023-12-03 11:30:00+01:00,0.7006613775124438,0.7006613775124438
934,valve_position_sensor,2023-12-03 11:40:00+01:00,0.6987010134078204,0.6987010134078204
935,valve_position_sensor,2023-12-03 11:50:00+01:00,0.6974122237261123,0.6974122237261123
936,valve_position_sensor,2023-12-03 12:00:00+01:00,0.6962480557560142,0.6962480557560142
937,valve_position_sensor,2023-12-03 12:10:00+01:00,0.6946079342899051,0.6946079342899051
938,valve_position_sensor,2023-12-03 12:20:00+01:00,0.6925540347419542,0.6925540347419542
939,valve_position_sensor,2023-12-03 12:30:00+01:00,0.6901387150551704,0.6901387150551704
940,valve_position_sensor,2023-12-03 12:40:00+01:00,0.687615859851441,0.687615859851441
941,valve_position_sensor,2023-12-03 12:50:00+01:00,0.6849867610603213,0.6849867610603213
942,valve_position_sensor,2023-12-03 13:00:00+01:00,0.6823590283330584,0.6823590283330584
943,valve_position_sensor,2023-12-03 13:10:00+01:00,0.6798037797832297,0.6798037797832297
944,valve_position_sensor,2023-12-03 13:20:00+01:00,0.6776314249092439,0.6776314249092439
945,valve_position_sensor,2023-12-03 13:30:00+01:00,0.676086201983535,0.676086201983535
946,valve_position_sensor,2023-12-03 13:40:00+01:00,0.6750986614878869,0.6750986614878869
947,valve_position_sensor,2023-12-03 13:50:00+01:00,0.6739628648028915,0.6739628648028915
948,valve_position_sensor,2023-12-03 14:00:00+01:00,0.6717547357407121,0.6717547357407121
949,valve_position_sensor,2023-12-03 14:10:00+01:00,0.6688338364571046,0.6688338364571046
950,valve_position_sensor,2023-12-03 14:20:00+01:00,0.6658231920193425,0.6658231920193425
951,valve_position_sensor,2023-12-03 14:30:00+01:00,0.6633338047686826,0.6633338047686826
952,valve_position_sensor,2023-12-03 14:40:00+01:00,0.6616752635032662,0.6616752635032662
953,valve_position_sensor,2023-12-03 14:50:00+01:00,0.6606506717496742,0.6606506717496742
954,valve_position_sensor,2023-12-03 15:00:00+01:00,0.6592725090930939,0.6592725090930939
955,valve_position_sensor,2023-12-03 15:10:00+01:00,0.6571353879045831,0.6571353879045831
956,valve_position_sensor,2023-12-03 15:20:00+01:00,0.6546408434610267,0.6546408434610267
957,valve_position_sensor,2023-12-03 15:30:00+01:00,0.6524788469392082,0.6524788469392082
958,valve_position_sensor,2023-12-03 15:40:00+01:00,0.6512045928759735,0.6512045928759735
959,valve_position_sensor,2023-12-03 15:50:00+01:00,0.6510771342430448,0.6510771342430448
960,valve_position_sensor,2023-12-03 16:00:00+01:00,0.6518516070327789,0.6518516070327789
961,valve_position_sensor,2023-12-03 16:10:00+01:00,0.6524237693447943,0.6524237693447943
962,valve_position_sensor,2023-12-03 16:20:00+01:00,0.6522680007693628,0.6522680007693628
963,valve_position_sensor,2023-12-03 16:30:00+01:00,0.6518727506614658,0.6518727506614658
964,valve_position_sensor,2023-12-03 16:40:00+01:00,0.6516365905277521,0.6516365905277521
965,valve_position_sensor,2023-12-03 16:50:00+01:00,0.6518864960508889,0.6518864960508889
966,valve_position_sensor,2023-12-03 17:00:00+01:00,0.6525242334977291,0.6525242334977291
967,valve_position_sensor,2023-12-03 17:10:00+01:00,0.6534304968454393,0.6534304968454393
968,valve_position_sensor,2023-12-03 17:20:00+01:00,0.6543314425410229,0.6543314425410229
969,valve_position_sensor,2023-12-03 17:30:00+01:00,0.6544681414904596,0.6544681414904596
970,valve_position_sensor,2023-12-03 17:40:00+01:00,0.6539669087452739,0.6539669087452739
971,valve_position_sensor,2023-12-03 17:50:00+01:00,0.6534785654318596,0.6534785654318596
972,valve_position_sensor,2023-12-03 18:00:00+01:00,0.6533495433666117,0.6533495433666117
973,valve_position_sensor,2023-12-03 18:10:00+01:00,0.6535510065791846,0.6535510065791846
974,valve_position_sensor,2023-12-03 18:20:00+01:00,0.6520916498425522,0.6520916498425522
975,valve_position_sensor,2023-12-03 18:30:00+01:00,0.6472188675248878,0.6472188675248878
976,valve_position_sensor,2023-12-03 18:40:00+01:00,0.6384701020951837,0.6384701020951837
977,valve_position_sensor,2023-12-03 18:50:00+01:00,0.6273315588002232,0.6273315588002232
978,valve_position_sensor,2023-12-03 19:00:00+01:00,0.6162983288645797,0.6162983288645797
979,valve_position_sensor,2023-12-03 19:10:00+01:00,0.3432552398251625,0.3432552398251625
980,valve_position_sensor,2023-12-03 19:20:00+01:00,0.0777140592775784,0.0777140592775784
981,valve_position_sensor,2023-12-03 19:30:00+01:00,0.0,0.0
982,valve_position_sensor,2023-12-03 19:40:00+01:00,0.0,0.0
983,valve_position_sensor,2023-12-03 19:50:00+01:00,0.0,0.0
984,valve_position_sensor,2023-12-03 20:00:00+01:00,0.0,0.0
985,valve_position_sensor,2023-12-03 20:10:00+01:00,0.0,0.0
986,valve_position_sensor,2023-12-03 20:20:00+01:00,0.0,0.0
987,valve_position_sensor,2023-12-03 20:30:00+01:00,0.0,0.0
988,valve_position_sensor,2023-12-03 20:40:00+01:00,0.0,0.0
989,valve_position_sensor,2023-12-03 20:50:00+01:00,0.0,0.0
990,valve_position_sensor,2023-12-03 21:00:00+01:00,0.0,0.0
991,valve_position_sensor,2023-12-03 21:10:00+01:00,0.0,0.0
992,valve_position_sensor,2023-12-03 21:20:00+01:00,0.0,0.0
993,valve_position_sensor,2023-12-03 21:30:00+01:00,0.0,0.0
994,valve_position_sensor,2023-12-03 21:40:00+01:00,0.0,0.0
995,valve_position_sensor,2023-12-03 21:50:00+01:00,0.0,0.0
996,valve_position_sensor,2023-12-03 22:00:00+01:00,0.0,0.0
997,valve_position_sensor,2023-12-03 22:10:00+01:00,0.0,0.0
998,valve_position_sensor,2023-12-03 22:20:00+01:00,0.0,0.0
999,valve_position_sensor,2023-12-03 22:30:00+01:00,0.0,0.0
1000,valve_position_sensor,2023-12-03 22:40:00+01:00,0.0,0.0
1001,valve_position_sensor,2023-12-03 22:50:00+01:00,0.0,0.0
1002,valve_position_sensor,2023-12-03 23:00:00+01:00,0.0,0.0
1003,valve_position_sensor,2023-12-03 23:10:00+01:00,0.0,0.0
1004,valve_position_sensor,2023-12-03 23:20:00+01:00,0.0,0.0
1005,valve_position_sensor,2023-12-03 23:30:00+01:00,0.0,0.0
1006,valve_position_sensor,2023-12-03 23:40:00+01:00,0.0,0.0
1007,valve_position_sensor,2023-12-03 23:50:00+01:00,0.0,0.0
1008,valve_position_sensor,2023-12-04 00:00:00+01:00,0.0,0.0
1009,valve_position_sensor,2023-12-04 00:10:00+01:00,0.0,0.0
1010,valve_position_sensor,2023-12-04 00:20:00+01:00,0.0,0.0
1011,valve_position_sensor,2023-12-04 00:30:00+01:00,0.0,0.0
1012,valve_position_sensor,2023-12-04 00:40:00+01:00,0.0,0.0
1013,valve_position_sensor,2023-12-04 00:50:00+01:00,0.0,0.0
1014,valve_position_sensor,2023-12-04 01:00:00+01:00,0.0,0.0
1015,valve_position_sensor,2023-12-04 01:10:00+01:00,0.0,0.0
1016,valve_position_sensor,2023-12-04 01:20:00+01:00,0.0,0.0
1017,valve_position_sensor,2023-12-04 01:30:00+01:00,0.0,0.0
1018,valve_position_sensor,2023-12-04 01:40:00+01:00,0.0,0.0
1019,valve_position_sensor,2023-12-04 01:50:00+01:00,0.0,0.0
1020,valve_position_sensor,2023-12-04 02:00:00+01:00,0.0,0.0
1021,valve_position_sensor,2023-12-04 02:10:00+01:00,0.0,0.0
1022,valve_position_sensor,2023-12-04 02:20:00+01:00,0.0,0.0
1023,valve_position_sensor,2023-12-04 02:30:00+01:00,0.0,0.0
1024,valve_position_sensor,2023-12-04 02:40:00+01:00,0.0,0.0
1025,valve_position_sensor,2023-12-04 02:50:00+01:00,0.0,0.0
1026,valve_position_sensor,2023-12-04 03:00:00+01:00,0.0,0.0
1027,valve_position_sensor,2023-12-04 03:10:00+01:00,0.0,0.0
1028,valve_position_sensor,2023-12-04 03:20:00+01:00,0.0,0.0
1029,valve_position_sensor,2023-12-04 03:30:00+01:00,0.0,0.0
1030,valve_position_sensor,2023-12-04 03:40:00+01:00,0.0,0.0
1031,valve_position_sensor,2023-12-04 03:50:00+01:00,0.0,0.0
1032,valve_position_sensor,2023-12-04 04:00:00+01:00,0.0,0.0
1033,valve_position_sensor,2023-12-04 04:10:00+01:00,0.0,0.0
1034,valve_position_sensor,2023-12-04 04:20:00+01:00,0.0,0.0
1035,valve_position_sensor,2023-12-04 04:30:00+01:00,0.0,0.0
1036,valve_position_sensor,2023-12-04 04:40:00+01:00,0.0,0.0
1037,valve_position_sensor,2023-12-04 04:50:00+01:00,0.0,0.0
1038,valve_position_sensor,2023-12-04 05:00:00+01:00,0.0,0.0
1039,valve_position_sensor,2023-12-04 05:10:00+01:00,0.0,0.0
1040,valve_position_sensor,2023-12-04 05:20:00+01:00,0.0,0.0
1041,valve_position_sensor,2023-12-04 05:30:00+01:00,0.0,0.0
1042,valve_position_sensor,2023-12-04 05:40:00+01:00,0.0,0.0
1043,valve_position_sensor,2023-12-04 05:50:00+01:00,0.0,0.0
1044,valve_position_sensor,2023-12-04 06:00:00+01:00,0.0,0.0
1045,valve_position_sensor,2023-12-04 06:10:00+01:00,0.0629377456562663,0.0629377456562663
1046,valve_position_sensor,2023-12-04 06:20:00+01:00,0.1247780257433081,0.1247780257433081
1047,valve_position_sensor,2023-12-04 06:30:00+01:00,0.1847514446692063,0.1847514446692063
1048,valve_position_sensor,2023-12-04 06:40:00+01:00,0.2412780110597872,0.2412780110597872
1049,valve_position_sensor,2023-12-04 06:50:00+01:00,0.2929720803061771,0.2929720803061771
1050,valve_position_sensor,2023-12-04 07:00:00+01:00,0.3391109701370965,0.3391109701370965
1051,valve_position_sensor,2023-12-04 07:10:00+01:00,0.3800550426718196,0.3800550426718196
1052,valve_position_sensor,2023-12-04 07:20:00+01:00,0.4180192896937273,0.4180192896937273
1053,valve_position_sensor,2023-12-04 07:30:00+01:00,0.4537099529751565,0.4537099529751565
1054,valve_position_sensor,2023-12-04 07:40:00+01:00,0.4869646740185507,0.4869646740185507
1055,valve_position_sensor,2023-12-04 07:50:00+01:00,0.5180206588750763,0.5180206588750763
1056,valve_position_sensor,2023-12-04 08:00:00+01:00,0.5464105750692857,0.5464105750692857
1057,valve_position_sensor,2023-12-04 08:10:00+01:00,0.5709783069630859,0.5709783069630859
1058,valve_position_sensor,2023-12-04 08:20:00+01:00,0.5912366968493608,0.5912366968493608
1059,valve_position_sensor,2023-12-04 08:30:00+01:00,0.6072140235044376,0.6072140235044376
1060,valve_position_sensor,2023-12-04 08:40:00+01:00,0.6189171030416462,0.6189171030416462
1061,valve_position_sensor,2023-12-04 08:50:00+01:00,0.6261040972533007,0.6261040972533007
1062,valve_position_sensor,2023-12-04 09:00:00+01:00,0.6287545857830624,0.6287545857830624
1063,valve_position_sensor,2023-12-04 09:10:00+01:00,0.628111487915567,0.628111487915567
1064,valve_position_sensor,2023-12-04 09:20:00+01:00,0.6248099612168375,0.6248099612168375
1065,valve_position_sensor,2023-12-04 09:30:00+01:00,0.6195677694287831,0.6195677694287831
1066,valve_position_sensor,2023-12-04 09:40:00+01:00,0.6126839916014911,0.6126839916014911
1067,valve_position_sensor,2023-12-04 09:50:00+01:00,0.6036042711976327,0.6036042711976327
1068,valve_position_sensor,2023-12-04 10:00:00+01:00,0.591962848418577,0.591962848418577
1069,valve_position_sensor,2023-12-04 10:10:00+01:00,0.5790595242730484,0.5790595242730484
1070,valve_position_sensor,2023-12-04 10:20:00+01:00,0.5660845375798068,0.5660845375798068
1071,valve_position_sensor,2023-12-04 10:30:00+01:00,0.5540020487695353,0.5540020487695353
1072,valve_position_sensor,2023-12-04 10:40:00+01:00,0.5431802197284308,0.5431802197284308
1073,valve_position_sensor,2023-12-04 10:50:00+01:00,0.5335078309359607,0.5335078309359607
1074,valve_position_sensor,2023-12-04 11:00:00+01:00,0.5248743912574516,0.5248743912574516
1075,valve_position_sensor,2023-12-04 11:10:00+01:00,0.5171501867704854,0.5171501867704854
1076,valve_position_sensor,2023-12-04 11:20:00+01:00,0.5103118268968506,0.5103118268968506
1077,valve_position_sensor,2023-12-04 11:30:00+01:00,0.5041944522379231,0.5041944522379231
1078,valve_position_sensor,2023-12-04 11:40:00+01:00,0.4988552958621439,0.4988552958621439
1079,valve_position_sensor,2023-12-04 11:50:00+01:00,0.4938792635067344,0.4938792635067344
1080,valve_position_sensor,2023-12-04 12:00:00+01:00,0.4888275028175856,0.4888275028175856
1081,valve_position_sensor,2023-12-04 12:10:00+01:00,0.4832751743820282,0.4832751743820282
1082,valve_position_sensor,2023-12-04 12:20:00+01:00,0.4774114840625189,0.4774114840625189
1083,valve_position_sensor,2023-12-04 12:30:00+01:00,0.47173830849828,0.47173830849828
1084,valve_position_sensor,2023-12-04 12:40:00+01:00,0.4666781879438771,0.4666781879438771
1085,valve_position_sensor,2023-12-04 12:50:00+01:00,0.4627154580170841,0.4627154580170841
1086,valve_position_sensor,2023-12-04 13:00:00+01:00,0.4600467509824244,0.4600467509824244
1087,valve_position_sensor,2023-12-04 13:10:00+01:00,0.4587398768063426,0.4587398768063426
1088,valve_position_sensor,2023-12-04 13:20:00+01:00,0.4587150681124716,0.4587150681124716
1089,valve_position_sensor,2023-12-04 13:30:00+01:00,0.4598785419722032,0.4598785419722032
1090,valve_position_sensor,2023-12-04 13:40:00+01:00,0.4622454212055272,0.4622454212055272
1091,valve_position_sensor,2023-12-04 13:50:00+01:00,0.4656907387844745,0.4656907387844745
1092,valve_position_sensor,2023-12-04 14:00:00+01:00,0.4701648898036182,0.4701648898036182
1093,valve_position_sensor,2023-12-04 14:10:00+01:00,0.4755347749642336,0.4755347749642336
1094,valve_position_sensor,2023-12-04 14:20:00+01:00,0.4815679756160332,0.4815679756160332
1095,valve_position_sensor,2023-12-04 14:30:00+01:00,0.4879551602455296,0.4879551602455296
1096,valve_position_sensor,2023-12-04 14:40:00+01:00,0.4945453377237747,0.4945453377237747
1097,valve_position_sensor,2023-12-04 14:50:00+01:00,0.5014152280971061,0.5014152280971061
1098,valve_position_sensor,2023-12-04 15:00:00+01:00,0.508342309928268,0.508342309928268
1099,valve_position_sensor,2023-12-04 15:10:00+01:00,0.5153499331480498,0.5153499331480498
1100,valve_position_sensor,2023-12-04 15:20:00+01:00,0.5226224227259593,0.5226224227259593
1101,valve_position_sensor,2023-12-04 15:30:00+01:00,0.5301194804155529,0.5301194804155529
1102,valve_position_sensor,2023-12-04 15:40:00+01:00,0.5378075936700258,0.5378075936700258
1103,valve_position_sensor,2023-12-04 15:50:00+01:00,0.5456573592442522,0.5456573592442522
1104,valve_position_sensor,2023-12-04 16:00:00+01:00,0.553540901998396,0.553540901998396
1105,valve_position_sensor,2023-12-04 16:10:00+01:00,0.5610504042665763,0.5610504042665763
1106,valve_position_sensor,2023-12-04 16:20:00+01:00,0.5681253817073441,0.5681253817073441
1107,valve_position_sensor,2023-12-04 16:30:00+01:00,0.5748257639265086,0.5748257639265086
1108,valve_position_sensor,2023-12-04 16:40:00+01:00,0.581105179717094,0.581105179717094
1109,valve_position_sensor,2023-12-04 16:50:00+01:00,0.5869361139120073,0.5869361139120073
1110,valve_position_sensor,2023-12-04 17:00:00+01:00,0.592588323330251,0.592588323330251
1111,valve_position_sensor,2023-12-04 17:10:00+01:00,0.5981483069253429,0.5981483069253429
1112,valve_position_sensor,2023-12-04 17:20:00+01:00,0.6035074896554491,0.6035074896554491
1113,valve_position_sensor,2023-12-04 17:30:00+01:00,0.6085846233812084,0.6085846233812084
1114,valve_position_sensor,2023-12-04 17:40:00+01:00,0.6131401335787803,0.6131401335787803
1115,valve_position_sensor,2023-12-04 17:50:00+01:00,0.6166317276492089,0.6166317276492089
1116,valve_position_sensor,2023-12-04 18:00:00+01:00,0.61918419990813,0.61918419990813
1117,valve_position_sensor,2023-12-04 18:10:00+01:00,0.6211063032079787,0.6211063032079787
1118,valve_position_sensor,2023-12-04 18:20:00+01:00,0.622941813973482,0.622941813973482
1119,valve_position_sensor,2023-12-04 18:30:00+01:00,0.6246694175124499,0.6246694175124499
1120,valve_position_sensor,2023-12-04 18:40:00+01:00,0.6264592459140066,0.6264592459140066
1121,valve_position_sensor,2023-12-04 18:50:00+01:00,0.6282664271764594,0.6282664271764594
1122,valve_position_sensor,2023-12-04 19:00:00+01:00,0.6300559574219384,0.6300559574219384
1123,valve_position_sensor,2023-12-04 19:10:00+01:00,0.3682265485582743,0.3682265485582743
1124,valve_position_sensor,2023-12-04 19:20:00+01:00,0.1124725280222869,0.1124725280222869
1125,valve_position_sensor,2023-12-04 19:30:00+01:00,0.0,0.0
1126,valve_position_sensor,2023-12-04 19:40:00+01:00,0.0,0.0
1127,valve_position_sensor,2023-12-04 19:50:00+01:00,0.0,0.0
1128,valve_position_sensor,2023-12-04 20:00:00+01:00,0.0,0.0
1129,valve_position_sensor,2023-12-04 20:10:00+01:00,0.0,0.0
1130,valve_position_sensor,2023-12-04 20:20:00+01:00,0.0,0.0
1131,valve_position_sensor,2023-12-04 20:30:00+01:00,0.0,0.0
1132,valve_position_sensor,2023-12-04 20:40:00+01:00,0.0,0.0
1133,valve_position_sensor,2023-12-04 20:50:00+01:00,0.0,0.0
1134,valve_position_sensor,2023-12-04 21:00:00+01:00,0.0,0.0
1135,valve_position_sensor,2023-12-04 21:10:00+01:00,0.0,0.0
1136,valve_position_sensor,2023-12-04 21:20:00+01:00,0.0,0.0
1137,valve_position_sensor,2023-12-04 21:30:00+01:00,0.0,0.0
1138,valve_position_sensor,2023-12-04 21:40:00+01:00,0.0,0.0
1139,valve_position_sensor,2023-12-04 21:50:00+01:00,0.0,0.0
1140,valve_position_sensor,2023-12-04 22:00:00+01:00,0.0,0.0
1141,valve_position_sensor,2023-12-04 22:10:00+01:00,0.0,0.0
1142,valve_position_sensor,2023-12-04 22:20:00+01:00,0.0,0.0
1143,valve_position_sensor,2023-12-04 22:30:00+01:00,0.0,0.0
1144,valve_position_sensor,2023-12-04 22:40:00+01:00,0.0,0.0
1145,valve_position_sensor,2023-12-04 22:50:00+01:00,0.0,0.0
1146,valve_position_sensor,2023-12-04 23:00:00+01:00,0.0,0.0
1147,valve_position_sensor,2023-12-04 23:10:00+01:00,0.0,0.0
1148,valve_position_sensor,2023-12-04 23:20:00+01:00,0.0,0.0
1149,valve_position_sensor,2023-12-04 23:30:00+01:00,0.0,0.0
1150,valve_position_sensor,2023-12-04 23:40:00+01:00,0.0,0.0
1151,valve_position_sensor,2023-12-04 23:50:00+01:00,0.0,0.0
1152,valve_position_sensor,2023-12-05 00:00:00+01:00,0.0,0.0
1153,valve_position_sensor,2023-12-05 00:10:00+01:00,0.0,0.0
1154,valve_position_sensor,2023-12-05 00:20:00+01:00,0.0,0.0
1155,valve_position_sensor,2023-12-05 00:30:00+01:00,0.0,0.0
1156,valve_position_sensor,2023-12-05 00:40:00+01:00,0.0,0.0
1157,valve_position_sensor,2023-12-05 00:50:00+01:00,0.0,0.0
1158,valve_position_sensor,2023-12-05 01:00:00+01:00,0.0,0.0
1159,valve_position_sensor,2023-12-05 01:10:00+01:00,0.0,0.0
1160,valve_position_sensor,2023-12-05 01:20:00+01:00,0.0,0.0
1161,valve_position_sensor,2023-12-05 01:30:00+01:00,0.0,0.0
1162,valve_position_sensor,2023-12-05 01:40:00+01:00,0.0,0.0
1163,valve_position_sensor,2023-12-05 01:50:00+01:00,0.0,0.0
1164,valve_position_sensor,2023-12-05 02:00:00+01:00,0.0,0.0
1165,valve_position_sensor,2023-12-05 02:10:00+01:00,0.0,0.0
1166,valve_position_sensor,2023-12-05 02:20:00+01:00,0.0,0.0
1167,valve_position_sensor,2023-12-05 02:30:00+01:00,0.0,0.0
1168,valve_position_sensor,2023-12-05 02:40:00+01:00,0.0,0.0
1169,valve_position_sensor,2023-12-05 02:50:00+01:00,0.0,0.0
1170,valve_position_sensor,2023-12-05 03:00:00+01:00,0.0,0.0
1171,valve_position_sensor,2023-12-05 03:10:00+01:00,0.0,0.0
1172,valve_position_sensor,2023-12-05 03:20:00+01:00,0.0,0.0
1173,valve_position_sensor,2023-12-05 03:30:00+01:00,0.0,0.0
1174,valve_position_sensor,2023-12-05 03:40:00+01:00,0.0,0.0
1175,valve_position_sensor,2023-12-05 03:50:00+01:00,0.0,0.0
1176,valve_position_sensor,2023-12-05 04:00:00+01:00,0.0,0.0
1177,valve_position_sensor,2023-12-05 04:10:00+01:00,0.0,0.0
1178,valve_position_sensor,2023-12-05 04:20:00+01:00,0.0,0.0
1179,valve_position_sensor,2023-12-05 04:30:00+01:00,0.0,0.0
1180,valve_position_sensor,2023-12-05 04:40:00+01:00,0.0,0.0
1181,valve_position_sensor,2023-12-05 04:50:00+01:00,0.0,0.0
1182,valve_position_sensor,2023-12-05 05:00:00+01:00,0.0,0.0
1183,valve_position_sensor,2023-12-05 05:10:00+01:00,0.0,0.0
1184,valve_position_sensor,2023-12-05 05:20:00+01:00,0.0,0.0
1185,valve_position_sensor,2023-12-05 05:30:00+01:00,0.0,0.0
1186,valve_position_sensor,2023-12-05 05:40:00+01:00,0.0,0.0
1187,valve_position_sensor,2023-12-05 05:50:00+01:00,0.0,0.0
1188,valve_position_sensor,2023-12-05 06:00:00+01:00,0.0,0.0
1189,valve_position_sensor,2023-12-05 06:10:00+01:00,0.0783213444974126,0.0783213444974126
1190,valve_position_sensor,2023-12-05 06:20:00+01:00,0.154732986416817,0.154732986416817
1191,valve_position_sensor,2023-12-05 06:30:00+01:00,0.2282029370944483,0.2282029370944483
1192,valve_position_sensor,2023-12-05 06:40:00+01:00,0.2970631923064841,0.2970631923064841
1193,valve_position_sensor,2023-12-05 06:50:00+01:00,0.3604081433080614,0.3604081433080614
1194,valve_position_sensor,2023-12-05 07:00:00+01:00,0.4176868391935704,0.4176868391935704
1195,valve_position_sensor,2023-12-05 07:10:00+01:00,0.4688442252777167,0.4688442252777167
1196,valve_position_sensor,2023-12-05 07:20:00+01:00,0.5138358228417583,0.5138358228417583
1197,valve_position_sensor,2023-12-05 07:30:00+01:00,0.5530012373948339,0.5530012373948339
1198,valve_position_sensor,2023-12-05 07:40:00+01:00,0.5865919162191241,0.5865919162191241
1199,valve_position_sensor,2023-12-05 07:50:00+01:00,0.6147742209802579,0.6147742209802579
1200,valve_position_sensor,2023-12-05 08:00:00+01:00,0.6378852322254751,0.6378852322254751
1201,valve_position_sensor,2023-12-05 08:10:00+01:00,0.6562222854757387,0.6562222854757387
1202,valve_position_sensor,2023-12-05 08:20:00+01:00,0.6702044976803426,0.6702044976803426
1203,valve_position_sensor,2023-12-05 08:30:00+01:00,0.680260375417558,0.680260375417558
1204,valve_position_sensor,2023-12-05 08:40:00+01:00,0.6868156167800878,0.6868156167800878
1205,valve_position_sensor,2023-12-05 08:50:00+01:00,0.6906685393705183,0.6906685393705183
1206,valve_position_sensor,2023-12-05 09:00:00+01:00,0.6924126261035575,0.6924126261035575
1207,valve_position_sensor,2023-12-05 09:10:00+01:00,0.6923846260989427,0.6923846260989427
1208,valve_position_sensor,2023-12-05 09:20:00+01:00,0.6908868612119429,0.6908868612119429
1209,valve_position_sensor,2023-12-05 09:30:00+01:00,0.688200567875358,0.688200567875358
1210,valve_position_sensor,2023-12-05 09:40:00+01:00,0.6843882853881441,0.6843882853881441
1211,valve_position_sensor,2023-12-05 09:50:00+01:00,0.6795217228909207,0.6795217228909207
1212,valve_position_sensor,2023-12-05 10:00:00+01:00,0.6738564635375113,0.6738564635375113
1213,valve_position_sensor,2023-12-05 10:10:00+01:00,0.6673542907263152,0.6673542907263152
1214,valve_position_sensor,2023-12-05 10:20:00+01:00,0.6600926831968352,0.6600926831968352
1215,valve_position_sensor,2023-12-05 10:30:00+01:00,0.6520451861854173,0.6520451861854173
1216,valve_position_sensor,2023-12-05 10:40:00+01:00,0.6434936053561525,0.6434936053561525
1217,valve_position_sensor,2023-12-05 10:50:00+01:00,0.6342840851546587,0.6342840851546587
1218,valve_position_sensor,2023-12-05 11:00:00+01:00,0.6244155137574041,0.6244155137574041
1219,valve_position_sensor,2023-12-05 11:10:00+01:00,0.6139072994842285,0.6139072994842285
1220,valve_position_sensor,2023-12-05 11:20:00+01:00,0.6030008354295563,0.6030008354295563
1221,valve_position_sensor,2023-12-05 11:30:00+01:00,0.5919680692554338,0.5919680692554338
1222,valve_position_sensor,2023-12-05 11:40:00+01:00,0.5806739285716246,0.5806739285716246
1223,valve_position_sensor,2023-12-05 11:50:00+01:00,0.5690974137854317,0.5690974137854317
1224,valve_position_sensor,2023-12-05 12:00:00+01:00,0.5572233266238422,0.5572233266238422
1225,valve_position_sensor,2023-12-05 12:10:00+01:00,0.5448743604358358,0.5448743604358358
1226,valve_position_sensor,2023-12-05 12:20:00+01:00,0.5321156524683935,0.5321156524683935
1227,valve_position_sensor,2023-12-05 12:30:00+01:00,0.5191099594035494,0.5191099594035494
1228,valve_position_sensor,2023-12-05 12:40:00+01:00,0.5059952440607491,0.5059952440607491
1229,valve_position_sensor,2023-12-05 12:50:00+01:00,0.4929902762580395,0.4929902762580395
1230,valve_position_sensor,2023-12-05 13:00:00+01:00,0.4804669869166282,0.4804669869166282
1231,valve_position_sensor,2023-12-05 13:10:00+01:00,0.468753598889419,0.468753598889419
1232,valve_position_sensor,2023-12-05 13:20:00+01:00,0.4580997577601177,0.4580997577601177
1233,valve_position_sensor,2023-12-05 13:30:00+01:00,0.4485875364680861,0.4485875364680861
1234,valve_position_sensor,2023-12-05 13:40:00+01:00,0.4403660789091416,0.4403660789091416
1235,valve_position_sensor,2023-12-05 13:50:00+01:00,0.4334285405725406,0.4334285405725406
1236,valve_position_sensor,2023-12-05 14:00:00+01:00,0.4280280446193503,0.4280280446193503
1237,valve_position_sensor,2023-12-05 14:10:00+01:00,0.4242259085511354,0.4242259085511354
1238,valve_position_sensor,2023-12-05 14:20:00+01:00,0.4221426886218606,0.4221426886218606
1239,valve_position_sensor,2023-12-05 14:30:00+01:00,0.4217400441150962,0.4217400441150962
1240,valve_position_sensor,2023-12-05 14:40:00+01:00,0.4229544508874215,0.4229544508874215
1241,valve_position_sensor,2023-12-05 14:50:00+01:00,0.4257033830325847,0.4257033830325847
1242,valve_position_sensor,2023-12-05 15:00:00+01:00,0.4299905870698519,0.4299905870698519
1243,valve_position_sensor,2023-12-05 15:10:00+01:00,0.4355107636711504,0.4355107636711504
1244,valve_position_sensor,2023-12-05 15:20:00+01:00,0.4420717953792057,0.4420717953792057
1245,valve_position_sensor,2023-12-05 15:30:00+01:00,0.4496020592015768,0.4496020592015768
1246,valve_position_sensor,2023-12-05 15:40:00+01:00,0.4580956305175911,0.4580956305175911
1247,valve_position_sensor,2023-12-05 15:50:00+01:00,0.4674500765946821,0.4674500765946821
1248,valve_position_sensor,2023-12-05 16:00:00+01:00,0.4774636507855791,0.4774636507855791
1249,valve_position_sensor,2023-12-05 16:10:00+01:00,0.4879452669222579,0.4879452669222579
1250,valve_position_sensor,2023-12-05 16:20:00+01:00,0.4986295199481257,0.4986295199481257
1251,valve_position_sensor,2023-12-05 16:30:00+01:00,0.5091171641223173,0.5091171641223173
1252,valve_position_sensor,2023-12-05 16:40:00+01:00,0.5190889634199933,0.5190889634199933
1253,valve_position_sensor,2023-12-05 16:50:00+01:00,0.528578237396627,0.528578237396627
1254,valve_position_sensor,2023-12-05 17:00:00+01:00,0.5375170417373369,0.5375170417373369
1255,valve_position_sensor,2023-12-05 17:10:00+01:00,0.545812063798016,0.545812063798016
1256,valve_position_sensor,2023-12-05 17:20:00+01:00,0.5533952337569165,0.5533952337569165
1257,valve_position_sensor,2023-12-05 17:30:00+01:00,0.5602271879966904,0.5602271879966904
1258,valve_position_sensor,2023-12-05 17:40:00+01:00,0.566473261556206,0.566473261556206
1259,valve_position_sensor,2023-12-05 17:50:00+01:00,0.5720997878785388,0.5720997878785388
1260,valve_position_sensor,2023-12-05 18:00:00+01:00,0.5771979567806376,0.5771979567806376
1261,valve_position_sensor,2023-12-05 18:10:00+01:00,0.5819445589511891,0.5819445589511891
1262,valve_position_sensor,2023-12-05 18:20:00+01:00,0.5863154619294059,0.5863154619294059
1263,valve_position_sensor,2023-12-05 18:30:00+01:00,0.590300587810478,0.590300587810478
1264,valve_position_sensor,2023-12-05 18:40:00+01:00,0.5938992511114167,0.5938992511114167
1265,valve_position_sensor,2023-12-05 18:50:00+01:00,0.5969380352692701,0.5969380352692701
1266,valve_position_sensor,2023-12-05 19:00:00+01:00,0.5994683575025237,0.5994683575025237
1267,valve_position_sensor,2023-12-05 19:10:00+01:00,0.3379695211914425,0.3379695211914425
1268,valve_position_sensor,2023-12-05 19:20:00+01:00,0.0821294266985187,0.0821294266985187
1269,valve_position_sensor,2023-12-05 19:30:00+01:00,0.0,0.0
1270,valve_position_sensor,2023-12-05 19:40:00+01:00,0.0,0.0
1271,valve_position_sensor,2023-12-05 19:50:00+01:00,0.0,0.0
1272,valve_position_sensor,2023-12-05 20:00:00+01:00,0.0,0.0
1273,valve_position_sensor,2023-12-05 20:10:00+01:00,0.0,0.0
1274,valve_position_sensor,2023-12-05 20:20:00+01:00,0.0,0.0
1275,valve_position_sensor,2023-12-05 20:30:00+01:00,0.0,0.0
1276,valve_position_sensor,2023-12-05 20:40:00+01:00,0.0,0.0
1277,valve_position_sensor,2023-12-05 20:50:00+01:00,0.0,0.0
1278,valve_position_sensor,2023-12-05 21:00:00+01:00,0.0,0.0
1279,valve_position_sensor,2023-12-05 21:10:00+01:00,0.0,0.0
1280,valve_position_sensor,2023-12-05 21:20:00+01:00,0.0,0.0
1281,valve_position_sensor,2023-12-05 21:30:00+01:00,0.0,0.0
1282,valve_position_sensor,2023-12-05 21:40:00+01:00,0.0,0.0
1283,valve_position_sensor,2023-12-05 21:50:00+01:00,0.0,0.0
1284,valve_position_sensor,2023-12-05 22:00:00+01:00,0.0,0.0
1285,valve_position_sensor,2023-12-05 22:10:00+01:00,0.0,0.0
1286,valve_position_sensor,2023-12-05 22:20:00+01:00,0.0,0.0
1287,valve_position_sensor,2023-12-05 22:30:00+01:00,0.0,0.0
1288,valve_position_sensor,2023-12-05 22:40:00+01:00,0.0,0.0
1289,valve_position_sensor,2023-12-05 22:50:00+01:00,0.0,0.0
1290,valve_position_sensor,2023-12-05 23:00:00+01:00,0.0,0.0
1291,valve_position_sensor,2023-12-05 23:10:00+01:00,0.0,0.0
1292,valve_position_sensor,2023-12-05 23:20:00+01:00,0.0,0.0
1293,valve_position_sensor,2023-12-05 23:30:00+01:00,0.0,0.0
1294,valve_position_sensor,2023-12-05 23:40:00+01:00,0.0,0.0
1295,valve_position_sensor,2023-12-05 23:50:00+01:00,0.0,0.0
1296,valve_position_sensor,2023-12-06 00:00:00+01:00,0.0,0.0
1297,valve_position_sensor,2023-12-06 00:10:00+01:00,0.0,0.0
1298,valve_position_sensor,2023-12-06 00:20:00+01:00,0.0,0.0
1299,valve_position_sensor,2023-12-06 00:30:00+01:00,0.0,0.0
1300,valve_position_sensor,2023-12-06 00:40:00+01:00,0.0,0.0
1301,valve_position_sensor,2023-12-06 00:50:00+01:00,0.0,0.0
1302,valve_position_sensor,2023-12-06 01:00:00+01:00,0.0,0.0
1303,valve_position_sensor,2023-12-06 01:10:00+01:00,0.0,0.0
1304,valve_position_sensor,2023-12-06 01:20:00+01:00,0.0,0.0
1305,valve_position_sensor,2023-12-06 01:30:00+01:00,0.0,0.0
1306,valve_position_sensor,2023-12-06 01:40:00+01:00,0.0,0.0
1307,valve_position_sensor,2023-12-06 01:50:00+01:00,0.0,0.0
1308,valve_position_sensor,2023-12-06 02:00:00+01:00,0.0,0.0
1309,valve_position_sensor,2023-12-06 02:10:00+01:00,0.0,0.0
1310,valve_position_sensor,2023-12-06 02:20:00+01:00,0.0,0.0
1311,valve_position_sensor,2023-12-06 02:30:00+01:00,0.0,0.0
1312,valve_position_sensor,2023-12-06 02:40:00+01:00,0.0,0.0
1313,valve_position_sensor,2023-12-06 02:50:00+01:00,0.0,0.0
1314,valve_position_sensor,2023-12-06 03:00:00+01:00,0.0,0.0
1315,valve_position_sensor,2023-12-06 03:10:00+01:00,0.0,0.0
1316,valve_position_sensor,2023-12-06 03:20:00+01:00,0.0,0.0
1317,valve_position_sensor,2023-12-06 03:30:00+01:00,0.0,0.0
1318,valve_position_sensor,2023-12-06 03:40:00+01:00,0.0,0.0
1319,valve_position_sensor,2023-12-06 03:50:00+01:00,0.0,0.0
1320,valve_position_sensor,2023-12-06 04:00:00+01:00,0.0,0.0
1321,valve_position_sensor,2023-12-06 04:10:00+01:00,0.0,0.0
1322,valve_position_sensor,2023-12-06 04:20:00+01:00,0.0,0.0
1323,valve_position_sensor,2023-12-06 04:30:00+01:00,0.0,0.0
1324,valve_position_sensor,2023-12-06 04:40:00+01:00,0.0,0.0
1325,valve_position_sensor,2023-12-06 04:50:00+01:00,0.0,0.0
1326,valve_position_sensor,2023-12-06 05:00:00+01:00,0.0,0.0
1327,valve_position_sensor,2023-12-06 05:10:00+01:00,0.0,0.0
1328,valve_position_sensor,2023-12-06 05:20:00+01:00,0.0,0.0
1329,valve_position_sensor,2023-12-06 05:30:00+01:00,0.0,0.0
1330,valve_position_sensor,2023-12-06 05:40:00+01:00,0.0,0.0
1331,valve_position_sensor,2023-12-06 05:50:00+01:00,0.0,0.0
1332,valve_position_sensor,2023-12-06 06:00:00+01:00,0.0,0.0
1333,valve_position_sensor,2023-12-06 06:10:00+01:00,0.07593740189082,0.07593740189082
1334,valve_position_sensor,2023-12-06 06:20:00+01:00,0.1513933506811672,0.1513933506811672
1335,valve_position_sensor,2023-12-06 06:30:00+01:00,0.225094086493601,0.225094086493601
1336,valve_position_sensor,2023-12-06 06:40:00+01:00,0.294573328294167,0.294573328294167
1337,valve_position_sensor,2023-12-06 06:50:00+01:00,0.3579563917404321,0.3579563917404321
1338,valve_position_sensor,2023-12-06 07:00:00+01:00,0.4148128729675537,0.4148128729675537
1339,valve_position_sensor,2023-12-06 07:10:00+01:00,0.4657181982897507,0.4657181982897507
1340,valve_position_sensor,2023-12-06 07:20:00+01:00,0.5089433260943589,0.5089433260943589
1341,valve_position_sensor,2023-12-06 07:30:00+01:00,0.5431117608990207,0.5431117608990207
1342,valve_position_sensor,2023-12-06 07:40:00+01:00,0.5664026273358287,0.5664026273358287
1343,valve_position_sensor,2023-12-06 07:50:00+01:00,0.5827239182186573,0.5827239182186573
1344,valve_position_sensor,2023-12-06 08:00:00+01:00,0.5937487048349995,0.5937487048349995
1345,valve_position_sensor,2023-12-06 08:10:00+01:00,0.6011771040256659,0.6011771040256659
1346,valve_position_sensor,2023-12-06 08:20:00+01:00,0.6059307481657206,0.6059307481657206
1347,valve_position_sensor,2023-12-06 08:30:00+01:00,0.6086086879245655,0.6086086879245655
1348,valve_position_sensor,2023-12-06 08:40:00+01:00,0.6095351778585986,0.6095351778585986
1349,valve_position_sensor,2023-12-06 08:50:00+01:00,0.6091146593393462,0.6091146593393462
1350,valve_position_sensor,2023-12-06 09:00:00+01:00,0.607803572736221,0.607803572736221
1351,valve_position_sensor,2023-12-06 09:10:00+01:00,0.6060410720898336,0.6060410720898336
1352,valve_position_sensor,2023-12-06 09:20:00+01:00,0.6040128473863754,0.6040128473863754
1353,valve_position_sensor,2023-12-06 09:30:00+01:00,0.6018770166953213,0.6018770166953213
1354,valve_position_sensor,2023-12-06 09:40:00+01:00,0.5996610073872529,0.5996610073872529
1355,valve_position_sensor,2023-12-06 09:50:00+01:00,0.5973896764596872,0.5973896764596872
1356,valve_position_sensor,2023-12-06 10:00:00+01:00,0.5952644469714994,0.5952644469714994
1357,valve_position_sensor,2023-12-06 10:10:00+01:00,0.5932603748326968,0.5932603748326968
1358,valve_position_sensor,2023-12-06 10:20:00+01:00,0.591358034663943,0.591358034663943
1359,valve_position_sensor,2023-12-06 10:30:00+01:00,0.5893317930130957,0.5893317930130957
1360,valve_position_sensor,2023-12-06 10:40:00+01:00,0.5873119209717416,0.5873119209717416
1361,valve_position_sensor,2023-12-06 10:50:00+01:00,0.5851929241270416,0.5851929241270416
1362,valve_position_sensor,2023-12-06 11:00:00+01:00,0.5826349689744948,0.5826349689744948
1363,valve_position_sensor,2023-12-06 11:10:00+01:00,0.5796171082781791,0.5796171082781791
1364,valve_position_sensor,2023-12-06 11:20:00+01:00,0.57624744874448,0.57624744874448
1365,valve_position_sensor,2023-12-06 11:30:00+01:00,0.5727237363373263,0.5727237363373263
1366,valve_position_sensor,2023-12-06 11:40:00+01:00,0.569390652749128,0.569390652749128
1367,valve_position_sensor,2023-12-06 11:50:00+01:00,0.5661373212299665,0.5661373212299665
1368,valve_position_sensor,2023-12-06 12:00:00+01:00,0.5627687050570176,0.5627687050570176
1369,valve_position_sensor,2023-12-06 12:10:00+01:00,0.5591767192309854,0.5591767192309854
1370,valve_position_sensor,2023-12-06 12:20:00+01:00,0.5553654597540544,0.5553654597540544
1371,valve_position_sensor,2023-12-06 12:30:00+01:00,0.5513603701225533,0.5513603701225533
1372,valve_position_sensor,2023-12-06 12:40:00+01:00,0.5469843698427453,0.5469843698427453
1373,valve_position_sensor,2023-12-06 12:50:00+01:00,0.5425082018609487,0.5425082018609487
1374,valve_position_sensor,2023-12-06 13:00:00+01:00,0.5381490500519857,0.5381490500519857
1375,valve_position_sensor,2023-12-06 13:10:00+01:00,0.534080576629885,0.534080576629885
1376,valve_position_sensor,2023-12-06 13:20:00+01:00,0.5304406749472577,0.5304406749472577
1377,valve_position_sensor,2023-12-06 13:30:00+01:00,0.5274054697576798,0.5274054697576798
1378,valve_position_sensor,2023-12-06 13:40:00+01:00,0.5250446819784261,0.5250446819784261
1379,valve_position_sensor,2023-12-06 13:50:00+01:00,0.5232846344107696,0.5232846344107696
1380,valve_position_sensor,2023-12-06 14:00:00+01:00,0.5221580493911072,0.5221580493911072
1381,valve_position_sensor,2023-12-06 14:10:00+01:00,0.521392291869013,0.521392291869013
1382,valve_position_sensor,2023-12-06 14:20:00+01:00,0.5210643301691191,0.5210643301691191
1383,valve_position_sensor,2023-12-06 14:30:00+01:00,0.5211014852169499,0.5211014852169499
1384,valve_position_sensor,2023-12-06 14:40:00+01:00,0.5215420569104863,0.5215420569104863
1385,valve_position_sensor,2023-12-06 14:50:00+01:00,0.5223064954099191,0.5223064954099191
1386,valve_position_sensor,2023-12-06 15:00:00+01:00,0.5233255990707552,0.5233255990707552
1387,valve_position_sensor,2023-12-06 15:10:00+01:00,0.5246597807042255,0.5246597807042255
1388,valve_position_sensor,2023-12-06 15:20:00+01:00,0.5265325635551255,0.5265325635551255
1389,valve_position_sensor,2023-12-06 15:30:00+01:00,0.5289389566415796,0.5289389566415796
1390,valve_position_sensor,2023-12-06 15:40:00+01:00,0.5318616718425565,0.5318616718425565
1391,valve_position_sensor,2023-12-06 15:50:00+01:00,0.5351753550711265,0.5351753550711265
1392,valve_position_sensor,2023-12-06 16:00:00+01:00,0.5388730581216736,0.5388730581216736
1393,valve_position_sensor,2023-12-06 16:10:00+01:00,0.5429903034827307,0.5429903034827307
1394,valve_position_sensor,2023-12-06 16:20:00+01:00,0.5473676085712286,0.5473676085712286
1395,valve_position_sensor,2023-12-06 16:30:00+01:00,0.5518720501897684,0.5518720501897684
1396,valve_position_sensor,2023-12-06 16:40:00+01:00,0.5563930664743262,0.5563930664743262
1397,valve_position_sensor,2023-12-06 16:50:00+01:00,0.5608404797990212,0.5608404797990212
1398,valve_position_sensor,2023-12-06 17:00:00+01:00,0.5652445780669526,0.5652445780669526
1399,valve_position_sensor,2023-12-06 17:10:00+01:00,0.5695158712210979,0.5695158712210979
1400,valve_position_sensor,2023-12-06 17:20:00+01:00,0.5735838291009014,0.5735838291009014
1401,valve_position_sensor,2023-12-06 17:30:00+01:00,0.577395954876838,0.577395954876838
1402,valve_position_sensor,2023-12-06 17:40:00+01:00,0.5809155071575048,0.5809155071575048
1403,valve_position_sensor,2023-12-06 17:50:00+01:00,0.5841189577197874,0.5841189577197874
1404,valve_position_sensor,2023-12-06 18:00:00+01:00,0.5869942301737329,0.5869942301737329
1405,valve_position_sensor,2023-12-06 18:10:00+01:00,0.5896461475732797,0.5896461475732797
1406,valve_position_sensor,2023-12-06 18:20:00+01:00,0.5918836742497566,0.5918836742497566
1407,valve_position_sensor,2023-12-06 18:30:00+01:00,0.5935624677052054,0.5935624677052054
1408,valve_position_sensor,2023-12-06 18:40:00+01:00,0.5943951727416843,0.5943951727416843
1409,valve_position_sensor,2023-12-06 18:50:00+01:00,0.5948085428992127,0.5948085428992127
1410,valve_position_sensor,2023-12-06 19:00:00+01:00,0.5952295055481304,0.5952295055481304
1411,valve_position_sensor,2023-12-06 19:10:00+01:00,0.3322487577227003,0.3322487577227003
1412,valve_position_sensor,2023-12-06 19:20:00+01:00,0.0755711921876189,0.0755711921876189
1413,valve_position_sensor,2023-12-06 19:30:00+01:00,0.0,0.0
1414,valve_position_sensor,2023-12-06 19:40:00+01:00,0.0,0.0
1415,valve_position_sensor,2023-12-06 19:50:00+01:00,0.0,0.0
1416,valve_position_sensor,2023-12-06 20:00:00+01:00,0.0,0.0
1417,valve_position_sensor,2023-12-06 20:10:00+01:00,0.0,0.0
1418,valve_position_sensor,2023-12-06 20:20:00+01:00,0.0,0.0
1419,valve_position_sensor,2023-12-06 20:30:00+01:00,0.0,0.0
1420,valve_position_sensor,2023-12-06 20:40:00+01:00,0.0,0.0
1421,valve_position_sensor,2023-12-06 20:50:00+01:00,0.0,0.0
1422,valve_position_sensor,2023-12-06 21:00:00+01:00,0.0,0.0
1423,valve_position_sensor,2023-12-06 21:10:00+01:00,0.0,0.0
1424,valve_position_sensor,2023-12-06 21:20:00+01:00,0.0,0.0
1425,valve_position_sensor,2023-12-06 21:30:00+01:00,0.0,0.0
1426,valve_position_sensor,2023-12-06 21:40:00+01:00,0.0,0.0
1427,valve_position_sensor,2023-12-06 21:50:00+01:00,0.0,0.0
1428,valve_position_sensor,2023-12-06 22:00:00+01:00,0.0,0.0
1429,valve_position_sensor,2023-12-06 22:10:00+01:00,0.0,0.0
1430,valve_position_sensor,2023-12-06 22:20:00+01:00,0.0,0.0
1431,valve_position_sensor,2023-12-06 22:30:00+01:00,0.0,0.0
1432,valve_position_sensor,2023-12-06 22:40:00+01:00,0.0,0.0
1433,valve_position_sensor,2023-12-06 22:50:00+01:00,0.0,0.0
1434,valve_position_sensor,2023-12-06 23:00:00+01:00,0.0,0.0
1435,valve_position_sensor,2023-12-06 23:10:00+01:00,0.0,0.0
1436,valve_position_sensor,2023-12-06 23:20:00+01:00,0.0,0.0
1437,valve_position_sensor,2023-12-06 23:30:00+01:00,0.0,0.0
1438,valve_position_sensor,2023-12-06 23:40:00+01:00,0.0,0.0
1439,valve_position_sensor,2023-12-06 23:50:00+01:00,0.0,0.0
